D_setpoint,CAf_setpoint,T_setpoint,true_CB_final,true_CA_final,measured_D,measured_CAf,measured_T
0.21990945606680257,11.75075702731696,335.88182271395584,1.3228374073876266,3.362855142380749,0.190192;0.255442;0.212877;0.256922;0.235969;0.209364;0.161638;0.164494;0.232343;0.240847;0.221663;0.228238;0.244256;0.271527;0.253125;0.207162;0.222608;0.219039;0.244972;0.213353;0.238961;0.249995;0.127688;0.155228;0.186494;0.226050;0.229800;0.257401;0.258868;0.266054,11.723220;12.034103;12.544080;11.616875;11.978877;12.025426;11.857628;11.560718;11.966429;11.799567;11.498644;11.771098;11.734681;12.076331;11.693136;12.070882;11.759805;11.664701;11.819882;12.008497;12.260409;11.748946;11.665331;12.399291;12.141611;11.094761;11.992495;11.748307;12.028466;11.572810,336.973051;335.222564;338.779235;333.359813;336.271553;333.775556;337.077875;335.188439;334.576471;341.507011;339.065819;335.612023;337.925742;335.362894;334.997579;335.474118;333.676942;336.952907;338.954883;336.327781;335.821456;337.917623;334.209936;334.906095;334.195572;333.855526;333.597212;336.654098;336.062645;336.436219
1.180864714958966,10.642820474454467,332.5869476860266,1.2778212475604005,6.455947052562735,1.209091;1.188870;1.215343;1.191135;1.120669;1.174425;1.184199;1.143514;1.191930;1.229409;1.166561;1.170991;1.199510;1.201711;1.146512;1.159237;1.112422;1.139933;1.170917;1.125179;1.190434;1.086801;1.221890;1.129312;1.131080;1.212088;1.208423;1.156483;1.242370;1.140904,10.747435;10.726146;10.883925;10.531819;10.302708;11.039704;11.126519;10.838751;10.508685;10.884260;10.384220;10.847543;11.005127;11.695603;11.094469;10.115810;10.671429;10.299203;10.299117;10.486924;10.434537;10.748084;10.721558;10.844564;10.663205;10.556191;10.648807;10.408243;11.005209;10.653763,332.299883;333.858536;330.483022;333.807038;334.857195;327.373616;331.203697;334.347044;333.182922;335.822397;329.559607;335.128475;335.707961;328.703282;329.645361;335.138283;336.948929;328.900001;334.497867;333.884441;336.446011;334.679042;334.791639;332.005117;332.491611;334.424823;333.717831;334.467430;335.618611;333.656407
0.5690533900208364,9.611969449704628,361.98930539717753,0.7812214079149379,1.9377961057925965,0.581001;0.519661;0.534360;0.593923;0.577812;0.566477;0.562710;0.579296;0.591775;0.579137;0.551154;0.593634;0.484638;0.581814;0.625910;0.564262;0.512949;0.528357;0.597257;0.582686;0.562589;0.536853;0.568136;0.525080;0.555623;0.571250;0.509326;0.573192;0.570214;0.531724,9.754605;8.822662;9.520024;9.271294;9.375684;9.785930;9.515954;9.988826;9.669599;9.621414;9.092252;8.908397;9.564016;9.845703;9.261287;10.134527;9.967062;10.154614;9.904224;9.725927;9.924904;9.215261;9.713322;9.470477;9.118458;9.499433;9.901766;9.401665;9.994272;9.607238,363.309429;361.623349;362.977429;359.867102;362.439510;360.842146;361.298162;362.125537;359.074752;364.464286;361.668078;361.087464;357.246386;363.014067;362.921331;362.874523;361.187927;361.452295;358.110983;363.262956;364.634257;359.656504;363.529513;358.747569;358.537223;360.757912;361.614643;360.647237;363.487452;361.644796
1.2698992630600965,9.772761031253884,364.8323210807355,0.963775594367231,2.722485066771831,1.222904;1.325901;1.294750;1.312985;1.303013;1.283644;1.278566;1.315684;1.234160;1.267958;1.282059;1.272271;1.324504;1.261377;1.229647;1.245598;1.264455;1.195836;1.274601;1.282433;1.216290;1.223777;1.232232;1.298811;1.262128;1.263881;1.252478;1.204024;1.339932;1.386936,9.848565;9.840388;9.743136;10.283274;9.862251;9.949361;9.647614;10.286386;9.659109;9.733067;10.061604;9.065208;9.784342;10.354664;9.900914;9.760507;9.778624;9.404455;9.567503;9.943457;9.319086;10.015178;9.877476;10.195603;9.908958;9.211734;9.575637;9.970845;9.891141;10.096518,366.683341;363.839127;366.319700;364.749275;365.685295;363.128662;362.738549;367.511749;367.312648;369.750076;365.654181;364.198086;363.384443;360.392226;365.049343;365.280812;362.988762;366.523764;364.001444;364.606395;362.886581;365.607714;362.712823;364.723793;366.590055;366.152685;365.527796;366.455287;363.263991;371.138704
0.18656369425228364,11.801246918541933,362.4580909466795,0.2675607530400724,0.5757221976387976,0.122840;0.158440;0.236933;0.149335;0.188063;0.093478;0.187080;0.200973;0.192730;0.235227;0.189942;0.187574;0.200991;0.234999;0.153758;0.235976;0.213982;0.239493;0.190382;0.184298;0.197320;0.201474;0.193362;0.234599;0.151218;0.208396;0.227409;0.218040;0.168388;0.081537,11.929406;11.592607;11.885709;11.927525;12.007054;11.918845;11.504821;11.357137;11.894215;11.832003;11.663258;11.965586;11.599586;11.979046;11.634385;11.659378;12.119174;11.708125;12.323583;11.782221;11.896473;11.831944;11.972048;11.825736;11.903743;11.970378;12.069794;12.108407;11.681514;11.653231,359.127108;363.225853;362.709965;362.680386;362.887134;363.075140;366.465656;360.956275;362.382182;363.387911;361.594604;361.784838;363.517619;361.517376;364.508377;367.423013;360.469263;359.577942;361.962862;363.135881;362.354251;363.972523;362.047058;361.831406;361.745998;360.388298;361.414477;362.437539;361.696287;362.944387
0.38258127101628314,8.608167774642753,364.0676223310144,0.6221948738256172,1.4961500594179569,0.405827;0.354325;0.370394;0.329250;0.312841;0.313789;0.402965;0.396930;0.348819;0.389628;0.369748;0.305267;0.359306;0.390063;0.387370;0.384856;0.419410;0.400116;0.285602;0.384725;0.370371;0.338966;0.396847;0.370196;0.440977;0.351809;0.443206;0.436384;0.358092;0.430304,8.048914;8.410484;9.088233;8.732406;8.424062;8.588842;8.373096;8.979813;9.038312;8.942207;8.732327;9.342154;8.399772;8.570404;8.473750;8.945636;9.014655;8.670400;8.448450;8.520654;8.520294;8.343892;8.312069;8.671489;8.856327;8.087472;8.791640;8.689572;8.706201;9.100092,363.780454;364.949718;365.863526;364.191022;361.630725;363.896309;362.693289;364.836471;366.613593;368.592725;363.414248;363.632457;365.750175;365.035994;361.920665;363.973124;363.939525;365.762553;359.182488;364.400537;364.029581;362.167207;363.073723;365.155688;361.606044;365.110437;361.684524;363.069457;362.584637;364.597114
1.4600091621445344,9.499997869696134,348.0139278869551,1.2501438320751823,4.671272608604023,1.449477;1.467102;1.433429;1.367188;1.475260;1.501881;1.449299;1.397662;1.466823;1.458178;1.436809;1.364470;1.462713;1.460188;1.429282;1.411568;1.515690;1.492857;1.480420;1.428725;1.505177;1.511903;1.429251;1.467458;1.486272;1.477164;1.448674;1.409842;1.427712;1.467237,9.869563;9.574686;9.182829;9.616803;9.077114;9.838797;9.088816;10.231590;9.362096;9.090628;9.446336;9.234836;9.876172;9.097231;9.142025;9.831208;9.435220;9.806853;9.712817;9.358962;9.142974;9.331795;9.187406;9.414252;9.581629;9.383870;9.500785;9.236219;9.415471;9.838712,346.665801;352.304711;344.459884;346.309210;347.505319;347.566988;345.422007;347.843704;348.759470;350.191190;348.822203;344.722600;351.551002;347.921112;351.488372;343.126872;345.211123;343.065067;344.536999;348.673111;351.316547;347.410508;348.457148;350.209906;348.758447;345.117108;348.382519;347.089783;346.151279;350.667579
0.9579651324464877,9.499244902828327,364.10218669987444,0.9280351890764664,2.537650223117343,0.926145;1.004472;0.967786;0.936087;0.917420;0.985109;0.988283;1.031894;0.933451;0.963510;0.984308;0.943749;0.894935;1.026233;0.938254;0.968166;0.938991;0.959288;0.923755;0.937916;0.923555;0.965829;1.034679;0.994764;0.913240;0.896725;0.940833;0.881137;0.992641;0.977362,10.089336;9.316150;9.788985;9.421569;9.417300;9.705279;9.494202;9.307028;9.226746;9.193932;9.298819;9.146405;9.108132;9.112247;9.237301;9.362824;9.532192;9.608594;9.102545;9.699579;10.193388;9.684050;9.736416;9.642060;9.663129;9.822662;9.950683;10.038354;9.094284;9.340578,364.158096;364.996330;366.217967;367.890681;361.624382;362.381830;365.433371;369.050088;364.589551;369.641232;361.285739;364.195553;364.142631;363.449485;365.659082;366.469831;366.395673;363.113178;365.340250;364.026592;366.493594;361.856700;362.773070;367.173835;363.079094;370.310840;362.379443;361.202858;363.507835;365.374712
1.5095500059451352,8.339036971397803,356.21161542242595,1.076456320987581,3.6697607288122054,1.471844;1.541348;1.508979;1.504518;1.482598;1.527109;1.484701;1.563037;1.487032;1.454925;1.534630;1.473927;1.524898;1.498602;1.535119;1.541136;1.452531;1.525681;1.545852;1.457575;1.504477;1.493215;1.514018;1.535967;1.428919;1.487826;1.499926;1.540803;1.535842;1.446951,8.793004;7.848189;8.148332;8.108396;8.655205;8.238259;8.574894;8.334243;7.624399;8.709266;8.790258;8.536513;7.764778;8.743131;8.468714;8.377219;8.547524;7.917460;8.944831;8.542390;8.955375;8.621601;8.606562;8.622333;8.213645;8.188496;9.010033;8.105922;8.217572;8.320829,356.867043;356.682745;359.104869;357.757880;358.718922;355.846107;355.297054;350.832449;359.705277;357.516924;359.254331;358.708411;354.976616;354.884465;355.444564;356.648448;356.140498;354.571922;361.303118;354.498141;356.117249;359.427887;354.527772;358.611884;356.827572;357.305924;358.990826;355.238985;354.790437;354.979723
1.2804244201439383,10.008244191224929,349.52744761849476,1.2921607617234108,4.452942221302586,1.237293;1.269953;1.365659;1.259665;1.311266;1.277125;1.287930;1.257891;1.280321;1.212565;1.269573;1.255800;1.270235;1.295084;1.272171;1.281251;1.251236;1.298518;1.273072;1.313463;1.238402;1.326485;1.233291;1.286617;1.342359;1.275421;1.208183;1.183324;1.279227;1.306172,9.994694;10.136723;10.311589;10.468969;10.221325;10.015882;10.197528;9.804231;10.090604;9.709413;10.223482;9.604022;10.008689;10.302889;10.096178;10.053405;10.243144;9.917812;9.681559;9.571976;9.492695;10.124591;9.963465;10.182937;9.821862;9.577098;10.270897;9.635626;10.287152;10.486823,348.901964;351.117148;345.896735;347.504132;352.674376;347.458714;345.716871;344.087402;352.063691;348.329081;345.834255;352.535846;348.516602;347.051535;348.201232;353.668907;356.388189;346.711132;351.681369;351.881585;351.923056;344.969977;349.141207;347.839042;350.347409;350.400358;338.835412;352.752227;351.913160;351.362446
0.2710859773149035,11.91318119528902,356.6538817417768,0.9108059576109131,2.1552735794858258,0.230025;0.241661;0.277627;0.215560;0.281051;0.253204;0.285038;0.205601;0.223222;0.257875;0.216218;0.236304;0.292238;0.246092;0.289324;0.254656;0.223886;0.317866;0.194436;0.330339;0.276957;0.242998;0.238465;0.278243;0.298477;0.297232;0.214334;0.310285;0.241791;0.325080,11.732496;12.212623;12.093136;11.953985;12.110952;11.811912;12.074382;11.561269;11.713607;11.876267;12.093280;12.142048;12.098103;12.231862;11.721480;12.184068;11.151872;12.013108;11.982510;12.169151;12.554667;12.350348;11.756461;11.931470;11.961817;12.694348;12.272335;11.515337;11.810719;11.794336,355.946827;354.316426;357.894366;356.064294;358.792070;357.242944;358.992295;352.225265;356.882440;355.201757;354.504941;357.073839;350.525797;358.448996;355.345536;353.380564;359.668110;360.363936;356.916183;361.402606;355.475269;354.657889;354.622312;357.473093;358.465915;357.176542;355.694730;359.958305;352.759695;352.908449
1.0221887224523818,9.745022097152544,330.8049654005244,1.1666594680977986,5.654390455566471,1.010498;1.048059;1.003950;1.040613;1.059210;1.013196;1.090500;1.038157;1.019439;1.025967;1.037679;1.064447;1.056534;0.993282;0.985334;1.068244;1.040279;0.960934;1.015384;0.986239;1.043160;1.006741;1.010311;0.977193;1.046319;1.035732;1.027431;0.992960;0.982487;1.039978,9.294331;9.194243;9.572814;9.678179;9.473280;9.981883;9.230633;10.179855;9.789975;9.732856;9.325050;9.483791;9.870845;9.874445;9.225569;10.043749;10.029636;9.236039;10.017961;9.238917;9.551789;9.252065;9.704994;9.215448;9.620096;9.413244;9.446465;9.227189;9.957256;9.290944,331.709536;327.066427;329.263495;329.091297;333.321780;331.190294;332.085432;330.094808;331.200400;322.429950;335.627920;328.830625;332.588330;328.420098;334.378539;331.003712;327.653379;328.142061;331.784824;333.005032;329.716232;334.419716;331.794551;331.241287;335.683477;327.315366;330.820177;329.815219;333.163778;332.485386
0.8765650837762612,10.504031340038466,351.6629081166361,1.2376870211657631,3.6237367733767147,0.925824;0.890061;0.896368;0.869658;0.907541;0.840266;0.825879;0.821561;0.869877;0.893765;0.847829;0.967092;0.858652;0.857562;0.872131;0.850681;0.929818;0.891794;0.820453;0.893308;0.875794;0.852428;0.855142;0.836787;0.907905;0.821210;0.923430;0.838269;0.896065;0.918622,10.571674;10.673126;10.065625;10.654165;10.478746;10.890187;9.829653;11.036489;9.712650;9.858840;10.302227;10.912123;10.674113;10.162368;10.550514;10.608954;9.880438;10.815870;10.036262;10.860365;10.552148;10.146217;10.824845;10.383125;10.996423;10.854107;10.465354;10.670977;9.958204;10.651424,348.629057;350.049416;351.081006;350.018921;352.918159;354.735066;353.368012;346.280929;350.018796;352.310082;354.284507;351.168579;349.970124;353.759960;348.543937;348.587122;349.383597;347.468424;351.650591;356.873154;351.424773;356.199573;352.274259;350.061675;351.012634;357.846775;350.320593;349.946854;351.636462;354.642671
1.4638942842732061,11.906172815242977,335.56479415276465,1.387330170903355,6.631021721715131,1.501281;1.428304;1.502139;1.492155;1.490966;1.482648;1.438422;1.406879;1.483121;1.537483;1.510423;1.475373;1.481205;1.453746;1.482579;1.527670;1.478812;1.488018;1.443372;1.488844;1.446879;1.437448;1.469019;1.492216;1.436460;1.504359;1.476107;1.477860;1.380145;1.491413,12.050251;12.170472;11.671518;11.677570;12.380889;11.453316;12.350924;12.160730;12.428024;12.318229;11.962699;12.204138;12.199936;12.229235;11.694524;11.545487;11.560385;11.637282;11.465965;11.674510;11.827145;11.582579;11.902518;12.431598;11.869283;12.091844;11.999462;11.988128;11.705723;11.684250,336.996655;335.671148;338.010568;334.190182;331.503916;333.362838;338.822794;331.129808;338.405045;330.920575;335.092121;334.281754;335.388071;340.313162;331.152935;338.581209;336.288056;340.839286;334.633987;335.044700;332.902128;333.828357;337.682588;332.740901;335.002611;329.828021;338.220037;338.925235;337.186173;340.196470
0.6556715050252753,10.698207693928671,344.2939650344058,1.3316274848864227,3.9416853845628226,0.594031;0.610088;0.641428;0.599695;0.617699;0.587833;0.635568;0.688583;0.686872;0.626106;0.589538;0.651637;0.651753;0.677891;0.643299;0.642650;0.658238;0.673310;0.649364;0.571824;0.625361;0.713359;0.622497;0.661265;0.598513;0.683324;0.733412;0.665299;0.647916;0.668038,10.890916;10.988929;10.915779;10.214481;10.428911;10.580680;10.766248;10.326104;10.596672;10.754230;10.549013;10.485514;10.626875;11.183162;10.750483;10.004235;11.084089;10.329175;10.944583;10.282279;11.331275;11.079826;10.997795;10.768146;10.684849;10.941628;10.986356;10.737927;10.356067;10.825631,345.336126;342.406744;343.481314;344.818670;343.440197;347.311971;346.415697;342.256803;342.869043;342.377771;342.948516;346.538366;344.723475;345.947576;339.386405;345.976628;347.581332;345.005817;344.711670;343.046024;343.322386;344.528357;344.459063;345.110873;342.006239;344.494971;339.253916;342.454187;342.608112;345.010415
0.5843497754771815,11.680402301367542,342.39979630396687,1.4982196386743525,4.803265470293946,0.607794;0.511415;0.682857;0.605101;0.539710;0.529690;0.617599;0.589251;0.587885;0.638438;0.586680;0.534547;0.631720;0.584952;0.565572;0.603649;0.589092;0.564945;0.603929;0.560984;0.587118;0.596618;0.598094;0.546909;0.624842;0.553217;0.585439;0.593787;0.619423;0.648532,11.843228;11.756141;11.712132;11.520551;10.912144;11.906132;11.815972;11.768044;12.492372;12.055129;12.010162;11.182962;11.005291;11.918240;11.675234;11.373384;12.039429;11.477744;11.200443;11.722139;11.404927;11.871547;11.747394;11.348267;11.268261;11.404186;11.948729;11.494654;11.903155;11.902706,339.530711;344.769675;344.198959;340.531071;342.133275;345.990403;342.871870;343.787450;339.039178;338.448392;346.436071;341.228750;339.532779;340.911203;340.506199;344.458342;348.307521;347.023870;342.324937;342.467687;338.583797;346.737062;342.998061;340.819777;342.390338;345.384802;345.870539;339.860370;342.689686;340.101960
1.4765961571055468,11.19490812974636,340.1475965111833,1.331996305055277,6.233706010360566,1.508912;1.446211;1.456756;1.486157;1.446026;1.477284;1.416745;1.433865;1.521225;1.417087;1.534430;1.485036;1.508813;1.533697;1.533988;1.439806;1.431537;1.490710;1.401066;1.384361;1.533799;1.452618;1.479238;1.373065;1.499565;1.513670;1.466519;1.506993;1.463325;1.530238,10.793847;11.106645;11.004631;11.416951;10.800002;11.204248;11.345016;11.560655;11.233831;11.608066;11.628447;11.197890;11.473518;11.020751;11.424721;10.844667;11.143756;11.236836;11.534872;11.815838;11.275232;10.963055;11.504207;10.870630;11.271226;10.883702;11.301456;11.123820;10.940051;11.053631,338.569568;341.669296;342.507888;341.813743;339.085981;342.264849;339.870742;340.496335;342.938162;341.079962;336.586951;343.245937;343.041818;341.319952;340.071372;340.442384;340.338459;341.294497;342.448077;340.505558;337.878648;341.236672;341.842105;342.799521;337.548229;338.602810;339.620315;340.241021;338.607802;341.470337
0.7518599131437503,8.758719795382824,346.43916786744876,1.0729389690048905,3.064810713981545,0.770907;0.754303;0.760328;0.704355;0.762295;0.748545;0.744762;0.696764;0.801671;0.753112;0.815221;0.782855;0.751450;0.752007;0.753692;0.738889;0.755613;0.771068;0.757398;0.736263;0.758858;0.764190;0.782645;0.749499;0.713766;0.758270;0.747337;0.739850;0.797562;0.721345,8.927352;8.833738;8.659113;8.851500;8.990668;8.824971;8.910870;8.629044;8.358030;8.426817;8.347380;8.797321;9.209946;8.798271;8.870410;8.520098;9.127050;8.912693;8.762265;8.586292;8.753929;8.359299;9.041287;8.382671;8.537370;8.907284;8.613160;9.575047;9.097290;8.653454,347.771081;345.690785;350.805473;349.021046;345.716803;344.986298;346.526611;341.483892;344.962538;346.276591;347.326430;348.840623;346.129448;348.794263;343.760623;345.917331;343.809612;348.171994;346.593920;341.470129;343.521390;342.524866;345.067438;349.902298;347.974348;351.025263;343.830428;346.027364;345.101870;349.581919
1.0242904040972294,8.899043246922918,338.14827510116965,1.1784120150858195,5.151551593058919,1.044956;0.974234;1.037349;1.045363;1.071246;1.036400;1.028796;1.119308;0.995691;0.960153;1.077496;1.009816;0.996428;1.101269;1.045013;1.039981;0.935098;1.079179;1.044389;1.043058;0.996685;1.043362;1.074809;0.967586;1.046881;1.058182;1.007991;1.039347;1.065791;0.999915,9.110617;9.410052;8.916182;9.089441;8.871873;9.318387;8.705460;9.081405;8.464394;8.923903;9.058211;8.707892;8.931037;9.049282;9.009277;8.815723;8.980098;9.110426;8.598764;8.664275;8.480370;8.701191;8.915642;8.632997;9.247420;9.691494;8.701008;8.935960;9.262565;8.962911,339.352149;339.909086;340.716354;335.833968;339.866788;343.279477;339.651290;334.878250;339.295576;342.142630;337.656839;338.637704;340.320161;338.591307;339.793894;338.445991;337.069982;335.715075;336.805842;337.185359;339.877729;335.658025;340.116626;335.580384;342.545968;338.317622;339.409841;335.532743;337.787724;335.605251
0.6411357072740274,9.967445705670587,338.034935292589,1.3022337954579037,3.9446789004517075,0.670325;0.681280;0.704925;0.653587;0.638977;0.603031;0.658759;0.589513;0.685872;0.660032;0.612078;0.589783;0.674236;0.591986;0.608392;0.626781;0.720482;0.654691;0.666301;0.691316;0.673409;0.642921;0.580563;0.630684;0.636606;0.655621;0.617067;0.598049;0.581381;0.581210,9.913407;10.725237;9.949695;9.970579;10.224325;9.962800;9.972306;10.035861;9.880458;10.258000;10.228078;10.121742;9.908825;10.441385;10.060505;10.173657;9.900290;9.379238;9.597868;10.145744;10.392496;9.713962;10.654555;10.055094;9.489791;9.595234;9.784841;9.769435;10.317805;9.744820,336.215676;334.654049;334.207510;338.777432;340.218006;337.348818;342.019214;334.737859;342.296786;339.998486;333.092191;332.225045;332.952007;337.986391;340.346115;339.006703;336.638711;337.869633;336.719458;344.464683;337.759228;332.168578;335.880082;342.668135;345.255414;336.987609;337.185358;335.792343;337.272397;341.107263
0.6304568655051739,8.589327179589935,353.9419282719443,0.969146767627467,2.629479704018647,0.580022;0.629632;0.619067;0.610070;0.577764;0.655776;0.633676;0.520732;0.637787;0.644118;0.596358;0.521849;0.646059;0.700567;0.582049;0.626373;0.656549;0.642892;0.625675;0.683500;0.577214;0.628439;0.619771;0.591043;0.648454;0.603018;0.719379;0.595350;0.589617;0.606538,8.996847;8.693303;8.020482;8.790190;8.076818;8.142252;9.042962;8.185951;8.704297;8.561453;8.402129;8.059521;8.455182;8.966995;8.577300;8.512365;8.113198;8.416473;7.991550;8.442761;8.902632;8.551446;8.249950;8.418298;7.881440;8.679544;8.620788;8.753194;8.299521;8.295553,354.173216;348.871813;354.420956;352.406226;354.696438;353.961904;356.610940;356.097143;354.946960;356.040489;357.439420;354.560780;354.038388;356.113801;350.101885;352.222796;358.341553;352.048809;353.408247;352.148929;354.210734;355.738765;354.753990;353.115669;354.787412;354.965130;356.241337;350.369684;352.337219;350.806992
0.9430996386518472,10.876395521355379,364.18441065371707,1.082074181660433,2.962808842708645,0.963802;0.830839;0.902299;0.932692;0.983208;1.005946;0.978545;0.958438;0.924592;0.948429;0.921208;0.912886;0.975191;0.966690;0.959395;0.913140;0.946382;0.905723;0.943694;1.026837;0.966739;0.974777;0.916523;0.873223;0.978056;0.932358;0.986604;0.934694;0.974121;0.939470,10.825136;10.993210;10.601335;10.929892;10.617625;10.778258;11.110351;10.416531;10.485888;10.769928;11.079031;10.774402;10.846657;10.921051;11.020757;11.282560;10.797193;10.270051;10.514871;11.067132;10.694184;11.166114;10.951190;11.176018;11.062538;10.885262;10.667457;10.855468;10.969484;11.148462,366.902733;364.251893;361.940503;366.918134;367.936587;364.640688;365.332821;360.959568;367.254811;368.748884;359.598352;363.596946;363.509394;365.432493;361.462445;367.090065;365.762846;359.471195;367.365198;363.169160;365.732010;364.378769;366.297572;366.378443;364.614615;366.100194;365.847320;362.887388;365.612135;363.157874
1.518652882011554,9.938901655140675,356.8757596883453,1.1824735701733042,3.889278459937038,1.580069;1.515280;1.511885;1.535153;1.498267;1.502721;1.578936;1.507278;1.554546;1.508968;1.540303;1.502767;1.530804;1.511076;1.469099;1.545706;1.567465;1.608790;1.487108;1.530499;1.498135;1.473756;1.491636;1.433186;1.572615;1.577127;1.515748;1.478611;1.514277;1.493969,9.936464;10.339934;10.215232;9.730647;10.117579;9.713489;10.236665;10.131202;9.482874;9.001952;9.721415;9.848466;10.358889;9.855630;9.958467;10.477531;9.945867;9.827612;9.561563;9.885970;9.926045;9.942665;9.481278;9.587243;9.633770;9.811007;9.639578;9.777272;10.042600;9.925278,359.500332;355.673935;354.556584;358.786043;359.132633;356.361681;356.651314;354.259153;357.763335;352.896304;352.433011;361.997644;360.693564;356.260129;359.761468;356.310636;355.606092;356.363000;357.790745;360.112235;354.814130;356.296377;357.918216;356.372791;355.592667;356.527218;359.490926;353.979948;356.565860;358.259661
0.5026399154730267,9.985814700232352,358.97477783476063,0.847934665109301,2.098042076973936,0.460722;0.461614;0.500028;0.491686;0.543904;0.484373;0.478164;0.508215;0.423828;0.462801;0.479770;0.503581;0.461241;0.479150;0.490074;0.417397;0.616906;0.556698;0.572742;0.543313;0.501897;0.534684;0.489733;0.506788;0.414712;0.526940;0.521504;0.513257;0.511203;0.473061,10.072454;9.993069;9.982498;9.682300;10.001073;9.963111;10.117969;9.779081;10.185150;9.747807;9.742854;9.952815;9.976722;9.311260;9.754325;10.110193;9.716647;9.896420;10.268486;10.358535;10.134331;9.747795;10.161675;9.942601;10.028800;9.857660;9.537375;10.371558;9.715942;9.807260,357.050611;361.978764;357.625655;359.021641;357.939623;356.395833;359.849591;360.891730;363.302378;361.524799;362.612531;356.261345;357.482967;358.067720;358.941453;353.907447;359.000606;359.364587;364.082124;356.556533;357.309014;354.692868;356.849039;352.771945;361.833581;362.738719;359.694658;358.969717;357.541643;357.711237
1.2249364405845489,10.653099583524686,349.48832195000034,1.3723648301039024,4.76177303121256,1.252523;1.118742;1.267019;1.253397;1.270438;1.248913;1.232294;1.167702;1.234950;1.159989;1.260279;1.190853;1.250281;1.243021;1.253822;1.196135;1.220691;1.206740;1.217199;1.248711;1.276076;1.251779;1.153397;1.211865;1.196461;1.206190;1.173488;1.249216;1.184466;1.179121,10.740099;10.887258;10.599833;10.797461;11.011295;10.542127;10.788245;11.008193;10.565503;10.822704;10.475541;10.572140;10.876538;10.754529;10.745124;10.703005;10.912848;10.694012;10.358944;10.653530;10.479036;10.355182;10.818591;10.436835;10.238940;10.535168;10.918837;10.828559;10.699358;10.955031,350.493973;349.213181;343.933399;348.239449;352.843550;352.396685;347.645031;346.712381;351.035542;347.144181;345.965465;350.180375;352.970214;349.517462;351.652268;347.298396;353.395036;353.383103;346.490800;347.097571;349.001786;351.400165;348.747838;343.012016;348.468914;348.419873;351.180490;351.304046;348.329790;348.930314
0.5121217237931628,9.572081627117667,344.4046656506732,1.0866271495424518,2.8845346427052996,0.506059;0.539852;0.547845;0.494970;0.502726;0.439904;0.496970;0.498155;0.557268;0.485638;0.554135;0.565859;0.566910;0.514291;0.499131;0.594639;0.512562;0.505229;0.503772;0.532538;0.502334;0.564971;0.498074;0.517100;0.461990;0.543907;0.554723;0.562870;0.488941;0.532793,9.834836;9.341033;9.711487;10.136068;9.495859;9.224795;9.259636;9.986272;8.798749;9.540891;9.597629;9.745126;9.842439;9.796641;9.716620;9.394592;9.967025;9.519693;9.653132;9.143503;9.736883;9.696113;9.568104;10.036666;9.131438;9.912953;10.204668;9.617023;9.358040;9.664926,347.662113;338.394415;343.190575;346.906505;345.109551;344.032945;344.260242;343.890684;352.598737;344.205066;342.234841;346.590162;343.937114;344.588928;344.459661;343.515695;342.566594;344.606336;348.085558;343.755146;348.168105;342.589080;342.935930;343.178276;346.617224;344.214276;343.072170;345.081214;345.985078;349.577711
0.673840334007879,8.80321794545686,356.24778554450756,0.952660652616418,2.5336180635798256,0.666408;0.748869;0.638210;0.743479;0.728775;0.689025;0.671337;0.678011;0.650832;0.714306;0.717313;0.680924;0.696623;0.684425;0.602773;0.630078;0.687943;0.634215;0.654936;0.647906;0.661968;0.657741;0.679973;0.717998;0.620376;0.713474;0.704816;0.699646;0.718599;0.660859,8.871102;8.892596;8.736987;9.352773;8.828553;8.709519;8.823638;9.045761;8.782068;8.739570;8.396767;8.614105;8.760049;8.758816;8.203425;9.420943;8.582541;9.030023;9.208485;8.950878;9.339879;8.845984;8.788331;8.246434;9.008449;8.777873;9.009316;8.722791;8.970991;8.761050,355.502727;353.552915;359.888639;356.599274;355.256236;359.512772;359.566925;352.993334;356.873276;352.003324;350.748928;358.913792;353.432751;357.085577;358.913715;356.885513;357.468395;357.955283;352.159225;354.072511;357.780426;357.489546;354.635927;358.848396;358.043511;356.252588;350.882190;352.255182;355.209864;354.397845
0.2902065330441759,10.827357007962668,352.9506417815455,0.9129672596252867,2.1702177317495295,0.308882;0.278088;0.359805;0.277826;0.276162;0.315223;0.343550;0.314539;0.305205;0.294755;0.318402;0.303608;0.256077;0.324842;0.346877;0.272316;0.304692;0.335391;0.252403;0.332279;0.230765;0.294287;0.306534;0.259511;0.227941;0.307445;0.236775;0.262771;0.275642;0.300113,11.118848;10.798987;10.841884;11.168521;10.675930;10.849590;11.270041;10.971486;10.514006;10.703722;10.806325;11.311550;10.858038;10.746941;11.265478;10.600608;10.598246;10.679746;10.753327;11.222955;11.178434;10.998900;10.302933;10.552275;10.790226;10.755753;10.967345;10.685637;11.229228;11.083728,355.389149;357.049246;348.403409;351.634276;354.290038;355.426715;353.969441;350.138774;352.349696;348.876531;354.288808;352.739502;354.501646;353.080648;354.024136;349.178172;353.470801;352.930891;352.562072;351.255909;350.508178;352.378842;356.282269;355.159275;356.226664;354.074341;352.760677;351.824554;353.074867;350.210123
0.18339141165674683,8.7182891149689,360.4343873503545,0.498851524449868,1.1458123671916796,0.160839;0.092501;0.154901;0.231540;0.137789;0.201018;0.155757;0.168837;0.229513;0.193313;0.140210;0.157421;0.166887;0.182315;0.177837;0.231886;0.193942;0.206632;0.190667;0.155770;0.167134;0.200778;0.184361;0.197368;0.176559;0.173656;0.143828;0.190910;0.156699;0.232268,8.819733;8.953719;8.777446;8.806511;9.229494;8.678533;8.859081;8.814470;8.656225;8.350664;8.711460;8.889525;9.062400;9.006325;8.904078;9.269715;8.666480;9.277150;8.807855;8.382329;8.563451;8.651559;8.742394;8.505777;9.232211;8.911619;8.397239;8.641593;8.570015;9.025300,362.920442;361.821057;358.953813;363.249762;360.192269;355.490076;361.903013;358.982430;355.113011;363.108326;359.229218;362.478573;360.372365;359.879913;363.705483;359.878787;362.415441;363.716484;361.119690;361.410843;361.432693;362.826994;356.873110;359.262831;361.282210;360.402359;363.967632;362.606532;361.683057;359.371264
1.3109346449492352,11.190515846964155,330.25903425141365,1.177969161488372,7.403680442341281,1.239853;1.222858;1.332226;1.290036;1.363952;1.344380;1.361500;1.318920;1.330349;1.352270;1.357334;1.279353;1.315161;1.277693;1.313592;1.360355;1.324023;1.267046;1.281536;1.304631;1.332775;1.323912;1.251572;1.361212;1.322736;1.275321;1.271644;1.320338;1.306818;1.304316,11.345305;11.420953;11.072855;11.270963;10.902249;11.759783;11.631961;10.716687;10.920825;10.345162;10.964707;11.260033;11.093879;11.193939;10.903865;11.354486;11.507580;11.689562;11.312496;10.865232;11.121776;10.998228;11.162640;11.566180;10.885781;10.875199;11.561954;11.058963;11.511042;10.936582,332.155041;329.999341;329.565673;331.157986;330.508752;327.198781;327.452096;329.449850;327.979806;334.779136;325.665803;329.470025;330.768317;327.202009;328.638747;329.776708;327.545800;328.245159;331.713893;329.900551;330.010597;324.817394;334.501098;329.470802;333.158806;329.854840;329.448389;330.624806;327.188400;329.337266
1.513592307496,9.737865079085138,364.5811666877777,1.125321492103482,3.56404573538589,1.496698;1.493034;1.501073;1.439649;1.511802;1.497019;1.422987;1.592647;1.591535;1.459609;1.396101;1.544567;1.496362;1.494286;1.503860;1.532275;1.522145;1.505950;1.493094;1.505728;1.488244;1.487496;1.584790;1.504420;1.514825;1.434259;1.451824;1.511641;1.437064;1.602072,9.656839;9.618458;9.767516;9.595421;9.290598;9.455023;9.596201;9.034948;10.088143;9.396852;10.138158;10.232426;9.363864;9.250240;9.735184;9.951008;9.822183;9.267069;10.181902;10.239211;9.699344;9.471254;9.758988;9.824967;8.744857;9.629834;9.693561;9.711815;9.527603;9.783735,360.087958;363.444646;363.024513;365.282395;366.945044;364.479673;365.920627;366.396091;360.081765;366.686749;363.061693;365.512167;362.625133;367.091022;363.114048;366.139560;362.411680;360.638776;367.943749;366.136210;364.612571;362.706192;367.250923;364.573424;363.443096;367.730858;364.608939;362.922441;364.453047;363.429340
0.8024665285398812,8.914179391217422,330.8980318740031,1.1273748295301178,4.882294229185116,0.831756;0.780982;0.757441;0.767650;0.882945;0.786858;0.778002;0.868786;0.814269;0.776848;0.807060;0.806925;0.792433;0.710335;0.740054;0.770293;0.761910;0.741584;0.806196;0.804390;0.868001;0.787323;0.801597;0.797583;0.815898;0.902648;0.841061;0.833846;0.850572;0.813123,8.725117;9.335807;8.468901;9.592131;8.477963;9.666420;8.655484;9.204606;8.964714;9.384991;8.359866;9.643817;8.554732;8.537570;8.764798;8.765994;8.880549;8.803733;8.953995;9.111817;8.370352;8.680900;8.712139;8.945211;8.990366;8.441053;9.514619;9.015522;8.635043;8.550782,328.667114;330.566363;332.438440;331.228609;322.750748;334.367247;328.528667;330.974157;327.101729;331.883633;325.926538;331.170962;332.492692;330.941748;327.606091;333.358192;328.329309;326.951964;331.728915;329.911054;328.049516;336.236874;323.527612;328.085316;331.135463;332.380511;336.953811;333.890582;332.753132;331.274941
0.8675772632657371,11.584816496799773,350.86916218897125,1.288799740245422,3.7396634266341096,0.785738;0.887324;0.913960;0.873810;0.905525;0.887918;0.855733;0.941768;0.947294;0.845045;0.908709;0.852288;0.892954;0.871466;0.843158;0.875047;0.811171;0.864163;0.889409;0.884973;0.842074;0.869440;0.922685;0.935825;0.833079;0.847328;0.912184;0.827219;0.921959;0.826461,12.100900;11.686845;11.363183;10.793392;12.293126;11.529552;11.681635;11.678819;11.817387;11.667369;11.316205;11.506724;11.530911;11.899858;11.754748;11.717559;11.975434;11.284874;11.320049;10.620157;11.853170;12.086737;11.863169;11.336313;11.570705;11.922433;11.964525;11.463127;11.352293;11.333072,350.942711;354.550643;349.866146;351.581726;350.180497;350.755499;352.349681;348.553277;353.555816;354.778498;352.056864;346.322406;349.669486;349.476791;351.154221;346.234758;350.436966;349.825643;349.179057;351.174237;349.821088;349.879079;352.261243;348.055440;356.699111;346.858083;352.436704;357.616647;353.992811;353.012633
0.3739661966320641,11.505798998050778,346.3692549097201,1.2285370088230123,3.2441686890933457,0.412075;0.327471;0.351771;0.345211;0.341432;0.437880;0.438720;0.327235;0.407275;0.431783;0.329787;0.376092;0.415772;0.298176;0.406871;0.413290;0.367883;0.393567;0.338293;0.354664;0.401735;0.378346;0.363824;0.345461;0.314921;0.344639;0.409370;0.367630;0.334467;0.355762,11.562442;11.601414;11.830297;11.550984;11.788830;11.735797;12.245667;10.992028;11.528585;12.078071;11.476012;11.510001;11.630878;11.402252;11.476909;11.797248;11.166822;11.045893;11.626558;11.576119;11.483767;11.747210;11.419552;11.076009;11.884982;11.538720;11.137987;11.870266;11.065538;11.661337,345.395784;346.592134;346.415109;347.706540;344.261405;349.625053;346.814008;347.152717;343.431361;348.291535;344.655690;348.955956;345.344241;343.500125;351.719655;348.731272;348.643725;346.166869;341.038906;345.129903;342.955060;345.089352;341.727595;345.292175;346.303754;347.448083;344.807538;341.196257;350.271697;343.385891
0.6012468567375724,9.824500368786252,339.69105885971095,1.250340632250385,3.6297879270014906,0.643477;0.685997;0.654750;0.561857;0.576961;0.589658;0.574433;0.598915;0.651953;0.640031;0.571629;0.604123;0.634503;0.676921;0.662010;0.631632;0.619033;0.557526;0.626222;0.494128;0.613728;0.655579;0.682856;0.621721;0.549519;0.589095;0.586223;0.554720;0.558620;0.557872,9.340849;9.491318;9.639458;10.176743;9.641669;9.749912;9.736095;9.795101;9.797202;9.733226;9.713429;9.576706;9.580785;9.816853;10.049969;10.523652;9.649103;9.547005;9.402831;9.643148;9.523763;10.027334;9.919498;10.044679;9.715144;9.476598;10.172580;9.651335;9.414549;9.858642,342.047088;338.262538;340.409526;340.882560;341.364327;335.249364;340.714766;339.202072;341.696388;335.876374;338.927076;343.157975;337.073088;336.951491;341.642719;338.518017;337.086640;338.176586;340.582721;339.216858;335.195194;335.859801;343.086593;339.081613;342.526650;343.843749;335.112340;340.399122;341.668111;342.486417
0.6355864846030868,11.505613265649007,336.99829307638305,1.5306357042383756,4.989634702563742,0.678466;0.586454;0.605879;0.657183;0.601804;0.581336;0.668832;0.620539;0.708646;0.573606;0.626351;0.654824;0.624729;0.713487;0.616863;0.605893;0.623841;0.580221;0.623602;0.612218;0.620738;0.659980;0.658818;0.627424;0.667167;0.667230;0.680940;0.604643;0.612547;0.604028,11.695168;11.966804;11.715441;11.412193;11.072244;11.525999;11.623779;11.667011;12.074890;11.488702;11.005304;11.380942;11.771794;11.210835;11.380598;11.991057;11.895902;11.571593;11.602027;11.487094;11.371940;11.264793;11.277724;11.547138;11.572184;11.585308;11.600130;11.505272;11.643276;11.731712,341.247836;335.502510;341.445096;337.129296;335.069680;340.120489;332.047149;336.652508;334.172120;333.348860;336.990392;339.306513;335.601779;343.652913;335.326953;334.080340;340.059046;333.888630;340.159065;335.793497;335.583358;335.100449;340.849257;333.765511;336.134053;333.310451;338.354310;337.583957;336.472971;338.161971
0.8228030927987453,8.753924163932023,364.59142730475986,0.8146338327335644,2.144267457912651,0.896211;0.839399;0.951950;0.807232;0.761833;0.872634;0.856286;0.796759;0.838087;0.791822;0.862302;0.828394;0.796885;0.819054;0.819976;0.746881;0.808249;0.820551;0.795332;0.812019;0.844869;0.791551;0.817810;0.840902;0.841784;0.802280;0.823871;0.870919;0.806804;0.854992,8.645806;9.173391;9.298811;9.175405;8.774117;8.905508;8.226458;8.991206;9.164653;8.453235;8.939775;8.993803;8.536980;8.448654;8.213296;8.728616;8.369516;9.143842;8.955163;8.539473;9.091317;9.038006;9.015259;8.537251;8.594131;8.160403;8.974761;9.169727;8.680150;9.043683,363.280382;366.757102;367.698542;365.111255;367.788150;362.810064;366.502962;362.980780;367.752456;367.208787;365.223009;364.904605;367.343385;367.346296;365.107352;366.895476;363.886059;362.525313;362.155588;363.478782;363.586298;363.294190;365.486721;363.102177;364.604608;360.245610;365.449674;363.113793;360.925342;366.328842
0.3315406246586081,10.157280153689019,363.119270774573,0.6030635272654182,1.4168254888558562,0.290589;0.342236;0.285530;0.372040;0.382848;0.295111;0.304021;0.293392;0.319849;0.290746;0.332992;0.335790;0.232208;0.262978;0.294738;0.344006;0.319550;0.342410;0.391396;0.307073;0.354359;0.371162;0.371013;0.354050;0.335639;0.344927;0.343160;0.344526;0.378358;0.325960,9.984017;10.663795;10.674810;10.072137;9.835662;9.888602;10.104778;10.242635;10.222177;9.980861;9.969289;10.540596;10.909674;10.074491;10.431856;9.876889;10.185246;10.685044;9.904614;9.889828;10.450045;9.894428;10.637741;10.232936;10.545734;9.890653;10.386539;10.018837;9.720254;10.046319,363.799214;364.713035;365.530478;368.046989;357.697493;364.757171;364.743138;364.618272;364.411888;361.493455;363.361276;365.276943;358.960467;362.389242;364.921648;359.531823;358.087247;365.701647;363.854099;363.530642;365.998398;366.107317;366.219613;360.463325;363.600565;357.356043;362.524228;362.189319;364.501834;362.764277
1.022917698894101,11.019987978082813,335.8604412736215,1.3223388356404822,6.315277933826881,1.036834;1.065814;0.984103;1.026132;1.063035;1.039994;1.085109;0.990865;1.015932;1.076987;1.075790;1.046607;0.995990;1.062157;1.021540;0.984110;1.035818;0.975538;1.011760;0.986561;1.090809;1.073040;1.027410;1.021328;1.016370;1.037971;0.968782;1.100337;0.982915;1.080614,10.969841;11.382059;11.292661;10.630046;11.184623;11.165408;11.384833;10.969003;10.453393;11.035807;10.958312;10.632088;11.540164;11.058193;11.220068;10.588572;11.206600;10.835099;11.663556;11.141135;11.145992;11.023688;10.833939;11.323563;10.581946;11.172374;11.074826;11.424505;10.818427;10.843215,336.022609;337.022143;339.886345;341.378264;339.946415;331.186282;337.479725;336.081369;332.405433;337.413761;336.982584;335.650600;334.998689;336.091315;335.492435;337.994408;337.011297;339.836200;334.470617;333.287646;339.863253;335.385008;328.766316;340.091934;337.910364;333.240338;336.063379;331.771615;339.324361;335.131000
0.987029856768608,9.064814256409353,347.08367800151234,1.1688343866729358,3.8969397241475234,0.946662;0.994132;0.977268;1.050713;0.961597;1.031648;1.066126;1.009549;1.030242;0.937358;0.968004;1.018225;0.939460;1.038868;0.968104;0.958228;0.942320;0.965225;1.002378;0.902511;1.008452;1.063009;0.930579;1.065136;0.963478;0.980412;0.973949;1.084040;1.036498;0.999587,9.463257;9.001730;9.095269;9.097019;8.691301;8.941945;9.631666;8.603143;8.601754;9.320207;9.323195;8.959435;8.781957;9.264525;9.161175;9.450905;8.385051;9.092224;9.479126;9.439056;8.753760;9.513214;9.054855;8.505411;9.299754;9.020110;8.706750;9.117128;8.892622;8.893697,342.421297;347.213370;347.709706;345.625020;347.049214;342.945312;346.277422;350.844357;348.253354;351.017933;346.121236;349.406801;344.849799;352.213909;344.377524;345.549380;344.363336;346.867513;341.134739;349.298252;347.915030;345.657350;348.041976;351.933691;347.206084;349.510476;348.302480;351.065150;347.913918;346.774509
1.0176884707541582,10.48197131434229,364.47708856313443,0.9512218742322822,2.5806232138886838,1.009537;1.050784;0.971494;1.056115;1.040301;0.983336;1.049013;0.967258;0.962446;1.012985;1.023747;1.023243;1.062400;0.971803;1.111089;1.016741;1.078402;1.035820;0.948999;1.033755;0.988038;0.958232;0.945746;0.994517;0.969757;0.989374;1.037056;1.046518;0.998889;1.025161,10.547730;10.888225;10.674344;10.886862;10.558848;10.640388;10.283519;10.050263;10.374965;10.724071;10.728187;10.740818;10.631182;10.892437;10.643240;10.329151;10.505934;10.365490;11.045883;11.055762;11.000498;10.632293;10.312396;11.011026;11.377313;10.462451;10.384936;10.539526;10.209279;10.298880,364.839839;361.406286;364.247625;365.789340;361.874311;369.073451;365.946747;362.975456;363.996522;366.709315;364.776509;365.465923;363.822434;366.226895;367.925028;361.653129;366.928160;364.879151;365.159614;364.350844;365.673674;364.641071;365.978515;368.990340;363.826869;362.960637;364.194301;362.536894;367.143423;367.955523
0.7592652510126227,9.061402766896506,341.43414149220627,1.1956458146693765,3.78788218788667,0.711917;0.782468;0.775418;0.776741;0.740135;0.798159;0.741678;0.666801;0.748468;0.728052;0.835024;0.818567;0.723258;0.715085;0.771586;0.770508;0.748461;0.759853;0.812900;0.774383;0.726408;0.746499;0.762705;0.786870;0.770989;0.749606;0.866592;0.760472;0.781504;0.798876,8.906889;9.686198;9.347084;8.796535;9.365901;8.573928;8.633747;9.231441;8.234752;8.930554;8.595004;9.262249;9.303542;8.836949;9.114266;9.718266;9.274165;8.848651;9.472345;8.723621;8.734004;9.174513;8.895933;8.628732;9.290989;8.695592;9.025307;8.684870;9.115527;9.313547,346.844225;343.498688;338.741178;342.581624;339.938801;342.294566;344.233570;339.894593;340.210973;337.703889;340.213054;340.228182;340.674621;341.589003;340.953135;340.007681;338.705519;338.200673;340.960526;338.339397;338.643020;340.160693;339.240437;338.859382;339.104029;341.252347;335.944775;342.814311;342.542014;345.185756
0.4777241106825666,9.611143391286825,358.5101892361773,0.7380223566811557,1.7991889317262155,0.578658;0.407730;0.441262;0.522114;0.383226;0.468716;0.494417;0.438829;0.493071;0.434428;0.462578;0.367473;0.498142;0.471798;0.512121;0.543031;0.490176;0.513627;0.454949;0.504019;0.519989;0.472398;0.478590;0.510039;0.454409;0.471121;0.457956;0.492011;0.521741;0.469782,9.937336;8.855838;9.172354;8.727171;9.584694;9.864955;9.996945;9.504715;9.356968;10.074659;9.121721;9.671573;9.928544;9.815862;9.751558;9.664952;9.533032;9.284740;9.589666;9.603346;9.650522;9.663696;10.001266;9.744533;9.734875;9.466242;9.464295;9.704965;9.694299;9.706529,355.744081;355.353848;357.907692;357.479992;358.976790;356.840918;358.764213;360.348860;357.779453;356.499004;360.116046;359.413178;360.544238;354.698101;359.346170;358.812755;361.711383;356.239520;359.032868;361.778958;354.917749;356.568791;358.170428;360.039277;357.498546;359.630310;356.493858;358.695219;363.467023;362.255389
0.2993831855767414,10.12479572038498,334.31396771702964,1.2818451680956071,3.298676733722949,0.317802;0.298357;0.314095;0.298955;0.322602;0.283696;0.278784;0.276506;0.288849;0.273448;0.342399;0.317284;0.258805;0.331102;0.214938;0.333162;0.222283;0.272371;0.326564;0.344391;0.285109;0.284993;0.298202;0.332694;0.357469;0.305982;0.297348;0.280670;0.352093;0.312509,10.190906;10.201358;10.644099;10.196643;10.371225;10.261595;9.593905;10.496691;9.813943;10.320948;10.397948;10.050539;10.719256;10.762091;9.952572;10.162643;10.053173;10.620509;10.164562;10.192071;10.615123;10.275771;10.441964;9.868016;10.307599;10.028687;10.261582;10.142477;10.261605;9.805498,332.562141;335.266878;331.707049;334.643476;333.734272;333.045386;333.387995;337.330708;331.162034;334.409496;336.275512;335.507486;334.290360;331.079250;333.537357;330.538718;335.132164;333.461415;330.929858;331.628616;332.973102;334.807110;334.579597;332.141694;338.968073;333.336542;337.092170;331.364506;335.049312;334.409400
0.9772120950756632,8.229322775583576,334.3404979766104,1.0699249531624573,4.9070441592511145,0.993797;1.041011;0.942550;0.986425;0.915536;1.013697;0.967838;1.006548;0.971073;1.007374;0.972048;1.003080;0.980169;1.001738;0.998002;0.945344;1.026688;0.995266;1.000328;1.020713;0.993330;0.970791;0.888392;1.000480;0.970384;1.041967;0.979859;0.995994;0.988203;0.954310,8.566185;8.669366;8.069211;7.974900;8.285913;8.545981;8.301718;8.637418;7.912486;8.461487;7.870344;8.157195;7.764623;8.582616;8.022791;8.061353;8.042388;8.000808;8.123165;8.049991;8.101790;8.356091;8.398057;8.198970;8.345031;7.700456;8.268142;8.260746;7.941676;8.124395,333.168382;332.757361;328.400489;332.186987;338.408788;337.633683;336.592091;334.059573;335.307894;337.138452;332.588463;333.797530;332.940081;334.449237;339.063894;333.830527;335.217647;331.737402;335.291100;331.224569;333.342279;334.716133;336.645839;330.514729;327.864206;333.162475;335.233660;333.911614;329.548068;332.693712
1.3418836663530527,9.14560894710473,347.64016435878733,1.1998095420232069,4.5557150391504315,1.316086;1.356043;1.367635;1.294450;1.371925;1.342151;1.347858;1.354014;1.350107;1.345644;1.343377;1.339130;1.363750;1.314299;1.291369;1.305173;1.282237;1.279572;1.351165;1.329932;1.359127;1.380390;1.354456;1.342237;1.307631;1.372681;1.353468;1.310456;1.403229;1.351743,8.889455;8.954782;9.851265;9.084505;9.636166;9.489523;8.924799;9.242907;9.137191;8.917648;9.497395;9.851843;9.655289;8.856449;9.381095;9.161292;9.151534;9.076610;8.995721;9.214947;9.406708;9.021963;9.340965;9.057356;9.260463;8.863703;9.106166;9.698930;8.886899;9.189086,348.274404;348.897648;349.385137;346.794635;344.091467;347.745501;348.512096;347.442128;345.860945;346.075440;347.018514;351.055482;349.742071;345.356755;345.488960;348.705694;346.061876;348.286431;346.356224;349.730054;347.791879;346.658496;347.887622;347.891380;352.870062;346.732446;348.570904;346.522612;346.513911;347.535364
1.1487120995082845,11.529873023362915,350.97911590508375,1.3696097522356743,4.3531975816723305,1.131753;1.139451;1.115402;1.171244;1.212258;1.089774;1.174374;1.174117;1.137452;1.095924;1.157625;1.195475;1.176354;1.233250;1.146198;1.168281;1.149302;1.145798;1.106535;1.207369;1.168617;1.137965;1.229532;1.186355;1.119954;1.129180;1.129209;1.118923;1.190503;1.093091,11.742445;11.584543;11.816718;11.197437;10.736083;11.945843;11.243355;11.445249;11.834091;12.150964;11.381195;11.530729;11.935581;11.593261;11.767399;11.992739;10.998350;11.402988;11.455872;11.939598;11.638241;11.736420;11.265851;11.590613;11.243588;11.803302;11.319215;11.342493;11.520712;11.520259,349.810677;350.278865;350.857154;348.734454;348.392020;351.641247;353.296178;346.642551;351.855054;348.133004;351.039204;351.317194;351.033802;348.201423;350.353562;347.200055;350.825275;352.346696;352.139761;352.509489;349.704526;353.872391;350.772814;355.924187;350.196246;351.558348;350.131359;348.866338;350.227047;352.188419
0.9803628864610686,9.417791816395756,331.2602658869478,1.149408016523183,6.220050785481154,0.973119;0.953639;0.932505;1.053747;0.990597;1.032776;0.970633;1.016789;1.027588;1.018344;1.024302;1.052060;0.976241;0.937252;1.004017;0.938601;0.994564;0.989666;1.041800;0.959965;1.034815;1.007751;0.944028;0.867107;0.987844;0.982193;0.992661;0.921605;0.997474;1.012210,8.896423;9.798708;9.769534;9.597750;8.912898;9.607532;8.614566;9.097212;8.845816;8.999519;9.420807;9.535970;9.547686;9.627260;9.638860;9.525885;10.017856;9.864639;9.115919;9.127839;9.239761;9.742915;8.993198;9.694502;9.672309;9.469994;9.600172;9.395180;9.485100;9.715186,333.461741;334.008302;330.440591;333.352947;329.173414;329.151472;326.269275;328.154903;331.785317;334.622656;327.678732;332.712856;334.248051;332.381122;330.366411;331.706638;329.092956;328.980746;331.896670;330.745848;330.169105;329.700584;331.358721;330.440069;332.005028;332.627786;330.984181;329.055801;332.370620;328.423223
0.5639521618584212,10.276960873526777,350.20545966268645,1.161071327762847,3.1339383411118398,0.517689;0.663618;0.497067;0.517977;0.594153;0.662891;0.534339;0.612234;0.609437;0.542215;0.552583;0.498483;0.589925;0.547734;0.591127;0.587965;0.594990;0.640571;0.584168;0.575762;0.553142;0.523174;0.521675;0.543146;0.573919;0.630934;0.596667;0.612901;0.563333;0.606616,10.117234;10.071819;10.305455;9.752397;10.247835;10.101884;10.171668;10.248624;10.558412;10.462779;10.744284;10.209182;10.199825;10.100294;11.064531;10.491494;9.621430;9.878587;10.829137;10.270190;10.402857;9.795221;10.622710;9.915643;9.960279;10.095958;10.442370;10.642499;9.693743;10.605859,348.490351;348.547833;354.344325;347.673214;347.652057;347.384055;350.590448;349.772559;351.172466;346.940753;352.509983;349.670848;352.846684;349.554028;352.803330;346.864098;345.392578;344.661478;348.356338;350.355253;352.513826;350.113585;352.933827;352.662962;348.275941;353.638122;348.665518;350.714537;349.025466;351.453769
1.0335500935205015,10.62027081815509,362.68026757601837,1.0468267931323845,2.9328246608707182,1.040826;1.082172;1.060055;0.979687;1.010911;0.963348;1.003688;1.041469;1.094582;0.964763;1.093113;0.982097;1.008862;1.002189;1.004619;0.955353;1.062794;1.023578;0.990926;1.012853;1.075070;1.068946;0.966720;0.994813;0.999158;1.117413;1.072532;1.070351;1.091753;1.057358,10.730756;11.068543;10.798107;10.809131;10.585483;10.918075;10.893502;10.846704;10.614068;10.917729;10.729024;10.685925;10.574281;10.751361;10.929734;10.566901;10.146135;10.263274;10.906466;10.556498;10.797539;10.628562;11.042021;10.847717;10.795175;10.320588;10.639332;11.546690;11.174383;10.290630,359.236545;361.571940;363.405076;363.522902;365.600933;359.742644;359.454779;361.643447;365.796596;357.919417;360.271705;360.058010;359.302475;359.356957;366.244332;364.519733;365.755719;366.991844;366.407977;361.019564;363.922585;361.263228;359.991463;363.394543;363.683652;363.184970;365.519800;361.638679;362.816380;364.188155
0.24001359314138793,10.042726922032667,341.57209949423435,1.0030967726862499,2.437228779097539,0.254483;0.234070;0.205850;0.237855;0.263667;0.326949;0.266858;0.264734;0.263344;0.219979;0.247398;0.184722;0.296756;0.269084;0.272764;0.234224;0.198572;0.303639;0.257514;0.293317;0.275793;0.166016;0.287057;0.220925;0.263935;0.227507;0.230509;0.211993;0.254991;0.286994,10.740408;10.268887;9.936489;10.144594;9.750767;10.171113;10.210720;10.222324;9.900191;10.045934;10.509574;9.614744;9.300745;9.761212;10.258898;10.042098;9.633775;10.080435;9.924306;10.163235;9.699245;9.446039;10.234047;9.852105;10.023512;9.595663;9.935485;10.103319;9.952898;10.406639,343.588952;339.015837;341.573252;345.095271;346.780855;345.683449;343.060392;338.629659;347.936561;344.693036;342.699117;341.628110;341.887469;345.287921;345.124584;343.129703;345.807340;340.791365;341.436204;339.552963;343.695271;341.755983;341.131291;341.011908;343.559968;342.204004;343.472820;343.257464;345.080024;343.038251
0.7982573247459759,11.206879135419547,363.1591027486404,1.0135804925822423,2.7143945056209895,0.719861;0.790639;0.860875;0.773888;0.799325;0.814206;0.772165;0.816331;0.764884;0.756011;0.764811;0.751104;0.759634;0.855465;0.789096;0.844419;0.793381;0.793416;0.827845;0.764704;0.844531;0.864169;0.795386;0.805661;0.910353;0.766422;0.830922;0.827181;0.840939;0.882448,11.474799;11.501645;10.917674;11.758182;11.268815;11.158823;10.963857;10.915129;10.764000;11.610375;11.343733;11.620980;10.905687;10.981382;11.256154;11.216568;10.950919;11.540089;11.549564;11.559854;11.613217;11.650175;11.441897;11.338273;11.508812;11.378502;11.309282;11.070875;11.785148;10.757600,360.998519;365.632791;364.758980;365.765605;362.153994;364.056560;361.102505;365.855938;362.776770;366.206722;364.200411;362.103250;365.047027;361.997151;363.536145;359.782630;364.487395;362.154641;362.114042;364.580542;366.148900;366.979765;362.681814;360.691244;365.944441;363.517977;360.784381;367.323754;365.133183;363.977822
0.21073903425257556,8.724858926136875,346.57414865272534,0.7171577888583245,1.6701528344673295,0.229116;0.270344;0.213477;0.233558;0.139757;0.172959;0.252472;0.226527;0.162909;0.208274;0.129147;0.228267;0.270890;0.212504;0.224510;0.248845;0.167013;0.265611;0.215174;0.207358;0.232571;0.169077;0.232107;0.231505;0.281282;0.211556;0.256328;0.176017;0.148439;0.232968,8.107278;8.308010;8.616734;9.182630;9.474744;8.611815;8.476214;8.691540;8.506496;8.594797;8.550588;8.676008;8.519545;8.582046;8.835665;9.048160;7.621471;9.064220;8.220581;8.555463;8.836023;8.202853;8.470162;8.774091;9.352972;8.654123;8.300452;9.029534;8.519754;8.173996,347.410008;342.391183;347.774905;349.851887;347.363482;345.010542;346.269550;344.020722;347.506791;342.756637;344.776996;349.465349;351.756919;347.729349;344.558732;343.650065;346.094796;343.481590;348.726227;342.961931;343.310362;346.421593;347.264329;350.180371;348.561012;348.479322;347.670426;348.258593;343.382368;347.747891
1.4542277871385907,11.620863495727708,335.6905020146189,1.2216581196594032,7.12956275432827,1.428820;1.516556;1.486763;1.411673;1.514709;1.497909;1.453075;1.488986;1.495876;1.459764;1.429627;1.469382;1.435576;1.466227;1.499240;1.510116;1.445625;1.410933;1.452471;1.467626;1.507598;1.457604;1.408743;1.436129;1.448118;1.455577;1.482061;1.499787;1.457674;1.488544,11.833126;11.623313;12.033646;11.387359;11.453530;11.440611;11.516411;11.575056;11.559495;12.167577;11.596540;11.965220;12.009424;11.647015;11.144700;11.760827;11.567121;11.472937;12.199668;12.633685;11.459630;11.903803;11.977201;11.813884;10.882425;11.505817;11.803157;11.109624;11.570010;11.067592,334.230538;335.409471;335.366310;334.030164;332.186719;340.089524;335.168349;337.986341;339.390317;334.073034;334.610054;340.132263;335.752594;337.477416;340.156276;330.513770;336.691676;337.026685;331.411844;336.021265;336.714899;334.061067;330.942314;336.750192;335.820922;331.973896;337.320765;334.654308;334.494997;334.848860
0.8452674353184108,10.513955390521147,359.5906324081004,1.1070716854210718,3.0941180003123128,0.836450;0.827389;0.855942;0.839909;0.810557;0.808661;0.804566;0.788789;0.831704;0.866575;0.827159;0.897918;0.791156;0.838952;0.810270;0.856384;0.809081;0.802525;0.860548;0.828990;0.779205;0.905875;0.835987;0.838377;0.847064;0.832777;0.849993;0.864185;0.834000;0.877823,10.572743;10.664383;10.926864;10.119982;10.539611;10.543958;10.658312;10.417667;10.282113;10.877113;10.558131;10.640502;10.229403;10.977734;11.180492;10.735363;10.352466;10.529191;10.355937;10.625397;10.748395;10.214155;11.110362;10.182886;11.071843;10.937396;9.727305;10.558127;10.407711;10.199299,359.614214;358.874314;361.976345;362.395518;356.086044;358.055829;361.916245;358.045748;361.634612;360.403126;360.492217;360.156257;356.927299;358.678626;354.631179;354.043328;355.039572;355.734327;358.679382;361.539485;358.589262;357.049662;356.861097;357.416926;359.122144;357.997796;357.615349;361.165926;360.582349;358.025133
0.7321594398932826,8.321075062772927,341.7001593825864,1.0674937452749744,3.236278717266011,0.698715;0.739054;0.709622;0.751390;0.737024;0.821426;0.756103;0.797150;0.732867;0.777525;0.704925;0.718935;0.653466;0.715692;0.730910;0.707473;0.752651;0.687170;0.721611;0.791305;0.691249;0.776348;0.788825;0.800219;0.758166;0.734810;0.737902;0.774783;0.693690;0.740444,8.526287;8.514597;8.365119;8.827927;8.219186;7.804466;8.298036;7.859144;8.357279;8.615348;8.201156;8.079348;8.234493;8.405439;8.256974;8.213035;8.224867;8.577259;9.049419;9.199603;8.329283;8.482014;8.346166;8.152740;8.402118;8.335914;8.087117;8.721111;8.294722;7.994303,345.102990;345.612944;345.833548;337.649006;340.304000;343.314790;341.957943;338.688242;343.887388;341.511980;340.363487;341.995448;342.022964;339.995175;340.842825;339.751872;343.551513;336.041930;343.054428;344.501307;341.590977;344.018539;344.932710;339.448903;343.272482;341.591601;339.619393;339.729068;338.534391;345.964903
0.5275663989434103,10.804113128999617,351.2006874801684,1.0211109122491142,2.587445426856181,0.489916;0.540750;0.610312;0.528004;0.598158;0.463856;0.482042;0.576008;0.508581;0.508246;0.542367;0.544865;0.522839;0.554490;0.480774;0.524816;0.532329;0.516283;0.563630;0.481279;0.524266;0.533442;0.613734;0.529480;0.533050;0.497703;0.523145;0.492114;0.513917;0.526468,11.667197;10.722951;11.509782;10.729113;10.433402;10.472156;10.907290;10.308140;10.455484;10.525691;11.137638;11.241289;10.471279;11.331733;10.714610;10.441638;10.818478;10.777552;10.904343;10.588799;11.384489;10.789665;10.616547;10.730703;10.852692;10.544289;10.213867;10.269922;10.944946;10.722109,348.537620;351.049586;347.927418;351.098274;351.364680;355.307939;356.493577;351.016278;351.836522;346.820370;351.127827;348.752023;351.587010;348.064836;347.892810;346.141270;351.311828;351.948112;350.777901;351.392510;353.004134;351.126859;350.193494;351.462737;349.274122;350.194275;349.211777;353.017289;350.166077;354.753095
0.46217608079836847,9.434898963540455,337.74331088279473,1.2944021972498494,4.067309690139558,0.413071;0.506835;0.461577;0.487906;0.408686;0.523404;0.416217;0.515649;0.514233;0.396540;0.440354;0.453456;0.461553;0.402350;0.425041;0.501811;0.507745;0.427633;0.535439;0.426442;0.473883;0.444953;0.410510;0.448797;0.436440;0.416767;0.483183;0.498936;0.464035;0.441551,9.551512;9.313179;8.864921;9.461739;9.632336;8.865173;9.583708;8.909917;9.802057;8.842527;9.567542;9.292137;9.652547;9.066131;9.592373;9.110855;9.217872;8.995148;9.418023;9.559444;9.119291;9.602330;9.747296;9.641462;9.560331;9.305967;9.886991;9.538597;9.539908;9.514021,336.387885;339.277113;338.605244;341.710053;332.342103;341.608250;333.548480;333.293488;338.997888;337.701972;343.130480;335.755549;338.177287;337.318675;339.512157;334.708462;338.814494;337.778921;338.735764;332.735171;341.672948;337.286596;336.385510;335.796744;340.068955;337.325212;343.906092;333.813736;337.283850;332.883860
1.1946972122745663,9.019538200265321,346.4039748113554,1.1212405327999067,3.875053319213133,1.208929;1.162459;1.201023;1.209401;1.250108;1.209408;1.176667;1.146421;1.175859;1.200506;1.171174;1.092111;1.183767;1.174031;1.112506;1.185717;1.170082;1.223822;1.182211;1.225720;1.251046;1.266013;1.191298;1.086067;1.271357;1.294802;1.164061;1.164011;1.196538;1.099961,9.271179;9.533955;8.916155;9.519832;9.145212;8.205382;9.076293;9.245361;9.008595;8.764914;8.412864;9.535105;8.761522;9.576483;8.865691;9.064317;9.500570;9.571426;8.983337;8.839307;8.920871;8.873136;9.636251;9.172887;9.127709;8.690361;9.360004;9.506149;9.229255;8.457837,346.390534;348.116376;341.377780;345.063665;341.465833;350.543303;345.882158;344.661538;349.027232;348.056163;353.598317;345.326191;347.410133;350.032584;348.986743;349.052052;346.480661;347.818822;349.871949;347.174641;352.409028;343.121728;347.054112;344.030145;346.261798;346.814997;348.178848;347.426664;346.994604;347.374468
0.9328806180633876,10.25856850044385,341.33020322940894,1.3084567159537643,4.892960459052642,0.948361;0.899610;0.982624;0.976218;0.920366;0.923506;0.891404;0.910536;0.995711;0.904315;0.916504;0.961359;0.875084;0.950504;0.810727;0.938174;0.915845;0.980313;0.956565;0.968477;0.938227;0.909131;0.926757;0.887424;0.920601;0.901752;0.967654;0.985185;0.968477;0.959057,10.401284;10.181456;10.393409;10.585255;10.645692;10.232697;10.969255;10.443259;10.575030;10.352294;10.426293;10.319290;9.944035;10.748819;10.314423;9.932218;9.533390;9.976610;9.780745;10.317317;10.282850;10.152070;10.813996;10.673764;10.378659;10.371570;10.377719;10.648971;10.449353;9.941070,346.284843;341.928173;339.278766;341.924434;341.718880;344.299720;340.552473;339.169864;342.084836;337.315910;342.472791;343.784760;339.090196;337.202270;339.466527;340.465515;338.677409;341.509709;335.079970;339.072001;342.164899;341.880733;342.206249;342.515366;336.796068;341.338714;342.636389;341.553256;344.198759;341.132183
1.1396812638195584,9.185017744705291,335.3137234228125,1.0235337576265002,6.23270630748046,1.110509;1.118465;1.075861;1.160725;1.114711;1.216243;1.143679;1.133830;1.152749;1.189610;1.113604;1.179119;1.110878;1.203772;1.215881;1.238194;1.097006;1.146081;1.092925;1.159593;1.133277;1.171529;1.119149;1.126693;1.123063;1.202071;1.178469;1.158462;1.118020;1.068459,9.236137;9.097759;9.434481;9.180777;8.884057;9.012943;8.895116;9.543878;8.945148;8.982211;9.217097;9.099570;9.075987;9.112760;9.991904;9.602335;9.359081;10.146773;9.254826;9.122358;9.051677;9.370435;9.192948;9.052754;9.346705;8.598609;8.756346;8.842059;9.099023;9.138670,336.421774;337.287101;336.802805;336.352729;332.006955;335.909265;330.319093;333.112100;336.178403;337.428869;336.675423;334.209497;333.746820;334.752920;331.522417;336.160780;336.495774;337.792073;336.836547;332.119373;332.187131;333.122446;339.274536;335.379696;333.451291;334.615864;337.055713;337.103032;336.485807;327.095066
0.5300487548524908,11.09252770270739,350.97332106172775,1.1064837282850168,2.8299888413950356,0.438884;0.464715;0.512238;0.508091;0.489081;0.571219;0.550764;0.451133;0.534819;0.539869;0.553293;0.517289;0.445145;0.617745;0.552229;0.549713;0.556804;0.466185;0.512442;0.509992;0.583113;0.551213;0.583111;0.525371;0.537414;0.536849;0.495842;0.501290;0.540769;0.533822,11.307711;11.006510;10.426761;11.201473;11.320037;10.872947;11.452939;11.334767;11.115106;10.901151;10.720795;10.790458;11.479504;11.262649;11.284727;11.135409;11.184841;11.213768;10.876256;10.785898;10.273016;10.752389;11.229417;11.043413;11.063590;11.649109;11.211416;11.199630;11.043881;11.032144,349.078726;350.665194;354.362288;346.127240;353.191555;354.549859;355.524134;351.281329;350.384455;351.403257;354.578781;352.674824;356.215098;351.768216;352.191426;348.491235;350.398607;347.803264;356.341269;348.600009;346.182914;350.241731;353.132921;348.564500;352.178826;349.396866;346.474564;348.150999;346.799832;352.539160
1.259040713075524,9.423523855022651,363.05988592657724,1.03692312592642,3.0818578761623496,1.293274;1.197482;1.345185;1.243113;1.307040;1.305126;1.214056;1.259062;1.250714;1.278223;1.267667;1.214974;1.245776;1.309622;1.304454;1.293665;1.227458;1.288035;1.172309;1.222312;1.363961;1.241492;1.206876;1.292246;1.228726;1.287298;1.287122;1.324512;1.304077;1.314546,10.006535;9.177607;8.844662;9.562194;9.743306;9.544937;9.326636;9.688155;9.045229;9.186531;9.416726;9.303121;8.502922;8.955449;9.394509;9.362362;9.329075;9.338200;9.608029;9.456197;9.188858;9.879413;9.709797;9.074853;9.517670;9.027984;9.538736;9.478564;9.755436;9.313015,365.433306;364.477181;366.575903;361.700603;360.385391;365.317142;363.028892;360.731408;362.123229;367.324119;365.144409;368.112420;362.114201;364.484951;365.674031;363.836212;364.522355;361.797947;361.579321;366.296705;365.078449;362.635515;363.990216;360.294838;360.168665;360.853998;363.618005;366.064455;362.430019;362.944094
0.7869328013715252,9.59220557026424,336.82796962024264,1.2786125868519778,4.3886337854069,0.811157;0.760037;0.780260;0.785541;0.810357;0.690642;0.867821;0.802339;0.758973;0.772396;0.739077;0.789095;0.800694;0.889580;0.725300;0.764408;0.805188;0.772130;0.760423;0.769527;0.737713;0.800178;0.767656;0.803360;0.799184;0.803755;0.801917;0.780939;0.800571;0.750006,9.687368;9.788454;9.459975;9.869543;9.899177;9.508314;9.973687;9.222175;9.622768;9.678428;10.070523;8.838826;9.645241;9.877981;9.401565;9.418353;9.552169;9.422185;9.611775;9.230977;9.614127;9.478639;9.962244;9.665433;9.812149;9.451596;9.727102;8.838034;9.687751;9.480595,333.750386;336.892092;340.383321;333.256771;336.988531;340.129585;337.084396;336.270164;342.334657;337.936346;336.897932;334.699630;335.420435;337.798094;328.654070;333.384659;336.198882;333.833004;335.717895;335.386295;342.008855;335.156432;331.779564;338.300389;338.176652;335.103333;339.466777;335.690790;340.931361;339.810672
1.2916692201143782,11.49345043373688,350.1975153155119,1.3705712478638337,4.747213409145043,1.230047;1.215374;1.230850;1.258106;1.285298;1.309671;1.211231;1.338693;1.359791;1.307079;1.362460;1.280561;1.316781;1.319473;1.361920;1.307045;1.297303;1.245024;1.272814;1.283035;1.293488;1.262914;1.267055;1.286234;1.263323;1.342894;1.294244;1.350642;1.311490;1.283868,11.116938;11.455010;11.374693;11.379825;12.010165;11.170799;11.863320;11.794986;11.199264;11.649394;11.444356;11.306188;11.631332;11.426883;11.067452;11.901279;11.488477;11.880946;11.375185;11.206934;11.539547;11.285963;11.424021;11.523424;11.238572;11.587096;11.450321;11.621833;11.550609;11.354261,346.474180;348.088632;354.089846;352.299943;350.546913;350.273100;351.370486;351.018163;347.553855;348.002040;346.964173;349.044073;349.379477;351.054166;348.577263;352.475473;348.942160;347.445456;354.054191;345.310434;354.217581;349.231517;349.000214;350.965138;352.329427;351.732279;355.573088;346.608556;354.186044;351.674607
1.248441934033244,11.046674229382166,354.09906754934275,1.3614861148399635,4.364326259726429,1.235918;1.192207;1.238718;1.275339;1.150710;1.307097;1.219673;1.232104;1.247626;1.273412;1.204348;1.199792;1.227752;1.360737;1.266820;1.265018;1.221857;1.277585;1.247796;1.290270;1.291530;1.225256;1.262798;1.241963;1.264204;1.203635;1.358361;1.240146;1.256511;1.213466,11.174212;11.969873;11.087638;11.193377;11.197392;10.813833;10.428489;11.154449;11.012896;10.934928;10.710474;10.419049;10.425399;11.378614;11.029480;10.849311;10.829778;11.029744;10.948037;11.050739;11.599540;11.334609;11.409055;11.309637;11.241192;10.997626;11.160513;11.160973;10.825534;11.401993,350.923395;355.798554;351.995649;346.520011;354.686425;349.718817;354.704297;354.858217;352.903371;358.744563;354.607500;356.200299;350.034895;356.556151;360.724854;350.722473;351.353360;356.597931;354.578362;352.955082;356.940406;353.118920;354.510618;354.020473;355.795320;357.331909;355.091638;350.211705;355.271349;354.499879
0.281658820382697,8.994600458862365,356.43439780911785,0.7355105506347779,1.7825798251464104,0.263231;0.277882;0.321800;0.260774;0.365687;0.298781;0.312348;0.270638;0.261064;0.240425;0.248123;0.204032;0.280122;0.228684;0.335643;0.267988;0.234632;0.265069;0.294576;0.258332;0.238433;0.285560;0.239856;0.276956;0.346293;0.236434;0.374836;0.235256;0.278045;0.383436,8.315192;8.827259;9.132848;9.345834;8.885263;9.766765;9.317046;9.341134;8.376524;9.009453;8.830402;8.987100;9.208577;8.730727;8.945623;8.703851;8.659655;9.243735;9.407346;9.100243;9.012339;8.687630;9.219352;9.032867;9.080991;9.079625;9.333728;8.960537;9.029222;8.873593,354.897738;359.466982;356.751544;358.549977;357.057296;360.040910;359.974362;352.656559;356.118455;358.144392;356.712494;357.644587;356.985070;352.652055;354.232093;354.953999;354.561475;356.071421;360.981446;359.336159;356.637212;357.368934;356.961869;355.288701;360.255498;354.839231;355.624586;356.599968;359.807752;356.354082
1.5254119468972696,10.934572804183743,355.9575483386413,1.3196625760363805,4.362250998409818,1.500868;1.536947;1.520094;1.584311;1.554403;1.512384;1.560256;1.447748;1.462371;1.502033;1.533533;1.460661;1.614871;1.495467;1.567797;1.608714;1.480630;1.533572;1.493284;1.447349;1.535713;1.571860;1.518210;1.530731;1.522009;1.564977;1.580455;1.581439;1.520305;1.419979,11.406776;10.756686;10.942538;10.494269;10.731929;10.674207;10.913126;10.580157;11.122051;11.582699;10.803897;10.911657;10.796831;11.445354;10.952294;10.764169;11.311020;10.727046;10.793142;10.108253;11.286232;10.494271;11.246856;10.528932;10.406515;10.841121;10.846345;10.885180;10.911734;11.229750,359.574891;359.334965;360.213475;354.944380;355.806268;355.161698;357.069846;360.273998;358.714662;358.200701;352.145318;353.494240;354.266972;356.563623;357.027025;359.955910;357.408462;350.225845;356.381561;357.165563;360.417996;356.640924;355.536402;358.158821;359.341236;358.123270;356.614419;357.342743;357.094761;356.658131
1.4152221573703159,10.107377276204627,358.7933698343458,1.1373232559547464,3.5107087288622085,1.436137;1.336937;1.399370;1.446280;1.427819;1.403899;1.352275;1.355139;1.461806;1.383295;1.427573;1.486344;1.414233;1.417285;1.480890;1.439852;1.358631;1.427454;1.445117;1.518626;1.428166;1.407874;1.375089;1.455299;1.490643;1.351661;1.408403;1.370988;1.404428;1.431868,9.582274;9.784619;9.919369;9.661324;10.518582;10.695337;10.020369;10.091441;10.394558;10.163392;9.702258;9.894932;10.021045;9.960792;10.148534;10.094029;9.615335;10.022035;10.006114;10.283739;10.515116;10.042782;10.047473;10.132984;10.160251;9.885605;10.505247;10.201106;10.212034;10.093919,362.858813;358.130305;357.567143;358.921068;361.522351;361.240769;357.793323;360.224285;358.838696;356.213618;361.937090;361.026769;358.207269;361.604041;360.190779;360.311417;356.485018;359.765724;361.262809;356.479186;360.297311;359.485070;356.327776;359.219654;353.392921;360.542197;361.913434;361.518937;359.776794;362.616318
0.6413794697260726,10.28553605144296,331.1912614643898,1.3865651093332465,5.494214819731819,0.656714;0.586924;0.688357;0.643910;0.616861;0.658477;0.624140;0.613682;0.710652;0.632261;0.711286;0.610620;0.617873;0.614299;0.577398;0.654117;0.590517;0.618407;0.615320;0.651835;0.617327;0.655485;0.676084;0.593169;0.695431;0.604835;0.613705;0.650051;0.648670;0.669846,9.861636;10.197749;10.230925;10.402194;10.284479;10.450886;10.211950;10.324736;10.267505;9.822122;10.627571;9.737557;10.875371;10.295340;10.663258;9.631650;9.672200;11.207007;9.807959;10.145436;10.022261;10.485428;10.821976;10.454336;9.713717;10.727819;10.047597;11.394223;10.564852;10.034542,331.443025;330.644009;333.965501;328.427119;334.353694;330.611207;336.650774;330.567341;337.776756;331.309793;327.015149;335.629065;330.444470;329.995394;334.586843;327.538156;330.972443;329.984182;331.099783;332.967465;335.317620;327.302232;331.197754;337.133044;335.023619;332.389367;327.511758;326.954151;327.934590;331.243530
0.5539841222671492,9.54433998128551,342.46437487264075,1.2182016061191137,3.4985214013358465,0.552018;0.511121;0.513603;0.536711;0.544172;0.547526;0.579451;0.459163;0.640799;0.552900;0.538474;0.555977;0.478557;0.516610;0.674098;0.532662;0.583488;0.561123;0.602422;0.508114;0.523747;0.525432;0.554005;0.534971;0.483491;0.562119;0.499778;0.638847;0.576910;0.543199,9.728792;9.530866;9.332933;10.463654;9.339955;9.220363;9.553696;9.898288;9.933298;9.103546;10.006042;9.286792;9.464838;9.229775;9.722549;9.590136;9.679168;9.471454;9.986515;10.059085;9.599562;9.359663;9.597117;9.734337;9.143912;9.448190;9.550916;9.304246;9.721982;9.692951,339.745403;343.911626;340.459751;347.560670;340.043117;341.766798;342.364992;343.438694;344.285426;345.926102;341.399242;341.106497;340.316373;343.093657;339.832877;342.761599;344.557622;338.141053;341.589389;342.550404;341.560296;344.434118;337.318845;342.517624;339.164782;343.283999;342.187942;343.988890;342.998763;342.664972
0.1844353716739685,11.31553265986967,343.4672215964281,0.8764383916020692,1.8969876609895735,0.179738;0.130745;0.258093;0.216811;0.163579;0.224726;0.159770;0.141269;0.217539;0.154347;0.195357;0.230780;0.204600;0.158197;0.216979;0.145275;0.247345;0.190941;0.192464;0.156295;0.245693;0.203999;0.154785;0.211063;0.170573;0.193058;0.199728;0.228794;0.213195;0.191752,11.613482;11.050928;12.080562;11.483425;11.381749;11.121345;11.997916;10.944570;11.435123;11.072318;11.535699;11.634851;11.302357;11.299942;11.455581;11.281970;11.314543;11.217458;11.219264;11.003037;11.160026;11.427128;10.883889;11.312720;11.519250;11.476113;11.291422;11.446603;10.874548;11.222846,344.083033;349.036838;341.003763;346.057140;343.562487;341.063092;339.542604;343.848180;343.574580;343.939527;343.995119;344.898984;341.690760;341.023583;342.350388;342.085764;342.393834;338.219971;345.290321;341.305036;341.120760;345.064083;340.866499;342.996983;345.754989;339.104843;342.057986;343.051656;341.935294;345.958538
0.4785955585421727,9.312134727129424,342.81284710017985,1.150947114990715,3.0705592391702146,0.380008;0.443975;0.489359;0.422632;0.514534;0.506405;0.527134;0.443823;0.509363;0.440415;0.466968;0.488251;0.501987;0.465907;0.506580;0.500857;0.452161;0.423467;0.441175;0.434083;0.475383;0.483529;0.520248;0.450377;0.549784;0.493927;0.455762;0.576240;0.482013;0.430076,9.153289;9.299386;9.506175;9.154738;9.106979;9.369780;9.478013;9.158618;9.378760;9.375631;9.391849;9.400353;9.356176;9.215318;9.850631;8.785585;9.017367;9.516696;9.469346;9.279360;8.995167;9.454485;9.291778;9.372844;9.233896;9.212517;9.649352;9.088384;9.461315;9.215528,344.120014;339.393927;344.018676;344.837820;342.789618;341.605926;343.752337;347.732569;344.065600;343.346127;348.605508;341.389731;342.582187;342.404350;343.616765;343.998956;342.887563;338.393216;341.775226;335.926404;339.499820;341.598502;343.348208;343.922948;344.156147;341.033544;341.665443;337.623441;342.476245;341.808016
0.9012981937432688,11.569974192760132,336.31435079628227,1.471715351323064,6.312623000887125,0.883022;0.918508;0.864836;0.929845;0.842507;0.906276;0.895487;0.895341;0.889172;0.872600;1.045110;0.863078;0.897256;0.890174;0.860403;0.932682;0.841466;0.846204;0.950801;0.909052;0.863225;0.838620;0.906386;0.948633;0.927715;0.927640;0.902546;0.887962;0.823192;0.966177,11.354642;11.662851;11.272568;12.122081;11.595468;11.726411;11.132629;11.713841;11.394371;11.573061;12.065015;11.498100;11.498083;11.271224;11.513236;11.476575;11.969763;11.706079;11.848564;11.960823;11.561661;11.507999;11.747928;11.425293;11.753034;11.603788;10.907674;11.347231;11.578495;11.725472,333.194103;334.352116;337.959477;338.786868;338.139457;335.681756;340.014482;339.917252;336.481779;336.803393;338.736476;331.366900;337.551621;334.270410;337.641895;335.002421;334.606832;340.255867;334.404063;330.364371;339.182752;336.182609;341.213102;336.692138;333.931816;335.417074;335.411145;341.277242;335.328977;334.576412
1.022229436302883,9.93764019410866,333.23514150605575,1.2375471972575374,6.571973510400023,1.065429;1.021572;0.967688;1.069681;1.076314;1.017906;1.034959;0.961348;1.108372;1.084285;1.014777;1.055400;1.028087;1.050516;0.989934;1.078460;0.995988;1.039523;1.026556;0.984258;1.036774;1.044315;1.022129;0.963609;1.003579;1.074677;0.967643;1.062315;1.036396;1.029595,10.392694;10.458914;9.597714;10.364613;10.033135;9.861735;10.226037;9.918314;10.194654;10.032246;10.025803;9.785765;9.986727;9.899191;9.787844;9.531878;9.494544;9.935737;10.533166;10.058807;9.961486;9.946673;10.311777;9.129426;9.663406;9.634013;10.038967;9.774370;9.753122;10.493329,336.764998;333.355101;330.395879;332.484808;335.409059;338.572057;334.308896;333.209807;330.069609;332.630012;333.949174;336.904544;332.965221;332.583993;336.500565;333.632719;333.395802;331.579526;335.498213;335.851022;332.708209;333.235101;331.386985;335.691310;332.173603;330.131263;336.054801;327.329165;330.970818;329.180002
0.1904399395357959,10.196588487769345,337.7700407372086,1.1113295825930112,2.3263820639189112,0.284165;0.208488;0.157483;0.228498;0.137948;0.204103;0.155724;0.203675;0.171788;0.212569;0.183083;0.169585;0.191895;0.201545;0.237551;0.235014;0.155630;0.121273;0.158391;0.144966;0.149641;0.148063;0.182794;0.161109;0.188115;0.153557;0.176201;0.237000;0.295245;0.134717,10.290113;10.603884;10.415758;10.142486;9.900958;10.420122;10.010701;10.351408;9.602775;10.657951;10.490853;9.838010;10.145893;10.310092;9.822928;10.549998;10.755898;9.767247;10.131335;10.178003;9.995228;9.453518;10.287564;10.012012;10.757277;9.810448;10.160508;9.966689;9.888553;10.373288,337.236703;340.416838;336.788318;334.321372;333.983318;336.075020;338.303950;339.535269;337.181774;335.627826;339.386499;337.223758;343.772091;336.098634;341.738458;334.449356;336.399601;337.343853;336.473309;341.901841;336.047920;338.938506;336.142797;337.047161;339.325515;336.467503;339.402789;333.753064;339.119192;335.478889
0.8657944000273956,9.768205764709172,348.0491446213577,1.254491119031658,4.2819012229421025,0.921613;0.780565;0.822107;0.881644;0.841579;0.836762;0.832988;0.853757;0.775229;0.847041;0.818160;0.833496;0.845525;0.939110;0.809214;0.913528;0.857317;0.877267;0.832460;0.859977;0.848293;0.839810;0.871591;0.842470;0.835744;0.826574;0.913703;0.850107;0.859088;0.769929,9.241947;9.209747;9.095456;10.239905;9.906405;9.479365;10.008694;9.750806;10.115494;9.226202;9.550471;9.681861;9.613683;9.269509;9.464451;9.490124;9.989807;9.718483;9.809010;9.553368;10.000319;9.243594;9.603037;10.032746;9.593276;9.519997;10.061022;9.158472;9.858352;9.505400,345.435191;349.597340;351.179220;349.617023;351.218462;350.668716;347.399612;348.791939;345.861833;347.874467;349.910752;349.236990;348.691493;349.266020;347.092473;350.019611;352.089118;348.251883;344.236478;346.171365;347.759015;347.737354;343.487025;349.107666;343.354993;346.456085;354.379441;345.628455;349.992427;341.605154
1.301847127139377,11.738065204882101,353.9786569581355,1.2896994555395682,4.052707848818989,1.249211;1.251782;1.293088;1.317600;1.372263;1.365445;1.308655;1.237225;1.277861;1.295258;1.317926;1.305640;1.300045;1.281579;1.370058;1.349369;1.223623;1.239659;1.258993;1.256575;1.348610;1.254348;1.266036;1.261481;1.297937;1.318324;1.310650;1.345312;1.283580;1.296788,11.256148;12.114175;11.432970;11.661618;11.876071;11.792238;11.626450;11.420485;12.416789;11.511450;12.044352;11.818642;11.803412;11.673083;11.807301;12.336354;11.461437;11.859325;11.810753;11.744147;11.390783;11.901014;11.810487;11.420011;11.785818;11.278935;11.367700;11.753363;11.478968;11.108195,350.620562;353.979227;358.926535;359.081570;352.526808;353.427380;358.891379;355.444240;352.726548;358.799106;356.055749;354.262639;355.293534;356.297829;355.882532;358.438721;354.115118;354.850087;351.706892;357.024962;353.090822;353.973708;354.930373;352.927137;358.988857;349.643280;354.218182;358.181517;351.612693;357.514557
1.4115305158571845,9.435651229529896,337.3969720958029,1.1294338086560534,5.1246695150460155,1.444741;1.498645;1.453074;1.375499;1.434557;1.475151;1.405808;1.316460;1.437991;1.441144;1.311539;1.330643;1.403827;1.422868;1.436240;1.396268;1.449471;1.411814;1.498985;1.361294;1.457796;1.425147;1.459751;1.424283;1.389278;1.405579;1.419326;1.431723;1.527471;1.430698,9.828126;9.391202;9.030346;9.389779;8.865696;9.390502;9.326333;8.882070;9.608303;9.457470;9.619733;8.908475;9.663070;9.688092;9.520022;8.748680;8.668523;9.127641;9.778374;9.435406;9.459767;9.580440;9.744407;9.524845;9.323232;9.396047;9.214818;8.934742;9.909938;8.869529,337.348346;335.731377;338.906202;337.594707;340.080539;336.550201;337.497181;337.960629;336.569610;332.963056;333.621869;341.157912;332.984135;342.193555;338.479607;337.116014;333.599602;337.844621;335.071515;340.019006;336.125124;336.888164;334.907833;339.485350;339.854399;340.391314;338.511401;337.315857;339.656560;341.220022
0.7463425726842673,8.458079749832597,351.21466609094404,0.9841688451793554,2.796760301757532,0.741604;0.772231;0.746684;0.688257;0.793936;0.753540;0.742866;0.748009;0.784306;0.764167;0.697092;0.752492;0.719305;0.774005;0.769249;0.628793;0.772981;0.701895;0.735049;0.728586;0.771383;0.658612;0.775803;0.778811;0.748098;0.688390;0.749641;0.790697;0.761000;0.718604,8.258053;8.125677;8.681304;8.400206;8.895629;8.496658;8.278401;8.288276;8.409166;8.404265;8.721001;8.306633;7.893350;8.633151;8.826047;8.413677;8.728585;8.603443;8.830838;8.379363;8.054648;8.471261;8.220135;7.991658;7.957582;8.331650;8.087872;8.866796;8.751253;8.002846,348.800177;351.059372;354.828849;352.004136;354.442852;352.969234;353.305297;352.261873;349.633561;352.968232;355.554724;351.084268;347.084171;349.380876;350.844940;350.434742;356.101501;351.006347;352.788337;350.921931;352.909148;354.118432;351.227901;355.039928;352.938413;347.720604;352.028733;352.357360;354.208542;350.747317
0.2636989313925937,9.482751177258473,333.8563045373522,1.2223583531453184,3.0965380391796713,0.298032;0.228831;0.175961;0.310241;0.244879;0.325017;0.262042;0.291636;0.230177;0.280462;0.287266;0.270641;0.370611;0.265127;0.286928;0.326294;0.254190;0.267865;0.270378;0.306634;0.244975;0.285471;0.258399;0.244916;0.275682;0.236730;0.266538;0.237767;0.281898;0.285760,9.316254;9.092126;10.076308;9.055366;9.451351;9.557098;9.439876;9.746206;9.448857;9.998676;9.644945;9.266852;9.898177;9.029090;9.334573;9.006333;9.414566;9.222969;9.512754;9.609292;9.487212;9.496625;9.792746;9.261000;9.421850;9.067473;9.703383;9.553690;9.883446;9.771510,332.289040;332.680614;333.722456;334.725746;330.272544;327.610228;335.648252;328.662637;334.831832;334.139839;335.413917;336.895627;341.529506;331.081474;333.364956;330.638903;332.769459;331.541926;331.909384;328.562547;333.734443;332.683402;336.883809;339.179458;333.404927;335.873669;335.576180;331.885480;333.994271;336.615011
0.6134126151595825,9.230299196954928,363.6965871082257,0.84180806120966,2.1689463032667016,0.596273;0.588922;0.548392;0.613109;0.615192;0.610078;0.656939;0.615702;0.595569;0.648755;0.652394;0.556674;0.619637;0.655237;0.586566;0.596011;0.627895;0.594739;0.647156;0.619605;0.611420;0.588531;0.579207;0.601207;0.594798;0.625567;0.623665;0.642075;0.579674;0.662357,8.804136;9.659498;9.164140;9.083532;9.693025;8.980245;9.246025;9.045088;9.610271;9.511112;9.275789;9.448325;8.954243;8.478183;8.983422;9.205085;8.988180;9.647254;9.561064;9.490745;9.216367;9.171194;9.271985;9.081767;9.589983;8.895291;8.996209;9.148610;8.706164;8.960507,363.744408;364.016611;363.971319;364.057650;361.405408;362.593274;360.918559;367.000956;364.318394;362.903164;362.256325;363.437882;360.835767;365.639990;365.585891;366.457904;364.683407;366.179938;366.242307;366.263415;359.464621;367.012746;361.096052;366.180097;360.837365;363.649287;365.042577;363.690026;361.356554;361.967821
1.0849348432948482,10.7233513750535,361.2604784926189,1.0794692539473554,3.00608445245065,1.046298;1.200685;1.095575;1.086207;1.147250;1.155006;1.071690;1.055777;1.075152;1.044530;1.044402;1.185709;1.076059;1.137455;1.080124;1.152881;1.115881;1.066093;1.111738;1.062667;1.083530;1.142490;1.128637;1.119073;1.093805;1.125738;1.115127;1.032197;1.106581;1.067801,10.856359;10.466448;10.365150;10.670088;10.841630;10.637480;10.736329;10.389078;11.321219;10.712300;10.973555;11.002344;10.290094;10.281468;10.369958;11.390118;10.935788;10.470380;10.957153;10.621696;10.798911;10.804674;10.731873;10.775399;11.073385;11.167143;11.429225;10.226991;10.558350;10.891777,365.150509;361.666817;357.858489;357.894442;362.784498;365.792884;362.389355;364.205748;363.449511;361.394623;363.547150;361.324977;361.824415;361.006033;361.252162;361.686377;362.236170;359.741603;365.225487;359.417155;366.362910;358.261562;359.933542;361.977875;360.617013;362.486208;358.750704;364.906707;362.881034;365.093532
0.6044890668342081,9.690842882357831,345.9256883983533,1.1533462494303761,3.262096084613497,0.629155;0.614999;0.636768;0.657917;0.546539;0.538928;0.611299;0.638455;0.643760;0.610231;0.615779;0.632709;0.599624;0.591248;0.576590;0.557109;0.575801;0.596632;0.577419;0.601699;0.595572;0.633791;0.634373;0.582909;0.606738;0.565087;0.625486;0.557842;0.645430;0.648391,10.017130;9.106715;9.494045;9.339522;9.804414;9.514609;9.091954;9.891206;9.612663;9.882524;9.831241;9.365224;9.946712;9.115390;10.053140;9.988649;9.747144;10.030080;9.630304;9.712054;9.974307;9.407852;9.658466;9.702887;9.727164;9.993621;10.040690;9.847956;9.538999;9.389898,345.243721;349.564195;349.420360;351.313004;343.196857;344.008832;345.855209;346.012388;343.050406;346.919546;341.018169;345.048321;342.997504;345.756261;346.138527;349.915269;350.487345;348.817753;346.625835;348.438952;346.903641;339.739942;349.124821;346.628576;342.328357;345.731190;347.630469;345.470477;347.005005;348.423724
0.403105162717874,10.48427626924331,331.1738477627988,1.4333872683545685,4.175933467950908,0.363345;0.363701;0.382365;0.400218;0.321396;0.441349;0.367603;0.438743;0.439048;0.374796;0.480477;0.363311;0.438750;0.400079;0.398440;0.311751;0.397063;0.403258;0.445636;0.393872;0.323743;0.427797;0.437417;0.317758;0.445104;0.391193;0.398788;0.384878;0.417921;0.375936,10.034878;10.235617;10.425332;10.673081;10.478171;10.548067;10.439167;10.491555;11.212162;10.827461;10.487123;10.528722;10.713091;10.810228;10.458964;10.721694;10.593602;10.182328;9.863691;10.243332;10.620679;11.015503;10.829273;10.728043;10.765019;10.930960;10.691367;10.699747;10.283262;10.375053,331.277661;328.987668;333.750407;325.676307;331.899121;333.641061;331.236217;328.934455;329.848156;333.609433;330.063930;331.930414;332.854942;329.296076;331.581294;325.526421;332.020031;330.235810;332.037793;331.967251;332.915894;333.957579;328.366254;328.995929;334.386559;328.069389;333.296560;331.426133;329.683521;332.266351
1.083873626687121,11.067266077727835,339.73450604296005,1.4018316987266108,5.6071640786229775,0.977309;1.083851;1.052823;1.146802;1.167657;1.147826;1.115011;1.091585;1.014225;1.082399;1.108153;1.113883;1.088576;1.107249;1.072361;1.003267;1.026654;1.078371;1.068579;1.148806;1.102379;1.122406;1.127794;1.101161;1.139232;1.082662;1.080991;1.099362;1.022427;1.089035,10.827344;11.198544;11.377975;11.094614;10.719589;11.357580;11.059553;10.606808;11.476253;11.461380;11.292645;11.180169;10.997454;10.988789;10.787376;11.660473;11.261081;10.902214;11.168072;11.036213;10.837719;10.600390;11.110243;10.942505;11.103592;11.095018;11.826564;11.229942;11.455056;10.908680,339.724539;336.643801;337.789873;339.695511;340.370687;343.173699;342.673799;340.104948;341.289046;340.572232;342.436538;340.801365;337.877831;342.616823;342.441610;335.422044;338.850207;337.896786;336.868815;338.838494;342.192529;341.276557;338.837925;344.238456;339.846363;337.943809;337.243574;340.877174;339.309474;341.162202
0.25104880832151494,9.117416967660747,335.31608100575284,1.1716864616356037,3.113498976256294,0.286413;0.181903;0.297491;0.247737;0.196991;0.190919;0.260193;0.222470;0.253682;0.262679;0.234915;0.194456;0.257891;0.236573;0.254076;0.214780;0.202505;0.263965;0.284460;0.318963;0.253133;0.220699;0.320028;0.251853;0.161727;0.256517;0.139474;0.310461;0.294397;0.327691,9.281202;9.141276;8.656412;8.942253;9.084444;9.268590;8.807690;8.923413;9.283339;9.857406;9.104019;9.102045;9.733359;8.715896;9.208071;8.566868;8.999697;9.180398;9.044414;8.812587;9.389627;9.158782;9.329403;8.932385;9.735480;9.218033;8.856999;9.381936;9.009494;9.496043,336.623691;333.311172;334.500450;335.137247;331.955851;338.387859;339.222216;336.055881;331.374029;334.922841;335.850350;333.053634;336.431854;334.854174;334.882159;333.931283;338.183687;334.702382;338.507914;333.639698;336.581514;334.704137;336.946773;333.237402;335.240189;332.907915;334.050859;338.317254;334.592482;337.593559
0.3430801365322039,8.711238944340066,333.4671060055501,1.2218251111828102,3.2460763456407964,0.420589;0.280797;0.287267;0.325842;0.347032;0.356623;0.341190;0.285406;0.332460;0.371526;0.342669;0.375016;0.314461;0.336538;0.394868;0.343819;0.314643;0.268415;0.291318;0.382488;0.321114;0.353513;0.363967;0.334179;0.413356;0.402235;0.383188;0.377517;0.392108;0.368820,8.802631;8.637651;8.785407;8.850807;8.573883;8.903204;8.921216;8.284128;8.856045;8.772174;8.514356;8.756057;8.413077;8.534726;8.660354;8.781384;8.581307;8.226943;8.722517;8.974802;9.159227;8.416582;8.858230;8.529861;8.679321;8.322833;8.586419;8.664400;8.807608;8.720392,332.725604;330.395700;335.880183;333.595172;330.882671;332.410164;335.208206;328.905899;337.933926;338.046685;338.088696;330.362326;331.042296;331.292450;331.942256;331.031051;328.494327;333.775866;329.887201;332.806505;334.523036;333.550267;331.617197;333.940366;334.243481;330.720558;327.582211;328.929741;331.739154;335.031434
0.88367093169274,8.933092599619906,342.6244977313714,1.1948912439424886,4.133149305561063,0.826980;0.906810;0.870010;0.841707;0.807857;0.883051;0.875081;0.833599;0.847276;0.888434;0.906795;0.890524;0.898808;0.902107;0.913474;0.911230;0.898288;0.816359;0.830282;0.939784;0.905259;0.875355;0.850240;0.867351;0.906569;0.835540;0.918018;0.929612;0.883646;0.840232,9.031265;8.373142;9.697510;9.015277;8.570618;8.793350;8.883277;9.000855;8.357144;9.159000;8.235526;9.915427;8.741225;9.510829;8.798742;9.324860;8.813678;9.517714;8.541861;8.845169;8.359418;8.965575;8.933657;9.167821;8.798034;8.692152;8.947339;8.504485;8.496066;8.903352,345.099190;338.949977;343.475647;342.260387;346.962118;344.762043;343.056313;342.666536;341.771546;342.499727;344.818076;336.514197;344.618365;340.347829;345.553781;336.918690;344.820142;346.061969;345.088785;342.541746;341.538554;342.343337;342.448335;342.747259;340.841545;339.929455;345.916253;345.088834;342.526448;342.045241
1.0414385884977946,9.746730773538921,330.10466974740564,1.231936259775743,5.851149086660084,0.973125;1.082133;1.037083;0.933162;1.079789;0.987613;1.094095;1.039214;1.041176;1.054251;1.006603;1.012767;1.010204;1.003737;1.051326;1.111687;0.994581;1.016177;0.927473;0.966514;1.014734;0.987882;1.059350;1.060330;1.029522;1.013616;1.118196;1.041029;1.062504;1.064806,9.927820;10.248678;9.293127;9.837691;9.893019;9.560200;9.650358;9.115005;9.872172;9.915890;9.413947;9.630263;10.211400;10.098773;9.475667;9.699714;8.779785;9.838292;9.760342;9.969552;9.356321;9.514387;9.490651;9.230629;9.948149;9.933041;9.583749;9.510794;9.514157;9.774848,330.466774;331.875463;329.515822;327.581752;331.914559;332.093712;333.678889;327.722479;333.452596;328.565983;326.798828;328.559382;332.413904;334.125685;332.250692;327.870719;327.936588;333.113937;330.611693;329.182996;334.637422;335.059558;325.419753;330.600584;330.437033;328.392913;330.185241;329.528530;332.098374;334.115995
0.15297351376141904,9.013277728206026,332.4057490897841,1.0144757945461735,2.0474059215484246,0.161156;0.154860;0.206443;0.223113;0.184865;0.109680;0.182019;0.202633;0.175956;0.176067;0.239684;0.129545;0.086954;0.199530;0.118430;0.127120;0.133660;0.127852;0.194029;0.207941;0.100423;0.142362;0.159406;0.124534;0.202276;0.140933;0.159651;0.114490;0.173346;0.104531,9.401690;8.705371;9.260360;9.168094;8.878060;9.051626;9.272104;8.980179;8.986189;9.370654;9.162618;9.244701;8.807646;8.650975;9.108278;8.850229;8.915258;8.661471;8.903568;9.562237;9.167895;9.292207;9.252997;9.261509;8.644358;8.549690;9.446963;9.079680;8.978423;9.127853,330.656892;333.210112;330.957334;330.244794;330.238419;330.464775;330.468848;329.492347;337.781547;331.146854;335.880867;331.461635;333.033432;332.783371;332.612006;330.061473;332.087714;332.856463;335.640329;334.406900;329.937827;333.176631;331.524014;331.176493;329.197884;330.888469;335.785820;326.682215;328.977435;333.883689
0.8856368070111859,9.974242323632476,353.16540456414117,1.2061736774947713,3.448301207275942,0.956554;0.946556;0.863374;0.869803;0.901502;0.814291;0.914976;0.941608;0.894620;0.897233;0.900098;0.961659;0.887769;0.925584;0.873981;0.817337;0.895436;0.847632;0.851300;0.889667;0.988430;0.918370;0.847592;0.935114;0.887109;0.854728;0.971662;0.842714;0.889740;0.817403,9.892469;9.892263;9.458243;10.961764;9.651404;10.859873;9.516102;9.646100;9.936125;9.907238;9.819575;9.861182;10.180558;9.912998;10.143585;10.311522;10.204891;10.403467;10.655588;9.680685;10.310520;10.065396;9.610447;10.612644;9.822447;10.225451;9.686209;9.898497;10.165354;10.598319,355.764256;350.052762;350.449204;356.286065;347.814513;354.266395;353.266231;353.635139;352.080931;351.442949;356.030992;352.176586;352.166705;352.411419;351.828072;354.153953;350.085461;353.024303;347.313056;353.840441;353.886631;355.718104;351.159960;351.115367;354.897322;359.071643;351.376451;353.379587;347.880280;352.780405
0.3687870094276844,9.52846721652728,363.93552088713886,0.5181901288076504,1.1970144292118867,0.341772;0.315713;0.398663;0.347097;0.334944;0.318230;0.397410;0.380287;0.319341;0.401179;0.451556;0.386471;0.357218;0.339305;0.393972;0.358851;0.399272;0.323437;0.388620;0.344538;0.301173;0.377180;0.398122;0.361455;0.397906;0.345435;0.278092;0.374910;0.382010;0.276547,9.662710;9.573940;9.476554;9.498250;9.334915;9.573179;9.054000;9.214896;8.857801;9.515315;9.442416;9.405499;9.037133;9.509276;9.196894;9.397259;9.825598;9.456499;9.466287;9.692103;9.567909;9.985736;9.227353;9.841553;9.624210;9.352567;9.870091;9.710784;9.585272;9.119013,368.187421;367.018934;359.991013;359.254345;360.666875;363.879271;364.572330;362.809187;364.748766;365.517587;359.678858;366.337041;361.859166;364.902639;359.765513;365.811896;362.789835;362.361762;363.338893;361.799528;362.693443;363.622718;362.181920;360.321247;363.542958;363.301595;362.197996;365.156094;369.084680;362.054840
1.1708480499750433,10.740848891868332,357.9907915297483,1.2652390796115434,3.9470220707498918,1.157599;1.205613;1.260139;1.173336;1.113188;1.095016;1.188281;1.189256;1.131009;1.248569;1.169289;1.237486;1.212362;1.194103;1.223394;1.182735;1.250685;1.205151;1.179868;1.194162;1.169224;1.234868;1.134603;1.141722;1.186744;1.199641;1.072679;1.177369;1.182030;1.181287,10.660817;10.134499;10.789733;10.673324;10.097811;11.231838;10.885312;10.807424;11.374073;10.403385;10.572627;10.953702;11.052380;10.969403;10.690708;11.192986;11.055646;10.866707;10.324307;10.982938;10.816267;10.844879;10.792526;10.636369;10.204195;11.224397;10.528200;10.585943;10.456702;10.955275,358.526551;358.229808;357.594631;355.842018;356.894020;357.404000;359.146768;362.626340;361.137364;357.875346;357.492400;354.733637;361.125491;361.157607;356.058073;358.966191;355.286563;358.473935;360.073881;358.282002;356.243976;355.381768;353.797206;362.196329;354.830561;355.978146;360.852502;357.632291;357.485663;356.475715
1.0247796030567002,11.801283778936707,331.0611146157971,1.3830231130374036,7.13663301439111,1.033240;1.013644;0.962503;0.992044;1.031342;1.071767;1.084641;0.965388;1.017173;1.072000;1.033634;1.069170;1.004792;1.014788;1.009725;1.060819;1.029616;0.970194;1.027078;1.000749;0.981977;1.139918;0.960755;0.947104;1.028103;1.036778;0.957347;1.034845;1.003752;1.025195,11.885238;12.102196;11.528230;11.432291;11.494385;11.736106;11.286473;11.489498;11.818171;12.009740;11.514285;11.736857;12.200643;11.807699;12.286982;11.919131;11.254897;12.032455;11.904094;11.448256;11.577626;11.963341;11.731994;11.460860;11.991939;11.859876;11.614857;12.247070;12.378810;11.675328,330.486694;330.459185;329.936776;333.823437;330.987754;330.038628;329.571072;332.617582;332.722034;332.279257;331.100608;330.534276;330.469511;332.488481;334.232207;333.820384;330.140336;330.875793;329.413130;326.620853;330.521372;327.372408;330.262803;329.562323;331.864151;329.006220;328.353042;321.866140;330.511749;330.166288
1.1251759127239604,9.296487340801185,340.1977550233725,1.223319065336465,5.527439231101057,1.170653;1.133042;1.112150;1.099066;1.134248;1.134096;1.063847;1.142059;1.131736;1.162481;1.103857;1.038845;1.101179;1.159873;1.087866;1.101511;1.125876;1.176283;1.112613;1.115703;1.155361;1.133648;1.173200;1.166206;1.188868;1.109817;1.113555;1.177576;1.163380;1.183218,9.050395;9.693944;9.616568;8.720491;8.737807;9.378885;9.350820;9.299148;8.902928;9.148089;9.287003;8.751326;9.727724;9.235232;8.757255;9.120338;9.489668;9.339296;10.048524;9.362177;9.073917;9.880890;9.215018;9.414511;9.298880;9.592575;8.998232;9.062387;8.933387;9.843718,342.008854;347.066617;338.585772;337.498802;341.976800;342.799797;343.969061;342.917002;343.622176;338.784636;341.543707;339.544402;340.120646;336.885472;340.062620;340.563706;335.636185;342.868517;337.930715;339.533451;338.368987;339.204477;341.386010;340.797756;337.225688;339.826977;340.085604;342.748142;334.303642;338.052081
0.781812311921361,8.253925174864852,360.5123059431079,0.8763122136199758,2.3964784987190653,0.786022;0.715880;0.823962;0.737653;0.804199;0.782237;0.700126;0.681627;0.723194;0.768436;0.798924;0.784760;0.779908;0.683144;0.789645;0.806311;0.827813;0.752429;0.723266;0.748546;0.785214;0.745704;0.750437;0.735855;0.818279;0.745051;0.754745;0.787519;0.788392;0.811351,7.864202;8.254581;8.382589;7.692363;8.295928;8.618837;8.597571;8.100729;8.442051;8.204858;7.973836;8.576857;8.462166;8.237594;8.380517;8.088696;8.569051;8.163184;8.733872;7.756829;8.251576;8.117202;7.775883;8.137008;7.593595;8.144879;7.420117;8.160272;8.230739;8.039117,359.306619;359.962232;361.018615;359.205172;360.868109;363.785504;360.994102;363.135071;357.739820;360.990453;362.692081;358.592887;361.171999;360.324307;360.314842;358.924665;364.718191;359.364483;362.657521;355.572469;368.127703;362.593791;359.804875;359.715834;356.288671;360.754250;364.233019;359.673005;357.700991;358.050038
1.4457183949796482,10.410093807717239,348.22398310472386,1.2990728710643051,5.160390915424157,1.486346;1.513948;1.444504;1.549760;1.449837;1.440731;1.398598;1.486622;1.477594;1.416977;1.363942;1.398952;1.410418;1.390447;1.422408;1.426749;1.453175;1.415715;1.378161;1.459749;1.444985;1.422698;1.451473;1.413178;1.477778;1.451128;1.481732;1.497099;1.440124;1.569242,10.225677;9.973709;10.091953;10.729796;10.522867;10.459897;10.939165;10.818723;10.509817;10.319116;10.691388;10.419463;10.055090;10.733213;10.667062;11.057454;10.241931;10.279471;10.592911;10.558732;10.955732;10.398259;10.599130;10.541299;10.317186;10.121306;10.107945;10.270314;10.374065;10.471908,348.666474;343.430077;343.945026;350.177408;352.658575;349.395485;343.157046;349.087333;348.693496;345.840164;352.448913;351.248044;343.666990;349.142070;347.505682;349.396728;349.196740;349.594537;346.651641;347.858512;345.278395;347.892633;348.458087;349.675810;348.168964;351.087722;345.245017;351.707162;346.515159;348.798136
1.0192315543364865,8.319764768842571,347.7303728664989,1.0758225992849029,3.4824263157549606,1.003370;0.992249;1.057162;1.004023;1.073373;0.975999;0.985789;1.033257;1.017770;1.023663;0.971624;1.014718;0.993866;1.103136;1.001852;1.026301;0.990960;1.005549;1.060533;0.999726;0.995416;1.083078;1.025076;0.972733;1.037652;1.086575;1.032619;0.997793;0.985416;1.018186,8.092911;7.860471;8.556663;7.853760;8.169198;8.962318;8.767780;8.465364;8.242924;8.428472;8.320413;8.544383;8.087466;8.749154;8.463335;8.024782;7.965210;8.523043;8.365999;8.638176;8.634310;8.577475;8.680338;8.377190;8.500932;7.633267;7.730237;8.091337;7.945277;8.415150,351.466524;345.642215;346.240458;344.901150;346.916236;350.244659;346.619343;346.345778;345.969412;346.549842;343.872578;351.369222;348.041358;344.582245;350.767788;347.112036;345.842588;347.994837;345.865343;347.276406;347.688639;349.421480;346.568485;350.521367;349.725519;344.534168;343.901765;346.002425;348.479014;349.453999
0.8201135102917431,8.941100697313855,335.9821588240278,1.2208234736594081,5.334904778455196,0.851640;0.773958;0.818276;0.856424;0.878817;0.863772;0.840809;0.784975;0.794884;0.831784;0.872709;0.827315;0.754059;0.811266;0.841628;0.799333;0.794394;0.863034;0.838281;0.826274;0.870547;0.820343;0.798091;0.798545;0.836235;0.846925;0.797633;0.851796;0.883560;0.855023,9.327621;9.417754;8.833281;8.916887;9.262093;9.043912;9.122134;8.950489;9.528275;8.279905;8.887094;8.983617;8.933174;9.155072;8.758813;8.775948;9.505209;8.584175;9.095047;9.354908;8.880729;9.286552;8.518552;9.615486;8.788251;8.547567;8.944616;8.769169;8.816895;9.503227,336.002571;334.088883;336.504490;337.184382;334.954493;334.637495;343.669380;336.787464;336.473249;335.308994;331.581178;338.976265;334.463083;335.200626;336.573266;336.731615;331.517299;339.447012;339.458865;338.735855;336.094850;333.277005;334.087559;332.776232;333.001835;337.254276;337.975339;335.361208;331.115429;333.529477
0.15908984111974586,8.445671420757911,339.2393842556,0.7009878531018152,1.5259335130171612,0.178441;0.195378;0.188532;0.153503;0.125063;0.157526;0.164666;0.216832;0.189431;0.168953;0.102628;0.219452;0.089500;0.135208;0.229060;0.154607;0.126151;0.096670;0.119662;0.225235;0.185944;0.224543;0.137543;0.129019;0.246869;0.183573;0.163540;0.149038;0.110111;0.151224,8.161249;8.615313;8.488103;8.305088;8.437462;8.773053;9.101270;8.345096;9.007467;8.299357;8.329193;8.272460;8.451830;8.526426;8.997130;9.116991;9.265245;8.884708;8.561825;8.313711;8.428738;8.435455;8.086025;8.418388;8.557954;8.775911;8.660460;8.075237;8.323602;8.494025,343.164974;341.170313;335.740395;342.350977;337.664442;335.228415;339.610041;342.341889;338.244622;334.967372;336.459798;336.783565;337.974245;341.174532;339.918175;338.805077;334.984955;338.978706;338.651011;339.637818;339.306228;335.195876;337.706795;338.653326;339.167547;337.186979;338.603547;338.595459;336.046512;340.653812
1.0933524745141023,9.691057502759698,363.4912750904135,0.9241085944831653,2.517591329531068,1.058613;1.121591;1.153332;1.130019;1.069588;1.088234;1.015284;1.085437;1.140114;1.114373;1.112090;1.108997;1.111617;1.106944;1.111321;1.121173;1.098558;1.056442;1.100496;1.158219;1.166941;1.156869;1.109253;1.086514;1.063820;1.111999;1.033217;1.053016;1.134650;1.073754,9.380858;9.332577;9.524542;9.593757;9.992122;9.661884;8.952299;10.281293;9.217072;9.977571;9.771062;9.793694;9.643406;9.550614;9.572179;9.377765;9.428538;9.613416;9.772084;9.449940;9.625735;10.038800;9.708378;9.617760;9.509589;9.825225;9.228871;9.577510;9.932442;9.896198,362.919433;363.671758;364.951720;359.941061;364.797687;364.840596;362.655402;361.358987;364.337149;361.270670;364.046989;358.841337;361.115472;360.428160;358.378503;365.201048;362.362787;365.481209;364.082296;359.571817;363.813321;363.908037;364.376421;363.046176;360.154706;360.503836;363.768839;366.511702;366.231309;369.121644
0.5554023257102586,9.260678803811132,339.76176862894596,1.2819300728781973,4.06072951080258,0.567372;0.501718;0.460789;0.506390;0.523731;0.527519;0.630207;0.545218;0.535918;0.532286;0.567818;0.499868;0.466781;0.606526;0.536893;0.571840;0.547024;0.510891;0.577146;0.523712;0.623795;0.537172;0.535240;0.627089;0.525757;0.542263;0.532223;0.509682;0.471657;0.542941,9.162804;9.091231;9.186237;9.396537;9.259909;9.311412;8.644218;8.746885;9.238804;9.318160;9.713993;9.381216;9.207380;9.152076;8.999988;9.602343;9.176735;9.416643;9.385671;9.136932;9.409362;9.123111;9.363282;9.107322;8.738074;9.630626;8.936084;9.499032;9.266458;9.790783,336.507914;338.070677;342.047268;342.204021;337.463801;342.231618;341.639193;337.696397;344.762965;344.547945;342.164416;341.117304;339.764751;340.130426;338.505617;340.609837;345.964345;339.896681;337.119806;340.162750;334.406168;335.709811;340.660883;339.804119;337.316005;335.463934;336.220362;340.025762;338.195747;337.914085
0.9688390534130507,9.873742550083309,345.38702721948266,1.2662543590433428,4.745023365203167,0.965632;0.970172;0.954726;1.020247;0.993897;0.999375;0.976328;0.942140;0.990625;0.921634;1.030011;0.984457;0.987677;0.979077;0.998406;0.956224;0.997337;0.992253;0.983104;0.908655;0.900762;0.995114;0.989301;1.008786;0.976875;0.921934;1.023207;0.950067;0.963554;1.025398,10.284777;9.649702;9.610438;9.854391;9.643554;9.353216;9.784125;10.133503;10.115922;9.766069;10.126178;9.302308;9.787938;10.567960;10.158626;10.239896;10.402262;9.724394;9.642462;9.874571;9.910043;10.115162;9.904591;9.491823;9.623184;9.851155;9.771745;9.645897;10.124947;9.704794,340.823090;347.487989;347.836189;345.255367;348.203382;345.367022;350.396342;343.964876;345.989351;346.151020;347.152961;351.430572;344.735065;343.495892;346.202717;351.399412;344.417504;346.602541;348.127196;345.291522;342.363679;347.936746;347.555865;342.507228;340.507879;344.461677;342.396736;347.488399;347.931719;342.286207
1.3998222943505125,11.62075655901331,349.7377313024972,1.499088359770049,5.40881037726729,1.414617;1.396483;1.392364;1.347765;1.413860;1.412685;1.365701;1.466387;1.398827;1.428523;1.431054;1.421033;1.318506;1.328795;1.449003;1.407102;1.467133;1.357104;1.493925;1.427868;1.361992;1.416502;1.349909;1.290391;1.468689;1.407620;1.384624;1.350465;1.405976;1.375348,11.748910;11.055530;11.353150;11.492389;11.482943;12.110991;11.910250;11.916670;11.691013;11.779409;11.928284;11.375548;11.457337;11.762259;11.561129;12.066824;11.746677;12.128169;11.559141;11.756510;10.998522;11.683144;11.831466;11.635882;11.438149;11.021890;11.755953;11.469796;11.714321;12.495963,351.562306;350.139433;348.711136;349.942151;350.539728;350.910665;351.431776;344.101558;352.937295;351.431655;348.686630;346.264750;352.993066;347.721437;352.527437;349.991885;351.678419;353.887877;345.800880;347.012634;349.857969;353.648701;346.924005;349.327107;346.536524;351.350169;350.699438;349.498666;354.169606;350.452921
0.5400634165868107,9.426644121439208,336.3913254682361,1.277536777187488,3.886372786956386,0.598501;0.530158;0.487805;0.532162;0.512090;0.505170;0.510941;0.525686;0.483270;0.590401;0.544632;0.478670;0.544626;0.569717;0.541944;0.527186;0.503420;0.534786;0.502060;0.578687;0.610635;0.526776;0.555306;0.542628;0.486491;0.485952;0.578071;0.495145;0.517525;0.494424,9.383358;9.338011;10.170941;9.290998;9.665863;9.179411;9.523458;9.486493;9.482104;8.953201;9.196317;9.293546;8.867781;9.364403;9.278297;10.037512;9.678683;9.331311;9.440774;8.978546;9.486002;9.202887;9.418475;9.569686;9.790150;9.356064;8.952468;9.286019;9.453775;9.453836,334.096020;337.404632;338.307245;334.071714;337.130056;338.465433;337.609814;336.551052;335.341055;337.398211;337.276640;336.413511;336.931547;334.620256;338.516760;338.200330;337.048548;335.679858;337.649857;335.829385;332.350879;336.986103;336.380974;332.517510;336.182801;338.086975;336.862177;341.307156;335.246768;335.922812
0.39022012550211777,9.736581694602506,342.4369017739755,1.1634714125120929,3.1362274284966114,0.351249;0.324544;0.314850;0.339445;0.415895;0.400458;0.369467;0.331714;0.394044;0.379252;0.432439;0.398207;0.310859;0.382993;0.382396;0.395149;0.417709;0.372763;0.369666;0.403696;0.390394;0.407791;0.423666;0.359315;0.444628;0.453113;0.387891;0.437400;0.422311;0.455523,9.561924;9.296583;9.568305;10.101477;9.820723;9.471760;9.807067;9.660052;9.969929;9.835702;10.015109;9.456693;9.891053;9.850033;9.612853;9.385521;9.624719;8.805084;9.567528;9.863541;9.659503;9.839909;9.298935;9.944787;9.583156;9.151757;9.911790;10.080099;9.704939;9.761982,342.315338;344.281314;341.328323;341.383406;340.578202;348.473199;339.473503;344.497837;341.817760;338.488879;342.311673;339.203917;343.811750;343.301006;344.366196;343.405477;342.429849;341.669226;339.688466;342.812094;340.338099;342.241666;340.810042;338.352619;340.091452;342.611195;345.961206;341.790516;341.458114;342.431026
0.36963305762673626,9.661139814308525,342.0716146958466,1.1421840796791594,2.8360653283349344,0.368683;0.341897;0.356160;0.378998;0.311676;0.352359;0.367035;0.342050;0.378755;0.288957;0.339713;0.367118;0.323798;0.333447;0.400496;0.399890;0.335389;0.343189;0.443028;0.420177;0.297915;0.381610;0.401351;0.391033;0.288451;0.367104;0.368153;0.395942;0.322486;0.290168,9.575506;10.006216;8.954760;10.354944;9.901344;10.412647;9.718808;9.845820;9.617511;9.139933;9.573906;10.417367;9.779540;10.095352;10.004407;9.269843;9.688339;9.497988;9.383814;9.454140;10.096945;10.030912;9.314152;9.742179;9.094912;9.424479;9.436758;9.594839;9.799218;9.873102,340.726067;338.650918;342.629865;340.473478;345.929149;342.377672;340.415714;342.953370;339.583155;343.503733;337.513605;343.189661;339.935635;343.492362;342.420091;338.576120;341.368139;339.669272;342.784180;343.016827;344.843639;333.807490;338.690600;339.975994;346.284868;341.148591;341.240306;339.362034;340.727516;338.945084
1.4824368334812936,8.203153803536482,338.5859056611052,1.0435679733868337,4.980775178542329,1.440540;1.504156;1.501173;1.470420;1.549086;1.481089;1.499914;1.435286;1.535723;1.539816;1.503727;1.472544;1.574226;1.559351;1.440900;1.482004;1.537486;1.419772;1.481272;1.495770;1.447613;1.430373;1.510727;1.541618;1.454730;1.419891;1.447143;1.473939;1.440785;1.472513,8.356724;8.083963;8.481270;8.649366;7.800420;7.831454;8.614535;8.129392;7.944059;8.467589;8.217421;8.072654;8.457236;8.472625;8.594843;8.649843;8.020638;8.530508;8.670167;8.329241;8.240900;8.104378;8.048376;8.674897;8.078238;8.452013;7.722949;8.290706;8.545671;8.118531,338.390914;337.479218;342.295786;335.970480;337.256341;337.144701;338.429977;341.281487;335.943855;337.871612;338.986695;339.937464;340.326321;338.576425;338.861804;335.666985;335.913879;341.666091;337.670546;339.548035;339.907756;337.321234;333.334056;339.381597;336.120008;337.075920;336.719408;342.006135;338.612579;340.083637
0.9132936780829718,11.044624121981258,349.32492421457886,1.3843374911038255,4.310182331307276,0.872538;0.887847;0.975695;0.923537;0.872499;0.919713;0.959838;0.882614;0.904086;0.899157;0.927067;0.937643;0.921026;0.907750;0.838328;0.907522;0.950724;0.910295;0.956243;0.951206;0.898401;0.844052;0.860739;0.953666;0.890307;0.924852;0.931714;0.873229;0.895883;0.862063,10.461383;10.821794;11.451203;11.229087;10.841875;11.483742;11.120286;10.699166;10.185947;11.013589;11.226972;11.013571;11.505480;10.468335;11.085953;11.394321;11.563759;10.571554;11.226227;10.975040;10.880026;10.969869;11.231482;10.840487;10.869510;10.700241;10.951535;11.152686;11.456118;11.370523,344.665399;346.854849;351.561657;351.893038;350.274956;349.199498;348.183007;345.496669;346.366482;350.478996;349.760289;350.484187;350.578815;351.417698;347.071960;350.606252;353.104412;352.208478;344.707205;347.714013;345.397807;344.383553;348.283266;349.184292;350.262780;355.443602;345.635822;347.365040;347.595813;347.289834
1.400186673785006,9.466646301285728,363.2010387312517,1.0865296730598617,3.338709385757889,1.380065;1.448200;1.366476;1.353072;1.430701;1.405550;1.381501;1.347322;1.392728;1.448224;1.429401;1.403156;1.365789;1.397844;1.462739;1.357963;1.390039;1.357638;1.398542;1.406357;1.419691;1.422132;1.428053;1.435365;1.382366;1.295875;1.485095;1.348518;1.367209;1.427069,9.463304;9.760843;9.959449;9.160721;8.971112;9.603275;8.883614;9.574741;9.922341;9.511613;9.458874;9.945241;9.573014;9.012327;9.519404;10.005611;9.439092;9.591104;9.746311;9.360373;9.529530;9.572371;9.282830;10.008612;9.237419;9.902184;9.307662;9.376686;9.112747;9.567936,364.511113;371.084852;359.331853;364.776598;362.920552;362.816710;361.441007;364.559660;363.288783;362.133875;363.720957;358.352477;364.594558;363.349141;362.856793;364.412894;363.224947;363.258576;360.828950;363.172183;360.113299;362.528251;361.644987;363.855703;363.001387;362.663017;361.076139;357.904428;360.404833;363.047894
0.4965024822971469,9.017378581514931,360.26225680383396,0.7550647881559317,1.846291584771245,0.523358;0.493785;0.499254;0.485691;0.471037;0.505174;0.525827;0.409792;0.518792;0.497858;0.519368;0.492847;0.478614;0.438745;0.473124;0.529433;0.497994;0.458913;0.482468;0.515964;0.508570;0.506736;0.520368;0.401911;0.429906;0.442645;0.386343;0.517019;0.482589;0.449738,9.306000;8.867301;9.463335;9.079740;9.436017;9.153141;8.695837;9.117730;9.401953;9.256176;9.018110;8.813908;8.834617;8.731695;9.377467;9.350939;8.632304;8.648351;8.843209;9.013827;8.984420;8.821303;8.984709;9.064153;8.817485;9.009765;8.940178;8.910066;8.744062;8.896091,358.225709;359.415601;358.650736;360.784430;361.510792;361.314357;363.515329;362.883493;359.675645;361.447542;359.742007;362.158830;357.589424;359.731330;358.118499;360.318589;360.050930;360.133742;362.894302;362.818481;360.284044;362.345621;361.618871;360.091565;359.777945;356.567932;353.886597;364.320355;362.247191;357.828778
0.8153331424697634,9.548873311761175,339.31765283040596,1.2428684904041387,4.170258579898054,0.813806;0.721394;0.778352;0.878319;0.816942;0.846327;0.788035;0.822381;0.810057;0.821597;0.761593;0.827848;0.806208;0.860423;0.785879;0.826093;0.856105;0.897980;0.782365;0.816470;0.822539;0.857637;0.794992;0.833606;0.766702;0.848708;0.771807;0.762813;0.809061;0.780590,9.332335;9.212720;9.117415;8.983101;9.543531;9.643329;9.087769;9.434337;10.024320;10.281985;9.195587;9.727638;9.957260;9.667244;9.860620;10.202679;8.932648;9.708369;10.070492;9.113763;9.452759;9.438214;9.367184;9.673024;9.490222;9.694243;9.957954;9.891885;9.796439;9.138897,340.146114;335.781475;334.085646;335.082225;341.524327;336.135313;342.149543;340.407706;338.606252;341.485041;341.813786;335.851268;340.750469;344.194591;341.896486;338.623538;338.890747;340.106332;338.748572;336.610387;338.643508;342.492018;339.047169;340.974580;334.563600;340.862961;341.895764;341.899563;340.101736;341.749616
1.2289903590025635,11.730485867175794,334.8689555171826,1.4699801714553775,6.235678317711153,1.218059;1.215156;1.249987;1.277103;1.217709;1.291444;1.238745;1.234739;1.162080;1.205869;1.188944;1.224903;1.185436;1.244862;1.176114;1.222227;1.243682;1.303926;1.246946;1.227150;1.200986;1.275492;1.192450;1.181505;1.238120;1.208188;1.237499;1.279999;1.231126;1.233899,11.441416;11.802179;12.123976;11.531886;11.401445;11.687936;12.118147;11.341038;11.521413;11.701901;11.327520;11.660989;11.791419;11.992160;11.970787;11.497080;11.251382;11.602373;11.314829;11.534333;11.305922;11.392199;11.631415;11.609349;11.133133;11.667591;11.662170;11.924288;11.788044;11.833590,332.039565;335.358852;336.457830;336.417825;336.441426;336.123283;334.275456;338.809385;330.598808;339.125272;337.575064;336.540491;336.163033;333.411464;332.519024;332.779979;335.766560;334.938074;336.097633;337.707612;334.932264;334.949958;336.668584;337.051780;332.405828;332.286442;332.754148;335.849553;331.600078;341.151528
0.45686536484949725,11.795527034728202,350.67796105985366,1.3318794089227917,3.6014632126353052,0.427773;0.477804;0.424145;0.425174;0.432644;0.475246;0.457763;0.465288;0.392475;0.435203;0.389734;0.392309;0.457655;0.432207;0.412672;0.428667;0.356230;0.449609;0.442360;0.441687;0.487608;0.492742;0.413132;0.447939;0.450928;0.444337;0.511715;0.377984;0.397827;0.502445,11.892104;11.515974;11.837105;12.195290;12.097263;11.859437;11.867280;11.838096;11.593416;11.551579;11.817948;12.633583;12.002108;12.089183;11.799393;12.085981;12.013769;11.296942;11.626274;11.905475;11.765859;12.037304;11.655558;11.030974;11.971002;12.030047;11.307046;11.699777;12.015058;12.264753,348.879932;349.743591;347.885864;353.291277;352.849993;351.862347;349.257109;349.410947;349.564849;346.276791;347.881186;354.942941;349.645700;349.698741;353.068103;354.358276;354.158905;354.933376;349.860151;354.027253;345.901419;349.217161;350.776994;353.769160;350.965853;351.892592;353.810081;350.722729;348.368305;346.284331
0.333409991721933,8.791136111450022,353.1610053305767,0.829278408178024,2.0558465203690535,0.345443;0.362421;0.312160;0.359401;0.295031;0.348827;0.305807;0.404371;0.419651;0.286565;0.271613;0.362115;0.278538;0.347886;0.410528;0.343404;0.292759;0.228264;0.283964;0.292686;0.277174;0.335476;0.301756;0.311429;0.349397;0.336411;0.321440;0.392880;0.305591;0.405602,8.663568;8.781542;8.495683;8.803440;9.048118;8.537959;9.058037;8.769322;8.867245;8.915442;8.590610;8.369832;8.662083;8.202070;8.983880;8.572689;8.540922;8.288011;8.759630;8.524667;9.059233;8.378539;9.096033;9.326776;8.498317;8.902521;8.512996;8.976523;9.091984;8.912219,351.644706;353.369728;352.756687;354.275370;351.769935;351.724651;350.974059;350.325261;349.067110;353.521774;351.614289;352.887551;349.791577;350.524632;355.738110;353.035880;353.180792;350.711669;352.639321;353.479734;351.960054;352.648527;352.506813;353.065469;352.414863;359.541074;348.641738;352.220250;354.768253;353.309356
0.40911888509538263,11.541150266072641,351.59452884751,1.0446342991283013,2.5989517336907646,0.384127;0.418901;0.388537;0.412428;0.391559;0.407719;0.439556;0.480026;0.425630;0.402283;0.389717;0.398156;0.444713;0.402862;0.424415;0.469229;0.417077;0.374890;0.425601;0.333579;0.406561;0.348796;0.330146;0.439136;0.459315;0.401211;0.426903;0.375360;0.377496;0.480804,12.078207;11.315319;11.806336;11.307480;12.240473;11.611962;11.173272;11.410239;11.648531;11.385946;11.998185;11.488249;11.605729;11.372398;12.218790;11.600990;11.963775;11.415870;11.358435;11.112367;11.774838;11.712292;11.358187;11.353766;11.627849;11.608395;11.583116;11.894956;11.211970;11.452613,349.236875;354.916810;348.979043;355.946460;349.567724;350.974190;352.031924;353.943817;354.831323;351.815863;349.402838;354.962030;352.324669;358.096907;353.811022;351.972391;350.597278;349.250857;351.869593;349.759911;351.225343;347.192595;346.920674;355.110971;349.920642;355.301943;345.671878;349.063249;348.282056;352.595535
1.4531046023033958,9.45613885784088,354.5298852197494,1.2036960767516824,4.271939847055392,1.499247;1.331219;1.429751;1.446829;1.415623;1.463468;1.396957;1.440497;1.404224;1.410835;1.419208;1.453902;1.437739;1.445611;1.477815;1.451191;1.404260;1.430318;1.437493;1.460554;1.470742;1.430657;1.374683;1.495194;1.459275;1.455273;1.535167;1.528235;1.413578;1.483491,9.538018;9.135174;9.597489;9.223365;9.202750;9.096574;9.294314;9.193790;9.682341;9.074333;9.741871;9.150896;9.478782;9.715004;9.528709;9.730598;9.757392;9.551924;8.988807;10.111994;9.627993;9.504340;9.770845;9.129089;9.963700;9.623959;9.593010;9.377399;10.090170;9.536015,357.083954;354.797140;355.851255;355.387183;354.029666;354.875550;357.524850;358.381667;354.607881;354.222712;350.382750;355.344280;355.916743;356.213436;356.343504;353.172547;356.297662;355.576893;357.143786;352.131397;351.587206;351.283845;351.816921;354.051777;358.358449;355.954505;357.190092;356.807184;353.982561;352.353983
1.1120114430646235,11.95388152352076,351.91465617020714,1.3729369059049574,4.29232125582217,1.147235;1.133034;1.127709;1.071667;1.088146;1.148520;1.099502;1.099235;1.070957;1.114386;1.071635;1.134556;1.164027;1.110023;1.040967;1.134965;1.186156;1.106846;1.161417;1.162721;1.057022;1.119356;1.042637;1.124114;1.156383;1.088317;1.076375;1.245999;1.150535;1.148406,12.425899;11.968344;12.266243;12.323850;12.368353;11.691945;12.295630;11.320113;12.607484;12.341509;12.001180;11.956140;11.995009;12.273124;12.114524;12.310623;11.834545;11.704212;12.509168;12.817305;11.565945;12.975301;12.100108;11.451934;11.567513;12.493264;11.853770;11.470495;12.152193;11.825241,354.510669;353.911210;348.913016;349.420731;350.319550;351.936068;356.089138;352.899477;354.553322;348.743718;354.401957;349.561783;356.331745;348.089367;352.791852;354.374341;351.808491;352.429624;353.066377;352.627230;354.886939;350.750445;355.088487;355.159219;352.990420;348.967443;350.428251;353.955844;357.413034;355.165378
1.3831573200956626,10.842741675977347,354.0534077521771,1.3404592942821851,4.986494825639172,1.385271;1.296492;1.373084;1.371853;1.406092;1.363892;1.411638;1.389975;1.354349;1.371852;1.349556;1.402292;1.397285;1.401595;1.385247;1.388008;1.396545;1.347860;1.334758;1.353869;1.411702;1.322170;1.383962;1.418774;1.434706;1.379138;1.369342;1.347931;1.348749;1.355522,10.175076;10.675347;11.251980;10.312673;10.851581;10.740679;10.780401;10.039741;11.125364;10.961895;10.367455;10.804538;10.916874;11.118857;10.940182;10.689853;10.685351;10.680357;11.223201;10.868290;10.599154;10.769773;10.458769;10.597735;10.948503;10.387734;10.652759;10.991233;11.332060;10.785884,354.184846;352.529472;358.350469;350.537988;352.232423;350.792667;356.164455;355.535602;355.054975;354.680776;358.967842;353.780535;349.940238;351.895342;353.386941;351.067172;353.369055;354.117321;356.306967;356.234375;351.292964;358.290610;352.387649;352.105404;353.873343;353.845787;351.287360;356.196145;353.722642;347.928632
0.8711724660011164,11.377937506731882,349.8161854885685,1.2941755345476462,3.7823016123268434,0.866451;0.901512;0.815776;0.860025;0.895561;0.874812;0.849196;0.864442;0.924746;0.890345;0.862231;0.858272;0.829131;0.893566;0.882492;0.854588;0.928724;0.894746;0.897918;0.824366;0.885023;0.854213;0.937124;0.884787;0.910104;0.933904;0.827820;0.877758;0.863539;0.885873,11.630912;11.491359;12.051839;10.989058;11.534952;11.153220;11.413568;10.984548;11.510376;11.134555;11.891670;11.737190;12.222304;11.240926;11.543177;11.538374;11.522908;11.346276;10.996595;11.496577;11.154960;11.753827;11.051476;11.084082;11.447063;11.700014;11.260829;11.697181;11.480644;11.351276,349.647731;348.266669;351.982833;346.839909;349.247627;344.768577;348.655336;352.524919;346.711344;345.063349;351.340771;350.217065;346.475574;350.504978;350.080762;353.752071;349.597211;348.927293;350.542077;351.717400;348.516160;349.275532;349.989204;351.755727;348.657344;350.151605;352.157960;349.239002;349.789225;353.313130
1.3510439029816537,8.199384302948118,345.3331965029977,1.124989982528769,4.65526064433794,1.317208;1.356710;1.355850;1.396827;1.336699;1.340644;1.384745;1.369741;1.260287;1.423235;1.325792;1.327190;1.415779;1.334468;1.288994;1.315728;1.334159;1.416346;1.358279;1.349271;1.380800;1.357146;1.291351;1.369563;1.328170;1.336335;1.346906;1.226508;1.313788;1.299176,7.823887;8.684292;8.352573;8.480371;8.028200;8.413943;8.138055;7.690305;8.219630;7.859193;8.326510;7.770487;8.288026;8.452268;8.017012;8.725348;7.734940;8.105291;8.205067;8.604883;7.986825;7.638546;7.838769;8.114030;8.052646;8.098344;8.439772;8.220566;7.965337;8.783596,348.379644;343.094694;345.956977;344.354087;339.596980;345.104950;343.959726;346.913272;344.353049;346.711185;349.313658;346.430089;346.338090;344.005913;347.701404;345.746898;345.936946;345.874443;343.802505;340.675675;344.270546;346.035808;345.739526;348.322714;344.961605;344.119404;347.064331;344.595547;348.826356;343.689019
1.4328332233667909,10.153849713292617,364.80067477015507,1.213179726084686,3.9140453023824104,1.452704;1.457234;1.452743;1.463279;1.452756;1.375897;1.376819;1.423204;1.428587;1.432694;1.393469;1.480545;1.376766;1.515807;1.457769;1.444885;1.424334;1.411946;1.448733;1.423056;1.396120;1.476618;1.442856;1.417582;1.459488;1.389905;1.512463;1.429074;1.433467;1.434460,10.218613;10.284370;10.260525;9.974519;10.217077;10.152009;10.472200;10.204784;10.202989;10.235736;9.977581;10.186131;10.230489;10.772559;10.812669;10.186059;9.954006;10.104309;10.460688;10.181515;10.788460;9.892128;10.517494;10.655505;10.419627;10.552785;10.205975;10.126016;10.537644;10.271085,364.403840;363.074886;365.470565;365.546666;367.781316;362.884601;368.883915;361.446069;361.603062;367.082463;364.471488;366.415433;365.439986;365.088630;363.880678;366.825126;365.501564;361.573827;364.370124;369.934015;366.148063;364.959021;368.643793;364.279524;364.910435;367.672368;363.849958;362.430211;371.615984;359.281984
0.7189221885554624,10.875552739334761,332.04949205536747,1.3883940626063254,5.4286549770372545,0.743165;0.723207;0.725519;0.802772;0.680915;0.692001;0.753617;0.644640;0.728194;0.759880;0.758019;0.684782;0.656931;0.746413;0.719354;0.732156;0.669896;0.719282;0.692145;0.714945;0.733411;0.704098;0.746855;0.769936;0.812504;0.700094;0.679938;0.618088;0.656375;0.714080,11.346339;10.955960;10.991670;11.117773;10.918847;10.874676;11.005249;10.940797;11.309294;10.682255;10.492608;10.481090;10.990112;11.064827;11.202020;11.028849;11.006522;11.116927;10.462231;11.105400;11.431182;10.433699;10.804751;10.850686;10.918224;10.543508;11.018577;11.112659;10.547347;10.480499,332.260192;333.711483;334.268194;330.114515;331.552629;333.143614;333.751472;331.735598;331.684200;330.868159;328.458700;334.517611;332.282924;333.687502;329.143282;332.927981;334.952152;330.623844;332.996451;333.988569;327.661994;332.566858;333.311720;332.755623;330.104111;332.789256;331.047021;329.565426;330.531939;332.590276
0.4347663832603955,8.436395758987956,342.7461922584813,0.9936227048537734,2.6921252494645413,0.414899;0.487902;0.384266;0.386579;0.371833;0.452689;0.355166;0.450336;0.370572;0.458197;0.411882;0.434856;0.451220;0.446886;0.434753;0.427580;0.546367;0.461405;0.377008;0.409158;0.452084;0.522688;0.430492;0.402805;0.450544;0.431174;0.380279;0.491626;0.435702;0.452159,8.543054;8.057798;8.337575;8.189059;8.654903;8.628744;8.188716;8.242669;8.138489;8.180806;8.875730;8.408569;8.112335;8.522722;8.394377;8.357436;8.130727;8.769754;8.614811;8.726167;8.703040;8.336741;9.150330;8.650072;8.769708;8.441517;8.133300;8.490138;8.195112;8.067156,344.358400;341.831073;340.686594;341.045471;342.889323;346.052476;344.726550;343.994749;342.998933;340.238832;342.789511;340.327638;341.298439;342.128111;343.581873;343.437675;336.753003;340.260309;343.399739;339.435287;341.779021;339.164665;341.200792;345.520924;343.245773;347.296298;342.589432;339.983923;344.976210;344.317661
1.2477841913244307,8.279730402081485,364.1542853641843,0.9129251455942978,2.6309626081796207,1.279618;1.216889;1.324398;1.255859;1.257404;1.206982;1.262080;1.274431;1.253306;1.204098;1.273860;1.288486;1.206040;1.190165;1.189628;1.294766;1.280063;1.262120;1.281277;1.216044;1.290905;1.232639;1.265535;1.284849;1.259837;1.248986;1.217504;1.307683;1.242688;1.213128,8.305514;7.705728;7.922171;8.005597;7.997051;8.732344;8.257917;8.397277;8.330305;8.331256;8.600050;8.353490;8.689606;9.048127;8.008267;8.113358;8.626259;8.063014;9.056189;8.223946;8.112459;7.900794;8.237033;8.125539;8.149228;8.050539;8.120445;8.232464;7.705577;8.292934,365.286062;365.270430;361.985743;362.283504;361.135402;368.729494;365.270843;365.264650;364.919394;367.259328;365.164261;363.327014;366.825598;362.183325;367.108800;366.439199;367.594552;361.729804;360.660600;363.951173;365.390662;368.426480;364.638987;364.235449;366.238411;368.162630;364.993492;367.527459;363.969071;363.727310
1.2287993930750665,9.606858543295802,331.4818193657957,1.178823255539762,6.447615872960536,1.209678;1.269673;1.221686;1.241917;1.163978;1.167319;1.214078;1.215585;1.193629;1.220779;1.202966;1.241742;1.138105;1.231187;1.220461;1.252474;1.262043;1.188522;1.185706;1.220173;1.213507;1.220751;1.267831;1.130427;1.201164;1.231078;1.275273;1.248952;1.215053;1.168576,9.725726;9.868716;10.103513;9.590030;9.349926;9.482829;9.495950;9.862840;9.486766;9.905899;9.508032;9.752344;9.086287;9.319225;9.413599;9.288153;9.406254;9.156095;9.394828;9.771718;9.271688;9.374052;9.626120;9.966841;9.792143;9.288860;9.140779;9.043066;9.476502;10.196546,328.206562;332.972491;332.040918;330.610854;335.490757;331.031373;331.072256;334.406737;330.421880;334.357597;333.229434;330.040047;329.844094;330.676232;329.928147;331.000008;330.396812;329.545895;334.048063;334.245326;327.882823;330.821165;327.923524;335.773702;330.173054;330.169890;331.491326;328.756273;329.773992;331.772904
1.2917422497943596,8.782856028449967,353.63168412737224,1.1091315550326328,3.777535885240461,1.311836;1.268010;1.322095;1.322518;1.309148;1.273512;1.253010;1.343496;1.291359;1.243726;1.266935;1.211735;1.292557;1.261048;1.283407;1.284997;1.321094;1.319099;1.251559;1.215272;1.305746;1.282275;1.262581;1.298755;1.358118;1.311297;1.330587;1.267701;1.314478;1.320735,8.341832;7.894471;8.490218;8.372933;8.557566;8.974479;9.469341;9.341060;8.770608;9.491446;8.829164;8.680435;8.561112;8.956852;9.068188;8.915214;8.754453;9.118754;8.584065;8.445977;8.641353;8.727718;8.194642;8.807097;9.338272;8.892540;9.283828;9.047791;8.803175;8.616351,355.726964;351.325884;351.357139;355.438657;354.157556;353.449333;356.767284;356.616984;350.023607;355.100570;353.679686;353.347340;350.997565;354.057612;353.572941;351.800729;356.079374;350.741841;357.057845;355.593777;353.482381;354.732076;355.986240;354.290250;348.231266;359.041279;353.663513;354.109948;358.059966;353.029508
1.13972872948087,8.782498708529852,360.273275195633,1.089488954984147,3.337410161877428,1.180887;1.102618;1.179119;1.250191;1.131950;1.088989;1.195897;1.239613;1.142724;1.182910;1.103653;1.159309;1.150147;1.100075;1.234948;1.159300;1.137957;1.151956;1.143565;1.121503;1.158244;1.129188;1.150483;1.073389;1.146618;1.068459;1.125653;1.098501;1.144645;1.155678,8.691256;8.455099;9.042247;9.254123;9.195965;8.837739;8.575318;8.783751;9.019860;8.994881;8.911969;8.382879;9.091143;8.173403;8.728956;8.669103;8.635922;8.411773;9.175761;9.159575;9.256106;9.225918;9.066509;8.932016;8.727620;8.827569;8.332120;8.913351;8.979011;9.097573,360.863292;361.965520;359.639772;358.719489;362.641308;360.834190;364.812320;358.757040;361.450062;355.409006;362.863998;361.441198;361.546301;360.861954;361.710683;354.570384;361.333771;359.814285;364.195289;363.879800;358.740854;358.318563;359.218934;357.463657;359.226142;361.014446;361.428740;363.940182;360.724183;356.705616
1.5323062462706563,11.223138055772303,342.14412756505675,1.3967856999312651,6.0940390468432275,1.507039;1.591501;1.498957;1.503964;1.553492;1.433174;1.475351;1.507869;1.553763;1.541952;1.573857;1.470810;1.444839;1.524996;1.537185;1.523297;1.515836;1.533589;1.529774;1.517134;1.503718;1.528372;1.459261;1.511910;1.545935;1.467201;1.466754;1.513552;1.570744;1.480915,11.344919;11.073690;11.634612;11.023134;11.179405;10.650739;11.510206;11.350506;11.941338;11.327533;11.385105;11.072852;11.198573;11.377986;11.326575;10.839718;11.175681;11.106547;11.907505;11.004457;11.446130;10.816592;10.985351;11.537358;11.431077;10.549501;11.245814;11.164341;11.655705;11.507054,347.027489;344.466885;337.247433;340.959524;338.292527;343.558063;343.462941;341.976653;338.476589;344.410916;346.046194;342.835346;340.704548;344.570795;335.990234;345.628184;346.461686;340.290787;339.905503;343.583053;344.040538;344.878840;345.368049;337.220301;342.876919;342.752443;336.658019;335.238007;342.443483;343.995774
0.7732500428956238,8.401006289851725,354.92082872860965,0.9474854331200929,2.6260550556483535,0.772647;0.790883;0.743269;0.840180;0.842122;0.778216;0.784967;0.767745;0.726809;0.739694;0.790935;0.742106;0.757228;0.780934;0.694073;0.776697;0.805619;0.747534;0.778234;0.719854;0.781955;0.772655;0.760706;0.791772;0.821506;0.830721;0.814627;0.778193;0.816668;0.798711,8.370688;8.260747;8.381894;8.188954;8.664750;8.177460;8.329861;8.207118;8.397634;8.969730;7.995323;8.099099;7.935327;8.847821;8.635910;8.592153;8.509718;7.961332;7.833457;8.609253;8.290330;8.151988;8.818434;8.200396;8.712815;8.175129;8.532556;8.679564;8.569836;8.287186,355.129107;355.493272;353.084640;352.194154;354.736080;353.290557;352.824851;356.942287;355.340720;355.804331;352.399836;355.223736;351.739069;354.106857;354.502934;357.605932;354.737030;361.314055;351.474017;354.897367;353.509096;359.431098;351.477028;356.454712;360.713494;353.876918;354.018330;356.257418;356.200754;356.062507
0.6615669985901971,10.92080148286706,360.5240699410216,1.0062692136317346,2.607119554221197,0.643995;0.595544;0.659030;0.654033;0.699808;0.626011;0.638319;0.604622;0.596070;0.684287;0.629129;0.665221;0.686915;0.650266;0.693963;0.658106;0.662743;0.696339;0.604958;0.571791;0.597814;0.670200;0.693336;0.679404;0.683327;0.685704;0.578793;0.627403;0.709752;0.659045,11.034643;10.620158;10.992916;10.790765;10.642386;11.086035;10.930059;10.713425;11.235632;10.427395;11.058113;11.340327;11.109278;10.601035;11.360555;10.837504;11.132610;11.485228;10.828876;10.747004;11.117447;10.618766;10.231794;11.182415;10.697428;10.986822;10.512504;10.715279;10.341331;10.795536,364.527653;361.871716;360.561607;355.580355;362.034972;361.633295;356.767421;356.755187;362.342094;361.692868;361.760279;359.680282;361.636822;359.900771;363.113431;364.344214;357.498707;363.870151;358.727221;359.691774;359.145054;358.234827;362.276304;358.736323;362.381315;360.584673;363.007431;359.730943;359.984124;360.813800
1.4804317465216554,10.564786369753344,338.76431109734455,1.3026875102963256,6.493066636717387,1.499976;1.522737;1.466380;1.532237;1.452443;1.521786;1.509140;1.450671;1.535768;1.457649;1.522477;1.402940;1.433502;1.442078;1.419339;1.420024;1.451455;1.517346;1.526945;1.443216;1.478433;1.456235;1.426458;1.386527;1.438422;1.532049;1.544998;1.546532;1.501416;1.447653,10.556828;10.560889;10.665846;10.673785;10.456363;10.529660;10.770283;10.579505;10.941664;10.626741;11.212167;10.887150;10.513986;10.167550;10.746061;10.764818;10.344737;10.478541;10.372572;10.982611;10.309304;10.483466;10.285871;10.611842;10.809956;10.207033;11.337789;10.407703;10.379952;11.009219,339.202396;338.359337;340.952149;342.947402;339.103730;338.370215;339.142258;342.527448;333.767711;338.125018;337.830020;337.320530;335.675430;338.575374;341.878238;335.532502;342.107989;338.519861;340.568753;336.412945;335.202020;339.255151;335.660805;335.834030;340.735578;340.869132;338.345745;340.024528;339.521238;338.391402
0.9474332261048984,9.881828383156849,350.92983319904675,1.1700005028485856,3.5803402493788186,0.993015;1.018895;0.898793;0.976816;0.909702;0.947799;0.984362;0.923884;0.956237;0.885079;0.919451;0.963260;0.975860;0.980122;1.038106;0.875181;0.936127;0.969553;0.888873;0.913183;0.954776;0.936692;0.922670;0.898506;1.019394;0.920872;0.990533;0.971765;0.973025;0.910677,10.216186;10.002797;9.982282;9.535872;9.597131;10.664451;10.068983;9.153071;10.633190;9.501113;9.292516;9.663391;9.992960;10.102385;10.268431;9.361575;10.073602;9.651683;10.152587;10.082311;9.898324;9.817633;9.401411;9.636655;9.755779;9.745098;9.279840;9.960703;10.237515;9.417491,351.678926;349.283709;350.491295;349.010458;353.294316;352.821511;353.976171;349.132541;355.892813;353.923587;350.216368;348.938342;352.459241;351.376306;352.984520;344.584646;349.632002;349.449415;350.975123;352.832951;352.277979;353.078899;351.600534;350.105884;350.903586;346.204879;351.143602;352.924871;349.890605;350.527218
0.7386703619682858,9.380330628039555,330.3257237867476,1.2710580954188693,4.615722901265719,0.692369;0.712786;0.668842;0.740054;0.773030;0.746668;0.780757;0.756679;0.675932;0.751811;0.707926;0.792615;0.768881;0.770427;0.747552;0.713073;0.750569;0.788518;0.756338;0.743500;0.741043;0.837100;0.793365;0.705215;0.733274;0.776439;0.805658;0.800261;0.702203;0.725460,9.470315;9.751530;9.167632;9.672515;8.893796;9.289968;9.581585;9.516285;9.616735;9.743800;9.578503;8.757651;9.302561;9.496783;9.303305;9.096131;9.638861;9.571078;9.338608;9.559351;9.292485;9.235569;9.681057;8.981044;8.848277;9.618076;9.236741;9.902375;9.720642;9.210982,333.686514;332.828610;328.079603;328.948213;330.448362;329.891391;334.235634;329.309828;332.336540;333.085215;329.334925;328.378337;327.971770;333.426536;330.301067;331.576104;329.009374;328.820527;332.891981;329.404035;333.117823;329.639181;329.727748;328.108864;327.936292;329.270018;327.167350;337.257146;333.016971;335.859180
1.4612780273925023,10.971653200552245,344.93468777332333,1.318978227952492,5.773586971184434,1.490266;1.448836;1.433588;1.511671;1.404648;1.499630;1.451581;1.482131;1.472819;1.458979;1.452924;1.505023;1.486716;1.496913;1.496682;1.484357;1.486511;1.403049;1.410300;1.426899;1.452252;1.428091;1.503284;1.483536;1.478337;1.421436;1.500328;1.509510;1.501961;1.488721,10.645050;11.211925;10.921897;10.618996;11.336776;10.839195;10.642703;11.579153;11.092545;10.977295;10.129409;11.662745;11.047522;11.447579;11.239428;10.901545;10.903852;10.765557;10.614821;10.901974;11.128295;10.864956;11.009435;11.216840;11.055953;10.692226;11.255359;10.573822;10.408938;10.845093,348.700888;343.388438;344.935720;346.271055;342.458469;348.776300;347.828723;341.936023;344.930543;343.006338;345.454593;345.170469;342.494779;349.059087;345.694845;344.172207;348.589638;347.299742;346.988712;343.538794;347.561849;349.687989;348.930150;341.588569;348.157816;343.916536;344.663446;343.525285;344.640033;343.812418
1.2012564285918121,11.156402601642828,355.04732638908445,1.2760756536346294,3.957834608282859,1.165076;1.186724;1.142445;1.153411;1.223445;1.205636;1.231243;1.202541;1.204605;1.256470;1.256310;1.213044;1.236889;1.221317;1.212293;1.164567;1.189731;1.211894;1.234834;1.274171;1.191533;1.134111;1.182487;1.227091;1.184793;1.276667;1.163529;1.240810;1.176337;1.287405,11.466394;11.518825;10.598133;10.935310;11.071495;10.722757;12.141422;10.891690;11.492415;11.685993;11.540783;11.453983;10.498289;11.587111;11.713766;11.185042;11.213818;10.747235;10.701290;11.092187;10.915349;11.543328;11.371387;11.376759;11.030507;10.750305;11.135424;11.033121;11.322632;11.089705,355.836501;356.630926;356.038804;352.291023;357.330962;350.461582;353.461260;350.773595;356.473731;359.353670;352.667978;354.033513;358.626463;353.562207;352.750169;354.453077;356.067730;356.661452;352.207347;357.713537;354.309243;353.106775;355.576470;354.842604;354.215691;353.929305;350.559186;358.700075;356.568100;358.823082
1.5614628089143965,11.14248951548671,363.0684402267745,1.2560121964870117,3.900932110343102,1.525111;1.598133;1.566727;1.600697;1.587562;1.579938;1.504434;1.514300;1.492449;1.527279;1.633602;1.660077;1.632012;1.593160;1.539210;1.472652;1.616809;1.642181;1.696291;1.560213;1.465653;1.525768;1.609064;1.461373;1.512211;1.570546;1.486350;1.523343;1.578551;1.516872,11.566459;11.617591;11.363576;11.350220;10.930237;11.002838;10.628675;10.938581;10.725358;11.331726;11.125440;11.050573;11.502965;10.833598;11.160541;11.125393;11.008698;11.086895;11.288882;11.102746;10.581657;11.749397;11.064583;11.029008;10.913621;11.194143;11.316337;11.840854;11.078726;11.428019,360.563592;364.923633;360.702623;364.548969;364.771763;359.578326;362.968775;363.029676;361.622780;364.038248;364.257259;365.744994;362.718140;364.692953;363.031254;366.927111;362.467331;360.433390;363.678134;360.331873;365.644042;363.332895;366.293521;365.000805;363.826108;362.095068;362.511273;362.687384;362.002779;363.159407
0.46968971080072575,11.512377639232598,338.3489699699141,1.4880846175370634,4.427921877484637,0.471713;0.454481;0.470442;0.453741;0.523566;0.452614;0.497846;0.436050;0.468530;0.491623;0.481870;0.553393;0.501140;0.467316;0.445092;0.479997;0.480655;0.452530;0.538470;0.405524;0.490220;0.476407;0.456664;0.470042;0.475481;0.529232;0.403080;0.448528;0.456542;0.434928,11.800891;12.308431;11.306736;11.328914;11.742646;11.512432;11.540373;11.540149;11.716063;11.673753;12.096748;11.326013;12.254129;11.911880;11.140785;11.351340;11.707896;11.235782;12.000253;11.969396;11.327243;11.578597;12.034556;11.776333;11.857291;11.742657;11.463318;11.401813;11.279164;11.257843,336.470163;342.108806;337.661009;338.823850;338.507485;338.300386;334.404092;338.044807;334.049489;338.810869;342.800724;336.895284;337.771104;338.394510;338.946516;338.551017;334.917121;339.092421;337.182964;340.101560;335.365886;339.049046;338.689924;342.155451;341.613141;340.133764;341.803765;339.333406;335.029056;334.634128
1.0688322708142166,11.873750151103275,350.4218050358274,1.3963203484061169,4.460869907265786,1.123970;1.041557;1.064014;1.063904;1.072927;1.036462;1.035861;1.048336;1.045622;1.092132;1.050384;1.114636;1.082369;1.078523;1.001953;1.057164;1.055967;1.090365;1.003423;1.137447;0.950545;1.145290;1.085848;1.060254;1.115331;1.102196;1.103948;1.075757;1.084627;1.078591,11.366407;12.251621;12.290023;12.023684;11.931202;12.030145;11.722478;11.745839;11.871573;11.850112;11.989417;11.908909;11.988061;11.790121;11.953056;11.283002;11.326301;11.638383;11.898640;11.676266;11.970842;12.339920;11.772978;11.896359;11.948450;11.797805;11.680602;12.000494;11.595941;11.581139,349.201271;354.547411;350.460059;351.990857;351.782121;347.315136;351.506532;342.264792;350.286300;350.482513;352.604330;349.040687;348.544817;348.049758;348.049145;349.488611;351.448402;349.581150;349.464909;352.168765;346.529275;350.822710;349.764653;348.265967;349.215007;350.243650;353.115684;355.290556;350.120977;352.324097
1.4978001630416276,8.112455975729896,359.20838161725936,1.0218808524054621,3.462494081998581,1.566291;1.527303;1.569362;1.511191;1.477593;1.588804;1.497423;1.512180;1.462273;1.383015;1.530758;1.507058;1.489237;1.526316;1.522518;1.593526;1.422590;1.493228;1.521371;1.557740;1.439176;1.456866;1.499830;1.450018;1.499315;1.475143;1.562298;1.546884;1.438720;1.506002,8.021334;7.981203;8.317268;7.444320;8.210490;7.714544;8.265211;8.072476;8.219908;7.343818;8.547744;7.842502;8.005009;7.744178;8.196151;8.356332;8.106370;8.296717;7.196837;7.857897;7.680728;8.574760;8.353002;8.142087;8.217116;8.450733;7.842414;8.007674;7.910667;8.068686,359.595616;360.533808;362.292012;358.997973;352.850017;362.537181;360.851984;356.847194;361.025949;358.418150;359.741950;358.492003;360.429522;359.356704;362.267485;359.705437;359.236625;357.334713;359.942408;358.373516;361.087946;357.119492;360.216207;358.930770;360.367529;358.977203;357.507787;359.321396;360.771328;355.614421
1.2063737107388421,9.107537794998859,360.4414920067671,1.0040530032679655,2.921999300254069,1.295038;1.242204;1.235056;1.155360;1.242977;1.200592;1.195808;1.266395;1.227164;1.191187;1.225665;1.268597;1.223700;1.158408;1.189337;1.221819;1.184712;1.150505;1.238102;1.190085;1.219960;1.148490;1.227486;1.195067;1.187175;1.156060;1.303424;1.180529;1.165431;1.154526,8.622230;9.709523;8.468204;8.497967;9.001134;9.560171;9.168694;9.448159;8.911625;8.669654;9.117541;10.119351;9.150703;8.933159;9.083849;8.755954;9.450300;9.420917;8.752764;9.326770;8.826912;8.841593;9.808277;9.031584;8.864111;9.165943;9.535123;8.958901;8.962335;9.098311,361.612558;356.388572;355.811743;364.322455;364.390932;362.987177;359.856041;361.732329;361.213602;359.911575;365.400181;361.025363;362.701946;363.307443;364.124137;356.043824;356.994486;359.639105;360.542242;357.769923;359.617133;361.942954;357.955971;361.800360;361.264392;361.847006;360.030388;356.982613;357.633968;361.319635
0.8806506300782925,10.3924005530665,334.10831025547964,1.408281416264933,5.848796649908242,0.884131;0.909277;0.898637;0.886059;0.876903;0.959661;0.856933;0.900424;0.855398;0.864466;0.926889;0.822723;0.912083;0.832111;0.877270;0.849420;0.881069;0.871755;0.900293;0.859473;0.888859;0.859282;0.830693;0.885000;0.883330;0.921746;0.918731;0.888878;0.938374;0.862890,10.413364;10.680255;10.307312;10.148435;10.662262;10.255821;10.436766;10.686264;10.090602;10.472524;10.146585;9.471013;10.192566;10.538939;10.761281;10.898542;10.501840;10.670796;10.137147;10.123736;10.894753;10.919714;10.316303;10.864490;10.850189;10.707181;10.367753;10.140683;10.218733;11.001943,335.015382;333.189546;338.168084;328.481335;332.630780;338.768160;334.113488;331.106621;334.176432;333.194470;334.801230;334.569951;334.564311;335.064386;336.570462;332.051271;330.751928;336.821011;333.272843;337.869903;339.152428;335.320718;334.745092;334.832271;331.430878;332.328157;331.746042;335.913141;337.109072;334.963186
0.4719056832120946,11.52444452568756,349.68702880987246,1.17315507232994,3.0488240391361336,0.467941;0.474393;0.476075;0.436620;0.428695;0.473928;0.491526;0.563031;0.482129;0.477509;0.485947;0.466900;0.480664;0.547313;0.483695;0.499069;0.454892;0.429988;0.424373;0.465665;0.472759;0.511019;0.429916;0.395640;0.431195;0.430967;0.481367;0.496698;0.513247;0.531644,10.929677;11.305457;11.833809;11.339545;11.081278;10.891279;11.199743;11.590083;11.700456;11.627242;11.285539;11.768080;11.348018;11.864344;11.682520;11.855316;10.841349;10.946069;12.061143;11.172067;11.503917;11.415128;11.546311;11.246884;11.969776;11.796163;11.445008;11.651369;11.375911;11.524396,346.464211;351.587886;348.569082;350.298797;350.621397;348.116753;350.156877;352.390220;347.452264;350.050114;348.789319;347.126236;346.469028;347.993580;352.791574;345.847167;349.521612;346.001938;347.479373;350.968606;349.163961;351.284506;350.164049;347.432400;351.299409;350.134174;347.520222;347.129396;348.279417;351.458447
0.6786637080578205,8.629307340887788,360.27898066083344,0.8091764878219702,2.0955421019474954,0.658245;0.726513;0.710088;0.653228;0.695818;0.692684;0.637520;0.668960;0.724365;0.657134;0.662080;0.735068;0.677032;0.761257;0.695458;0.715292;0.717107;0.680741;0.647721;0.643849;0.708810;0.646414;0.735035;0.704304;0.638201;0.695182;0.675587;0.676010;0.674347;0.724646,9.102495;8.734837;8.571138;8.511562;8.795862;8.978127;7.875233;8.605984;8.167328;8.689041;8.475807;9.049179;9.083112;8.562588;8.210137;8.788109;8.392760;8.524400;8.501310;8.466487;8.311101;8.522789;8.910952;8.459621;8.113137;8.165782;8.617923;9.120231;8.475246;8.811450,360.439703;362.556352;362.543378;359.388607;359.440065;356.913548;360.229989;360.585020;361.788323;363.848598;356.732877;365.363765;357.512026;358.379917;361.477721;362.480182;363.537945;359.416459;362.171490;359.523402;364.501301;357.653185;357.851840;356.483985;358.342386;359.882003;363.733233;362.320020;359.005734;363.875188
1.2672810480237988,9.188334272033538,335.9012075618812,1.0871923179822416,5.383847083441912,1.320872;1.280889;1.267070;1.219340;1.291411;1.310896;1.224199;1.262893;1.322686;1.223873;1.264323;1.132382;1.269567;1.239155;1.325692;1.260637;1.252659;1.304955;1.234137;1.274803;1.326476;1.305326;1.284803;1.225486;1.305600;1.269501;1.192681;1.325983;1.302560;1.279208,9.026565;9.021597;8.604701;8.818719;8.947078;8.624136;9.058549;8.935916;9.282923;9.412542;8.963684;9.535177;9.750888;8.865192;9.295748;9.296882;8.927502;9.150790;9.072058;8.953693;9.289110;9.067736;9.649395;9.445714;8.924432;9.272659;9.313261;8.655080;8.586926;8.796709,339.361933;334.284755;341.680451;335.705667;337.614944;337.646686;337.894932;331.001266;337.544977;338.202971;335.421019;335.016771;337.121330;332.336785;335.715648;332.938380;336.831109;335.294468;337.238950;338.659603;330.251207;335.868568;335.969156;340.434278;336.141676;337.610899;335.223968;333.048838;338.257262;335.791409
1.4836984973517588,10.994205579896022,332.94461141442883,1.2404845554124542,7.128395357017781,1.514370;1.431543;1.494635;1.516700;1.471209;1.489886;1.410485;1.547830;1.558247;1.475879;1.457683;1.485037;1.467564;1.480114;1.511468;1.490852;1.513435;1.533146;1.531510;1.548400;1.491476;1.557329;1.479891;1.478744;1.529709;1.480638;1.539568;1.501442;1.492904;1.482115,11.418642;10.736186;10.869585;11.730893;10.459664;10.633054;11.630548;10.725483;10.720102;10.450555;11.251932;11.198885;10.845090;11.616259;10.971398;10.806781;11.288728;11.040813;11.156498;10.988106;11.301771;11.036696;11.121748;11.218740;10.453748;11.115193;10.933190;10.838150;10.829222;11.065905,333.989381;332.665652;332.737731;334.738780;328.431715;332.297294;335.296225;331.868257;333.925428;332.360755;336.269465;331.312712;331.342775;333.887430;331.633166;336.070931;335.392402;336.532770;334.088190;333.548081;332.156617;333.009950;329.221244;332.731739;331.959271;330.956396;334.792265;332.397410;334.166637;335.004108
0.7314415947003642,10.797463694752537,362.6354467115461,1.0020258492781833,2.6217855565256727,0.697705;0.640728;0.772189;0.718133;0.734994;0.703939;0.800883;0.718936;0.709589;0.692652;0.786015;0.707621;0.725244;0.705498;0.721650;0.746185;0.744162;0.699308;0.779322;0.744490;0.731387;0.739136;0.738093;0.676546;0.784393;0.699398;0.733767;0.728196;0.720852;0.725499,11.073577;10.515119;10.646218;10.139775;11.024870;11.305258;10.819580;10.662724;10.713435;10.971047;10.711860;10.767023;10.895593;11.007949;11.141705;11.058798;10.745806;10.508056;11.006214;11.065241;11.719714;11.016972;10.661652;10.078249;10.105015;10.312293;11.176626;10.685406;10.941184;10.706818,359.402309;363.237407;365.839727;360.208661;360.973333;360.702947;367.210970;365.814538;361.744081;363.022468;361.072567;361.782378;360.657033;358.336410;363.012169;364.578079;363.808313;360.203890;357.821264;362.588181;362.043489;363.642708;363.098719;369.358017;364.309689;362.676348;362.466550;365.028171;363.068663;361.408823
1.0360490373952977,10.423913243773873,350.0667618871121,1.3123717219636997,4.515666021282277,1.073663;1.080195;1.127752;1.022491;1.089855;1.007749;1.026812;1.127090;1.088720;1.059312;1.066024;1.022547;0.982768;1.057402;1.035775;1.025533;1.008359;1.058360;1.020790;0.992593;1.004369;1.048234;0.953248;1.035717;1.021651;1.071430;1.048652;1.061188;1.054239;1.085233,10.450211;10.441282;10.004394;10.505479;10.079855;10.423580;10.978239;10.142218;10.324101;10.311730;10.060422;9.793576;10.238855;11.055631;10.249553;11.072817;10.499062;10.665703;10.105463;10.489372;9.895101;10.176942;10.252777;10.653494;10.499470;10.452045;9.775749;10.803637;9.990567;10.178283,351.505589;351.221760;349.514352;348.976320;348.537970;348.459017;349.990358;343.966629;350.511969;344.253305;346.395471;351.901046;349.749084;352.180180;350.513207;345.876694;349.858215;353.424945;352.470573;351.717613;352.307871;354.301660;349.722007;348.901716;348.880894;348.362911;347.563868;351.250489;346.831858;346.946195
0.540478210458292,9.568777004879223,354.26832324442455,0.8737773504058977,2.17305245229935,0.530005;0.587374;0.491165;0.557083;0.536870;0.531037;0.489294;0.563671;0.530105;0.552646;0.560503;0.534687;0.628276;0.588740;0.503837;0.515387;0.532655;0.514981;0.553533;0.477598;0.571909;0.493247;0.548334;0.527957;0.568036;0.547592;0.511418;0.491560;0.466104;0.472398,9.243441;9.803988;8.919040;9.873519;9.330528;9.900232;9.270025;9.611717;10.230530;9.372250;9.830424;10.012322;9.391256;9.568764;9.292279;9.510052;9.752399;9.142165;9.625462;10.063945;9.314909;8.963133;9.629727;9.983766;9.310145;10.069076;10.114973;9.935019;9.747785;9.501320,353.229479;350.649764;353.812528;355.466409;355.929871;350.824910;354.007764;354.133139;357.629562;352.420697;357.147448;356.914446;356.360168;353.669302;352.106657;352.311332;357.434266;354.482237;360.490206;354.469094;353.729670;353.806707;357.267432;351.834677;353.554456;352.952519;354.863675;353.399106;355.504701;356.709843
0.9485873033130852,8.270316320156903,360.6053550184141,0.8847686585232938,2.4465791681252855,0.950246;0.921123;0.943460;0.890867;0.944136;0.976745;1.077264;0.998564;0.915251;0.978355;1.021898;0.963573;1.034682;0.958295;0.901869;0.868329;1.037198;0.960807;0.992847;0.926929;0.947576;0.951973;0.962880;0.983243;0.951981;0.983056;0.926482;0.968560;0.877652;0.909775,7.951155;7.897922;8.370175;8.277339;8.115988;8.327952;8.283214;8.727482;7.740189;7.981614;8.133842;8.620188;7.862125;8.060089;8.501476;8.448772;7.922764;8.256822;8.768997;8.285656;8.731300;8.765512;8.370333;7.866869;8.212676;8.133960;8.406479;8.221392;8.569737;8.175246,362.838135;359.161685;363.638655;366.492530;359.126430;360.392711;358.433952;363.359915;357.671656;358.163363;365.012874;361.327599;363.627964;357.544898;361.816054;354.791780;359.818799;360.589947;355.244343;364.136230;365.087281;359.373449;359.762016;361.409155;362.213294;358.725370;357.854431;359.790279;361.363846;360.896004
1.3980457956745254,10.76154072201982,331.4085691488015,1.2240438784341363,6.7970077125613395,1.415234;1.380075;1.362413;1.482744;1.419343;1.323166;1.447167;1.363756;1.321019;1.451592;1.319396;1.376521;1.354257;1.345726;1.408544;1.316137;1.421752;1.419883;1.432213;1.425241;1.300411;1.336975;1.327817;1.358635;1.361665;1.350573;1.367437;1.464248;1.298041;1.358943,10.695725;10.569179;10.824285;10.523261;10.830201;11.224211;10.500449;10.459914;10.938680;10.521811;11.282895;10.664171;10.660291;11.365697;10.436890;10.964182;10.593274;11.306656;11.512150;10.445273;10.385301;11.030825;10.464076;10.531973;10.687333;10.544019;10.207280;10.445985;10.739844;10.634364,331.475267;332.883815;329.518663;326.839752;333.827479;329.116917;329.276221;330.206006;333.511249;329.787779;326.174861;333.084068;331.518270;333.413659;329.785063;332.546590;332.578506;334.025502;332.026243;330.952842;336.072786;329.059167;333.450164;331.358311;331.097855;331.393519;328.489009;330.465767;330.751688;333.560001
0.5017234843380076,10.75832935034374,364.33897346417086,0.869911964225331,2.142176976462897,0.455434;0.553882;0.437843;0.474995;0.524912;0.452464;0.518944;0.561708;0.510938;0.598621;0.536868;0.543341;0.461252;0.513801;0.523580;0.531573;0.452065;0.475631;0.619567;0.565211;0.533675;0.457846;0.570170;0.526721;0.508524;0.474735;0.478251;0.506044;0.545318;0.493566,10.403889;10.631802;10.667518;10.704053;10.632371;11.059577;10.670113;10.534108;10.435097;10.948418;10.448415;10.614018;11.278418;10.077401;10.608819;10.429477;11.009681;10.875524;11.010252;11.049125;10.846026;10.709481;10.781129;10.721001;10.652632;10.695673;10.943061;10.651750;10.601745;11.086707,360.201910;364.256157;362.945584;366.081551;364.630353;365.156139;365.172702;364.118674;366.083317;368.412244;358.978433;362.146166;366.421696;364.223141;360.297068;367.079658;359.928973;366.588313;360.844874;365.517671;361.482675;364.455324;365.937397;363.133360;363.204957;365.288733;364.232054;364.499287;367.601603;360.626143
0.7964361471189252,9.471041499896456,344.0233394018671,1.2370396197704736,3.918057729383795,0.741893;0.706633;0.867001;0.774361;0.810296;0.800450;0.828827;0.817279;0.759642;0.842541;0.828346;0.782270;0.883944;0.799286;0.822344;0.764983;0.843333;0.792941;0.811974;0.791619;0.835089;0.791228;0.766303;0.757971;0.804263;0.787557;0.800466;0.797683;0.851391;0.739448,9.340905;9.201160;9.294395;9.263000;9.449118;9.422976;9.607186;8.938226;9.956379;9.870811;9.394609;9.087840;9.518718;9.636755;9.388790;9.849868;9.217108;9.756194;9.942116;9.691011;8.914526;9.340045;9.506663;9.295253;9.586563;9.068370;9.047235;9.621725;9.584719;9.346821,343.687142;343.024554;341.354383;341.760321;343.253495;348.161602;347.437095;347.568690;339.910152;343.277528;337.375282;342.378360;351.233541;344.949524;348.577541;340.356778;344.299464;339.269855;343.998247;341.275967;339.875825;343.227069;342.405609;347.464564;348.519195;344.331338;341.613404;345.527829;343.204389;343.877971
0.7562608878852646,9.842326125953925,342.70826693520445,1.268460460560779,4.309652735444696,0.823326;0.787499;0.817040;0.792319;0.757535;0.751710;0.786209;0.839141;0.822363;0.673734;0.780990;0.723169;0.701384;0.759004;0.754060;0.753320;0.720887;0.801725;0.758342;0.760007;0.622357;0.794706;0.774987;0.726415;0.758060;0.705121;0.710674;0.672247;0.711068;0.760094,9.835177;10.222729;9.862467;10.146360;9.573061;9.276467;10.075211;10.030586;9.490847;10.248531;10.021906;9.889949;9.484562;9.741299;10.167890;9.690410;9.997093;10.383788;9.805419;9.145427;9.616350;9.711720;10.082864;9.739600;10.003088;9.706950;9.947608;10.231555;9.491443;9.641997,341.905937;346.182127;342.165098;338.057536;344.778562;341.580631;343.593287;345.365281;345.546179;341.874528;345.377033;345.146471;339.247233;344.430063;344.393142;342.238220;338.673793;351.558607;341.197113;339.779835;343.066801;342.330007;338.930631;341.724371;340.876697;341.938993;344.713277;339.852949;344.490394;341.075086
1.3967962807548726,11.90011024966959,355.02065819844245,1.312194399902942,4.059973945215331,1.374853;1.419277;1.412484;1.361284;1.324737;1.327964;1.456476;1.444718;1.453730;1.377319;1.401606;1.306742;1.359684;1.457202;1.392172;1.383176;1.319036;1.393285;1.418768;1.384672;1.406487;1.447461;1.389533;1.387164;1.343742;1.427321;1.353927;1.361227;1.410239;1.404532,12.012145;11.872338;11.560526;11.679253;12.002551;11.827264;11.173379;12.157433;12.103998;11.999723;11.651248;11.135284;12.387274;11.652669;11.636640;12.069891;12.100515;11.515761;11.647492;12.067447;12.760686;12.202638;11.864855;11.784904;11.778581;12.026711;12.484375;12.664602;12.004945;12.005617,352.519114;352.943433;353.334004;355.331801;351.538421;355.330973;349.913946;352.159897;354.778275;351.837292;356.111656;355.071746;351.294393;354.242821;354.576642;357.366637;355.422151;350.613737;353.666470;356.094650;351.048346;357.066457;356.850404;356.099323;355.212457;358.730488;355.075573;354.744737;351.060534;361.773650
0.6476671147645904,11.89070290845366,333.79222442086024,1.533776139388232,5.861417086725131,0.600961;0.675786;0.629034;0.638964;0.721384;0.674757;0.631758;0.632079;0.608623;0.717292;0.643911;0.676909;0.598698;0.694390;0.649746;0.630814;0.601155;0.666269;0.640675;0.697221;0.542962;0.668972;0.618992;0.650672;0.668770;0.675341;0.689605;0.721145;0.605312;0.695597,11.850512;12.225137;12.140220;11.990331;12.676920;11.537486;11.586929;12.122218;11.962981;11.877622;11.617698;12.021053;11.647792;11.573381;12.051795;11.711587;11.719646;11.462072;11.568405;12.084375;12.041143;12.213979;11.908570;12.118569;11.649777;12.261812;12.626452;12.240203;12.274994;11.686779,335.641553;333.117662;337.069032;339.797608;332.923732;331.020205;334.479046;330.666838;331.736954;334.071689;333.352305;335.198739;331.711498;336.484656;332.065340;332.250442;333.148490;335.619636;330.837019;332.370200;336.888015;329.554413;335.176196;331.843819;331.432322;331.497958;333.075183;333.518365;332.670836;333.397748
0.8726215847003009,8.034200832264498,348.6149488188245,0.9867708366625967,3.034039187461861,0.821457;0.846793;0.915814;0.927941;0.973665;0.896415;0.870025;0.925781;0.859454;0.893869;0.933418;0.879151;0.804795;0.838603;0.899367;0.862900;0.807660;0.886408;0.855403;0.895177;0.849444;0.924704;0.908605;0.842700;0.785725;0.858705;0.892615;0.906381;0.839604;0.917437,7.902556;8.099093;8.014745;8.283493;8.109013;8.195570;7.723043;7.762166;7.688344;7.763106;8.127294;8.107622;8.800226;7.917733;8.192419;8.118426;7.591915;7.094399;7.870270;7.952472;8.480240;7.442002;8.647224;8.166511;8.062654;7.809315;7.849745;7.926712;7.971394;7.614514,348.040912;352.575310;349.631386;349.258724;346.413360;346.771621;345.845859;349.607232;346.963691;351.005237;350.280009;351.565225;346.147117;348.954833;346.688899;349.784198;345.837051;355.781918;350.474395;348.053578;347.864545;348.441536;346.530545;347.646455;345.907244;346.466022;350.339081;342.530741;348.767981;351.240145
1.5898148481770764,9.521906497375545,349.9207358860565,1.225309300326044,5.304651195597139,1.595529;1.566392;1.596396;1.642624;1.558092;1.583864;1.615264;1.543205;1.593798;1.627426;1.605179;1.554777;1.661805;1.626614;1.552868;1.645646;1.558160;1.601452;1.636185;1.630651;1.589769;1.596669;1.527778;1.604426;1.625682;1.566213;1.568622;1.604827;1.560510;1.561512,9.031651;9.889478;10.034891;9.192608;9.407591;9.286011;9.712932;9.466986;9.588627;9.433814;9.285868;9.321434;9.349665;8.978187;8.786845;9.866763;9.460257;8.971662;9.494445;9.587466;9.534612;9.500690;9.657723;9.069209;10.252820;9.831007;9.655919;9.522599;9.240884;9.796020,350.867418;352.346893;347.948343;348.419089;349.856812;346.466634;354.937855;349.700334;350.903423;350.743534;347.335242;346.953230;352.662716;352.574183;350.759512;350.147309;351.904328;349.919683;352.735644;348.586887;349.748892;346.999527;354.432457;348.068184;350.018134;345.410660;348.186198;348.448775;348.816862;344.864749
1.1170883301060537,9.485814130997857,345.3851190141561,1.1699159495818812,4.485886723749544,1.113180;1.113032;1.145629;1.059723;1.097628;1.147551;1.133148;1.075021;1.152402;1.114253;1.223694;1.113317;1.148513;1.085997;1.070245;1.128243;1.049343;1.147531;1.092807;1.161282;1.042601;1.103642;1.134303;1.113884;1.106657;1.097151;1.151247;1.185190;1.127830;1.141999,9.443392;9.600467;9.824305;9.720077;8.893790;9.683299;9.422969;9.452678;8.680092;9.290586;9.142917;9.589805;9.280574;9.795897;9.774794;9.356744;10.049063;9.617961;9.199181;9.818940;9.434730;9.680947;9.531915;9.735627;9.375921;9.299619;9.764829;9.578857;9.627557;8.779898,349.349545;342.193923;347.174444;348.157021;347.087158;344.781771;342.846997;347.323127;345.240866;347.532644;346.016910;347.065229;344.613613;339.829412;345.309566;347.441200;340.929397;347.140213;345.212021;344.890836;346.915301;344.679947;345.887751;341.389218;343.836669;345.233611;347.661487;349.333212;343.925460;344.168985
0.5323886714912012,11.791145433287209,331.8114206165872,1.5959595526498753,4.750578166059928,0.572622;0.491623;0.561317;0.494103;0.562439;0.584693;0.482837;0.583280;0.530767;0.555128;0.546849;0.556066;0.521412;0.454303;0.588336;0.512467;0.531245;0.584456;0.521614;0.549244;0.496666;0.560347;0.479334;0.521178;0.534186;0.462754;0.470245;0.596269;0.514985;0.459371,12.294453;11.516830;12.089430;11.533969;11.627930;11.969154;11.285645;11.598480;12.095372;11.935894;11.800694;12.011148;11.899146;12.207367;12.108236;11.743335;11.597460;11.925005;11.921105;11.806974;11.687706;11.659657;11.532167;11.744540;12.238661;11.759273;11.847086;11.728550;11.962007;11.749405,330.599561;331.672206;332.319047;330.483389;331.453618;331.986155;331.660975;332.664206;329.728464;332.737386;327.825700;331.895269;332.809813;331.858207;332.343824;328.749280;334.220600;333.876524;332.883827;331.008826;334.034630;330.681433;329.803264;333.020372;331.385999;330.762028;335.000434;332.620983;330.540194;335.171096
1.0918834266854134,10.140001657264886,337.8898449757789,1.2832953188907483,5.712362315205147,1.123241;1.151559;1.120041;1.116189;1.064834;1.131106;1.092979;1.086445;1.098710;1.135788;1.107832;1.091811;1.072517;1.172502;1.097787;1.063542;1.140955;1.077509;1.127843;1.030658;1.135862;1.052635;1.139727;1.079265;1.062574;1.128061;1.115592;1.060499;1.111154;1.117601,10.289198;10.533100;10.865095;10.239346;10.186951;10.540480;9.756059;9.928280;10.318199;9.701304;9.896296;10.326421;10.179317;10.271220;9.931648;10.057431;10.255998;10.180813;9.743621;10.215181;10.686606;9.719660;10.540052;10.344643;10.418729;10.290276;9.879948;10.470065;10.822219;10.274796,338.617501;337.996812;337.268439;337.396099;338.900148;338.768970;340.218487;334.796937;340.570943;338.036630;332.589283;339.594069;337.427258;337.786054;338.003184;338.489068;336.094580;336.465561;335.643912;339.201231;340.366571;336.908510;339.332597;339.041540;340.089929;341.718793;336.458759;335.252579;338.547326;337.416584
0.9010813021244851,10.397545964499754,344.50195301848396,1.3799096387422038,4.693429798903337,0.931726;0.873496;0.968933;0.925589;0.863237;0.860402;0.952166;0.833304;0.826078;0.893921;0.920312;0.894980;0.922140;0.927007;0.931614;0.885922;0.825443;0.917130;0.922769;0.920152;0.935596;0.849156;0.944511;0.934537;0.949467;0.838975;0.905418;0.923713;0.853573;0.944792,10.974661;10.570848;10.701366;10.460850;11.005312;9.784276;9.827478;9.933519;10.294971;10.235503;10.132351;10.662642;9.865063;10.458125;11.036833;10.660057;10.488740;9.832355;9.379755;10.795345;10.177919;11.000569;9.976453;10.348325;10.247084;10.433292;10.085029;10.375468;10.821988;10.750505,341.865547;345.001337;346.913767;344.144880;340.684521;339.932362;346.238356;340.674476;346.305535;341.375225;344.850878;341.320948;346.008290;343.854513;344.009738;341.727463;345.126148;345.798848;348.556056;344.070754;344.170087;345.456008;350.501561;345.641344;341.164747;344.007439;338.778941;339.641425;343.875139;345.583082
0.8520844960737554,10.230847983778208,359.4825167892238,1.0744077334206437,2.9753339354303523,0.846483;0.872587;0.758903;0.867618;0.827621;0.867601;0.892449;0.837044;0.823843;0.836085;0.876155;0.820501;0.866764;0.767504;0.870620;0.896373;0.815229;0.845405;0.845258;0.799716;0.872360;0.868215;0.903960;0.819871;0.880243;0.911534;0.805152;0.823646;0.882435;0.865994,10.292849;10.469798;10.356137;10.149944;10.337325;10.596207;9.940487;10.327272;10.442026;10.062442;9.805305;10.696777;10.619488;9.372452;9.590732;10.174479;10.280946;9.661087;9.935406;10.774090;10.564619;10.079128;10.253846;10.384675;10.695313;10.698617;10.158533;10.744996;11.039585;9.935979,360.188425;359.877108;360.817219;354.101801;354.694460;361.540411;360.192534;358.317172;358.639701;355.783195;357.926220;360.346087;357.189404;359.444821;361.246387;359.192153;362.259415;356.183339;360.030391;358.041860;358.089522;355.299649;359.108613;356.615324;359.880079;360.183494;361.408444;358.681401;354.262104;358.823693
0.25858238466859207,9.081605903588713,340.5472773123295,1.0297371381729943,2.475759909376208,0.245288;0.236948;0.247198;0.275536;0.268585;0.284502;0.293389;0.146459;0.236372;0.309692;0.214889;0.315181;0.284582;0.309759;0.287352;0.241701;0.248836;0.213191;0.243889;0.261213;0.239598;0.224489;0.303016;0.244387;0.334488;0.266960;0.254237;0.273175;0.278946;0.301371,8.792413;9.112733;9.093339;8.942127;9.330194;8.999487;8.947643;8.990943;9.042768;8.287284;8.951841;8.903675;9.600907;9.385784;9.237693;8.704577;8.645570;8.772374;9.011594;8.595489;8.718845;9.457212;8.784388;8.931206;8.977920;8.515107;8.845729;9.448370;9.272409;9.013113,341.501760;338.398395;343.879256;340.040767;344.647585;342.787881;335.583271;341.030575;342.014135;341.723912;339.870169;341.185341;341.894800;339.458672;342.651018;342.580315;343.604598;342.846040;341.590976;341.220892;341.181180;340.238131;338.832973;337.381025;338.098732;333.882860;339.444287;340.493787;338.782867;340.138208
0.9551968589703305,10.522275837540766,346.3355347152672,1.3207545086469552,4.495091206654121,0.989418;1.015077;0.930147;0.958977;0.981231;0.956811;0.917904;0.911491;0.893624;0.988446;0.951217;0.955878;0.986066;0.941303;0.974496;0.942080;0.985209;1.001966;0.983806;0.908804;0.986250;0.917793;1.010213;0.996106;0.926681;0.902452;0.880863;0.963458;0.982155;1.045431,10.012633;10.629076;10.360784;10.846521;10.395361;10.653634;10.937172;10.680197;10.486442;10.282479;10.663446;10.985423;10.354259;10.271975;10.363340;11.022955;10.317685;10.731170;10.167733;10.598628;10.691747;10.254609;10.883659;10.603238;10.555583;10.456698;10.052380;10.075131;10.934805;10.387426,347.651749;344.638560;345.974004;346.167248;344.587085;345.225942;344.592549;348.261914;342.975062;347.466713;339.708283;342.287516;344.518627;348.364710;348.430149;345.477351;345.641950;346.401978;349.706150;345.333845;346.248663;344.376639;344.443994;346.165844;344.398057;343.829652;343.275913;343.280321;345.941487;346.435211
0.1909543046944966,11.885558343360438,341.99320306349244,0.9277352015691055,2.042957069241984,0.168197;0.235974;0.134672;0.232769;0.203901;0.166367;0.234534;0.215211;0.222140;0.219600;0.280858;0.122866;0.139036;0.243755;0.172080;0.180884;0.183379;0.136503;0.163674;0.150249;0.230527;0.230184;0.201075;0.180046;0.191131;0.205193;0.243389;0.189060;0.195738;0.174925,12.103292;12.206134;12.327148;12.548638;11.722686;11.776534;12.262347;11.861377;11.538868;11.353622;12.028887;12.022204;11.909579;12.219768;12.326375;11.869296;11.772555;12.239537;11.909414;12.335482;11.813404;11.950213;11.861660;11.643669;12.015331;12.114291;11.693092;12.214712;12.352946;12.086612,344.004331;339.211871;343.420569;340.554426;341.845600;337.754505;342.424204;347.856066;341.489593;337.889794;340.683173;338.907607;341.205820;342.800372;343.539710;343.136310;342.023276;341.646362;338.085478;343.367872;342.727366;345.552159;341.197445;340.340329;341.983068;338.113940;339.466236;340.750916;343.874641;346.285350
1.225325006556494,11.895302080762873,335.83270657655953,1.3640016759592004,7.146817350976004,1.270253;1.258604;1.258956;1.172406;1.225658;1.176851;1.207621;1.205250;1.210777;1.178183;1.237397;1.305235;1.251648;1.226143;1.223135;1.172438;1.248374;1.223471;1.174890;1.239797;1.215782;1.161074;1.285630;1.226942;1.169642;1.280659;1.207806;1.217597;1.244099;1.243152,11.792228;12.082900;11.770293;11.819494;12.238764;11.798605;11.480405;11.645546;11.803262;11.081575;11.916883;12.486636;11.935451;11.742026;11.743022;11.550483;11.153372;11.509862;12.053145;11.583825;12.534631;12.061369;11.130030;11.258191;11.515568;12.062584;11.660432;11.738730;11.744275;11.900174,340.710687;337.392741;338.138265;334.222172;331.353807;334.075832;338.779158;337.950119;338.147183;335.522231;338.668878;336.816531;336.297517;333.208816;335.254270;337.161162;333.130944;336.175567;334.950927;332.891979;335.267468;335.763146;334.242145;335.455192;335.017724;336.602306;335.710482;333.064043;337.337357;333.284935
0.9330037812014381,9.275528111590898,349.1999174129355,1.183528356768611,3.6125029693734243,0.992270;0.929534;0.910860;0.873382;0.892234;0.883659;0.948616;0.944794;0.926057;0.998852;0.912884;1.009382;0.935763;0.897642;0.958204;0.882003;0.972767;0.927240;0.999716;0.973081;0.962983;0.948497;0.918894;0.952960;0.894767;0.959694;0.894003;0.947987;0.950661;0.878446,9.233965;9.315534;9.241580;9.120572;9.252830;8.873186;9.723186;9.493905;9.477377;9.070327;9.467424;9.550416;9.338640;9.067271;9.709977;9.601810;8.651626;9.122706;9.397688;9.531728;9.032082;9.620366;8.840103;9.341439;8.968508;9.230624;9.920856;9.094711;9.402527;9.453037,349.670860;347.234361;349.615766;351.802889;349.365573;348.381493;344.743168;351.387423;354.025251;346.175794;348.785111;349.440087;351.931642;348.966284;343.360366;350.731064;349.095604;353.063542;350.746757;344.228303;349.123107;350.889038;350.361763;350.321410;350.772518;351.454824;353.532502;347.250809;350.744027;351.016743
0.7396645096195745,8.755017999600703,359.47500366588486,0.9233500409290113,2.527023366945544,0.621764;0.682756;0.709254;0.728252;0.760105;0.687800;0.807684;0.765011;0.763600;0.755429;0.754724;0.687690;0.750334;0.679750;0.738458;0.731789;0.717021;0.664477;0.754083;0.629833;0.710865;0.767741;0.796598;0.773019;0.758608;0.739228;0.683373;0.865851;0.726696;0.859620,9.025029;8.717082;8.778008;8.837057;8.921122;8.644903;8.732067;9.216865;8.471959;8.398152;8.688682;8.953086;9.018138;8.192695;8.067884;8.561809;9.092141;8.344528;9.183925;8.917713;8.744807;8.570207;8.618964;8.794735;9.367155;9.221614;8.466448;8.571487;8.660028;8.740546,360.217268;360.223085;360.972388;360.951860;355.789301;359.519879;360.169290;361.134760;357.178106;360.704358;356.464241;360.015641;360.397312;355.368739;361.701760;355.308145;358.304435;360.509327;364.511319;361.447665;357.610814;360.327691;357.971479;359.792307;363.244365;359.261524;359.464133;362.634564;358.158141;359.736558
0.9204856123201045,8.206590245801065,334.5224826268292,1.1323815476133474,4.491155264985153,0.976856;0.885638;0.964725;0.887207;0.921218;0.902686;0.920288;0.931425;0.918780;0.889264;0.889714;0.983047;0.907845;0.913693;0.941953;0.940930;0.874213;0.986234;0.946984;0.897760;0.916098;0.884426;0.926565;0.882802;0.875831;0.889877;0.952777;0.960482;0.934042;0.883098,7.482453;8.208724;7.897345;8.176825;8.320191;8.642410;8.612028;7.886107;8.660167;7.867040;8.444857;8.865059;8.807102;7.928166;8.189908;7.997400;8.455204;7.723997;7.911427;8.074332;7.696762;8.196429;8.703671;8.307728;7.931808;8.535104;8.370514;8.501597;8.701810;8.054293,338.645111;332.674889;330.237114;332.418982;326.972107;333.915173;334.789726;331.332273;332.030439;335.838554;334.465357;337.582821;334.533429;336.750606;338.651702;332.005742;332.441419;333.360478;332.221883;336.826141;337.572552;329.060771;333.766804;336.153361;332.027398;333.218357;333.331422;330.892886;331.778135;336.247333
1.1708941008113531,10.66155116190506,358.87748607133193,1.2283431012321708,3.76023870195536,1.168387;1.171900;1.042961;1.187411;1.092829;1.155453;1.203112;1.178225;1.226220;1.150573;1.162710;1.199362;1.149086;1.156444;1.129516;1.169415;1.211591;1.144364;1.212270;1.168315;1.174616;1.155374;1.145383;1.145132;1.157427;1.185390;1.156944;1.169033;1.192736;1.180088,10.846310;10.533614;11.354353;10.677685;10.635027;10.905571;10.967178;10.935464;10.645494;10.727365;10.370248;10.606828;11.050569;10.940137;10.417386;10.478991;10.786840;10.929793;10.616293;10.904920;10.942184;10.786286;10.718339;11.057706;10.625649;10.169154;10.872210;10.043302;10.967994;10.737051,361.225887;360.478030;354.868303;360.311926;360.683854;355.245631;357.007997;354.202662;353.834777;363.155558;361.825212;361.508521;359.897327;363.864901;360.581907;358.332563;360.133296;357.542384;355.819528;356.771579;356.524299;360.644072;359.696797;353.884618;359.783874;359.443728;357.441599;359.851815;357.043295;358.337870
0.4188232807115273,10.98447622908315,332.70272040180475,1.4813774134693114,4.56015494339895,0.373941;0.379304;0.367696;0.417678;0.353873;0.395716;0.466207;0.416769;0.431730;0.353775;0.389048;0.441358;0.358677;0.347199;0.399389;0.482573;0.354768;0.458469;0.426561;0.392521;0.444459;0.458790;0.455339;0.405076;0.379859;0.377355;0.414040;0.432536;0.410312;0.445537,11.042739;10.859185;11.218147;11.039225;10.774633;10.613022;11.262665;11.656525;11.025945;11.042046;10.943170;10.764223;10.139353;11.195877;11.164962;10.743361;10.885368;10.462045;10.302555;11.067807;11.202149;10.540202;11.217178;11.372460;10.282154;11.902585;10.789576;11.219312;11.283595;11.013474,338.905194;333.012659;329.155733;338.381690;330.740816;330.718298;335.532375;330.967704;330.323682;332.165925;334.782765;336.662096;330.218179;336.897969;333.871873;329.062577;333.465197;333.734890;328.569786;334.000702;328.935344;329.951871;331.669757;332.421839;333.568649;332.513936;334.599822;334.157042;332.353125;333.830706
0.9572692623999822,8.351134421163792,333.31714278881225,1.1900682961961737,4.5894695796860505,0.964114;0.943481;1.015470;0.977775;0.908972;1.012684;0.852743;0.958091;1.014084;0.989109;0.915970;0.899051;0.911300;0.903159;0.928506;1.059478;0.978888;0.955662;0.947441;0.930143;0.951064;0.995867;0.961860;0.902219;0.903236;0.974713;0.953694;0.942041;0.990934;0.883253,8.684511;8.698284;8.407191;8.631347;8.466790;7.858259;8.770518;8.340195;8.447085;8.229871;8.923906;8.220145;8.249425;8.226997;8.795832;8.531803;8.391302;7.653609;8.034045;7.927017;8.651741;8.742915;8.484826;8.595225;8.948929;8.164035;8.272539;8.613343;8.284478;8.732903,337.214866;335.054652;336.696338;331.486206;334.859225;332.025732;332.660453;338.822392;332.676776;335.434924;334.087766;334.753767;328.222101;332.998095;333.266955;330.968198;336.220543;331.650138;336.288596;330.776344;335.453052;333.122017;336.579769;333.688497;339.905044;331.512673;330.872702;338.580775;334.351844;337.582359
1.103975040848979,8.843888360682426,348.87097609624107,1.099256113393178,3.727792199204556,1.123353;1.095280;1.038286;1.134250;1.094651;1.133304;1.172291;1.116414;1.121970;1.111754;1.088166;1.116235;1.030108;1.143512;1.124862;1.170046;1.198150;1.090648;1.086491;1.111136;1.104742;1.079037;1.039885;1.052109;1.108241;1.081924;1.124004;1.085272;1.063291;1.102230,8.936283;8.668365;8.939765;8.693396;8.790801;8.738660;8.329765;9.122776;8.605999;9.088249;8.868708;8.847358;8.905284;8.992359;9.033651;8.919780;8.474311;9.044054;8.862695;8.822671;8.441764;8.663505;9.646273;9.022131;9.384952;9.221941;9.543446;9.170323;8.818780;8.292385,350.645360;350.427662;350.991824;353.602847;349.439287;346.126303;347.638651;348.269688;348.303980;345.468754;355.294061;345.827563;348.262448;350.005012;346.614310;344.775376;349.620858;350.702486;350.724716;345.687856;350.472545;350.178212;347.116187;349.554073;344.452923;356.196695;348.889732;347.271438;352.750844;348.532764
1.4672793110250941,8.261537972083303,357.58632560551865,0.9870557340080612,3.1305624359568314,1.429624;1.537093;1.452640;1.536140;1.489229;1.390430;1.504693;1.405463;1.450602;1.450005;1.413279;1.453381;1.432743;1.471302;1.506072;1.510674;1.434917;1.376459;1.460341;1.477516;1.453735;1.433957;1.438449;1.488015;1.541176;1.471967;1.481887;1.433587;1.438492;1.480803,8.281264;8.505918;8.007400;8.330016;8.007278;7.734169;7.795212;7.850932;8.165087;8.467035;8.130088;8.085965;8.261168;8.303482;7.807660;8.124121;8.068809;8.703472;8.108100;8.138118;7.264366;8.654804;8.427934;8.116424;8.511018;8.482514;7.523450;8.628917;8.354034;8.051948,354.617822;350.748801;358.334453;361.292985;362.329131;356.528206;363.645032;358.483217;359.101584;357.502071;359.538653;354.932546;360.572590;358.900567;364.866900;354.098413;356.425927;355.564380;357.699458;360.919375;354.745396;356.479294;359.288431;357.045441;358.951224;357.516255;358.781221;353.281524;355.073898;360.942129
0.5293110015151115,10.47306930712596,353.7262227812622,1.141073182313159,3.0035749843952733,0.502536;0.500004;0.501255;0.450828;0.555219;0.477885;0.507010;0.474962;0.467486;0.510965;0.508546;0.461351;0.542195;0.614794;0.624873;0.516339;0.525893;0.524570;0.474891;0.564226;0.515303;0.519585;0.537359;0.550227;0.551269;0.544438;0.551849;0.484589;0.596610;0.551994,10.450263;10.234226;10.532343;10.463677;10.281861;10.953448;10.873135;10.863811;10.946251;10.386832;10.112808;10.510890;10.356936;10.837608;10.589761;10.338788;10.066119;11.144353;10.478699;10.094138;10.053473;10.680996;10.567166;10.193123;10.211205;10.321356;10.506569;10.720057;11.118476;10.707452,352.782168;355.468716;356.396021;352.899002;354.366691;355.429971;354.632382;354.993791;350.433954;352.018259;354.444889;354.178149;350.764470;352.131059;355.708284;353.099374;351.855907;353.483823;353.857896;351.180450;351.909620;356.808935;350.634077;356.049762;352.682880;351.320526;352.527882;345.885702;350.152646;352.410021
0.8934929228035715,9.889416431657073,349.441132435508,1.2701445041177637,4.054809166336641,0.871434;0.867410;0.812838;0.881634;0.939794;0.838995;0.927598;0.889426;0.866966;0.858265;0.810670;0.885072;0.930806;0.850210;0.915887;0.906014;0.854959;0.827348;0.930686;0.842384;0.898066;0.933544;0.837124;0.817649;0.970247;0.843869;0.872608;0.930873;0.875591;0.872870,10.267923;10.265292;9.436231;9.727012;9.661893;10.703122;9.989481;9.700514;10.678178;9.839337;9.233936;9.615679;9.834227;9.980462;10.099304;9.902140;9.959285;9.247657;9.991218;9.910326;9.727684;9.758825;10.124087;9.962952;9.782494;9.813583;9.610492;9.743460;9.896729;10.097290,355.542741;347.732337;346.934816;348.693588;345.056743;348.471726;352.304271;347.570173;343.851874;348.300272;346.111621;348.187717;347.734943;353.222228;347.858799;345.117443;350.266738;349.770966;351.385447;348.079225;352.520777;346.223507;352.775130;350.510236;350.084189;351.509445;349.215649;343.132389;347.207095;346.422723
1.1087272026885553,10.204660794942068,361.0412898425421,1.1331039147967106,3.3398173793302366,1.127199;1.127408;1.145257;1.106113;1.080378;1.029103;1.110225;1.069257;1.084025;1.071816;1.099643;1.148899;1.062841;1.059255;1.110879;1.050256;1.111707;1.123039;1.089204;1.117705;1.079930;1.118993;1.092880;1.141626;1.075551;1.135703;1.121912;1.059178;1.113754;1.103772,10.236746;10.590410;10.533828;9.780289;10.582880;9.922467;9.908601;10.624755;10.417986;9.552513;10.563067;10.222977;10.169029;10.197996;10.408659;10.176073;10.210653;10.901331;9.777156;10.145263;10.164020;10.007044;9.962289;10.244559;10.502669;10.317502;9.844304;10.785091;10.446884;10.016268,360.153500;358.262866;364.551166;361.699167;362.578273;358.612766;361.896400;359.412004;360.978125;361.636971;363.658065;359.896468;359.480144;362.023700;353.270792;358.943080;363.152217;358.655882;363.287694;360.027152;363.977979;363.368484;359.387207;359.281232;363.372777;361.698923;361.672990;356.618451;363.369511;358.879524
0.6314771831322383,9.509911934301488,363.0429447407085,0.8038883993243984,2.0306818807361195,0.689986;0.616611;0.596945;0.596616;0.543770;0.568271;0.650159;0.589624;0.653116;0.673813;0.633294;0.635178;0.714450;0.658000;0.648205;0.722652;0.630643;0.604261;0.631357;0.638777;0.673753;0.628286;0.555935;0.623595;0.570090;0.702387;0.622645;0.645132;0.664039;0.622628,9.866900;9.049436;9.007354;9.230054;8.594299;8.955401;9.247406;9.419213;9.380773;9.546558;8.989370;9.683239;9.999313;9.223094;9.420278;9.880827;9.345129;9.898065;9.660406;9.192856;9.768524;9.262656;9.799096;9.186182;9.163590;10.059822;9.175336;9.372870;9.400014;9.556610,364.288570;362.494046;360.827582;365.771428;363.919664;359.427668;360.149151;365.559634;364.404584;359.758334;365.175612;363.226902;366.587392;364.917383;368.861726;358.406249;360.862666;362.507730;358.795788;363.878093;367.735276;361.442738;362.361393;358.764070;362.442818;361.247656;362.050187;361.657100;362.619118;363.393444
1.2683852144228396,11.012265695272566,341.5811741248008,1.4408998960040604,6.228686870673072,1.225145;1.266848;1.335293;1.278531;1.269582;1.243974;1.244230;1.275248;1.241833;1.307149;1.275749;1.248498;1.214316;1.343962;1.299903;1.262414;1.249399;1.318717;1.289908;1.300349;1.261390;1.316811;1.361754;1.308286;1.259475;1.261539;1.306949;1.295667;1.302636;1.245625,10.949648;11.120380;10.307263;11.229469;11.096962;11.368070;11.431895;11.210616;10.982333;10.733333;11.002528;11.518607;10.905260;11.002057;11.045869;11.339699;11.660077;11.704978;11.568221;11.099178;11.214429;10.765606;11.341712;10.665672;10.549781;11.452625;11.727347;11.005964;10.736608;11.768597,338.310934;340.056328;345.041207;346.120144;347.724166;339.049608;344.652285;341.445835;340.933289;343.016249;336.475243;343.979336;339.327474;340.330877;341.401632;339.855650;344.024852;339.284286;339.857305;341.815950;341.534294;339.831759;342.940383;335.553482;338.431027;342.258471;338.646007;341.346783;342.878908;340.648329
0.19337035570529992,11.97815887323132,333.34533189030464,1.352231553358296,2.9829389077813975,0.252390;0.174814;0.243276;0.239524;0.209981;0.147295;0.200405;0.211892;0.232563;0.267042;0.177680;0.135736;0.254493;0.215339;0.183688;0.152052;0.170225;0.159413;0.163420;0.154468;0.192838;0.243706;0.120202;0.211695;0.206052;0.211305;0.250745;0.191002;0.241287;0.195326,11.742918;12.060670;11.863348;12.005879;11.895591;11.822200;12.096569;11.265230;11.815912;11.818151;11.700262;11.965142;12.010735;12.059108;11.836646;11.296958;12.293785;12.035128;12.362022;12.086035;11.241842;11.964620;11.884414;11.661536;12.612391;11.851934;11.919261;11.211445;12.279788;11.613993,328.118746;331.505156;335.307817;337.099125;335.983308;333.931207;335.741069;333.041596;332.536210;333.543873;334.742894;335.678651;340.982481;330.719823;332.859351;336.139888;332.760374;331.830843;335.683953;332.185966;337.242684;331.393420;333.664421;334.088036;328.152134;333.092946;330.616814;333.345997;331.364313;335.359542
0.3480860220956363,9.243140234372653,357.83675102283297,0.6069952037859777,1.4219469623338623,0.326296;0.348673;0.318692;0.369048;0.408128;0.387893;0.307487;0.262602;0.332431;0.322253;0.292494;0.329124;0.387940;0.384668;0.273866;0.336136;0.286697;0.317687;0.365107;0.453988;0.416822;0.346633;0.383545;0.359257;0.361934;0.303557;0.345496;0.371262;0.342081;0.317248,9.665936;9.412170;9.230509;9.520928;9.198751;9.087058;9.013567;8.766157;9.441138;9.327493;9.763124;9.328204;9.539097;9.052765;9.816867;9.082691;9.666210;8.964507;9.106270;8.711281;9.139978;8.951630;9.374444;8.875157;9.506668;9.340924;9.193450;9.352294;9.186828;9.290165,360.459188;357.306107;356.861928;359.868986;358.019210;357.274603;356.612001;357.386086;356.799001;357.938674;360.837569;358.410101;358.424865;360.110288;358.548479;354.924464;358.576014;359.129115;356.857272;352.249331;356.065720;360.515608;360.433212;360.717672;362.074545;354.692622;355.844081;356.033925;363.469992;361.214549
1.556644048269,9.873789543689082,361.1376187368025,1.0562099323924863,3.1847234906833943,1.565798;1.507070;1.580977;1.576175;1.587492;1.558192;1.562267;1.568939;1.543710;1.578186;1.619216;1.532122;1.562415;1.587612;1.500439;1.518841;1.566610;1.499649;1.484027;1.580263;1.536062;1.585673;1.573858;1.573974;1.509052;1.505137;1.576806;1.548455;1.590452;1.529528,10.075726;10.082137;9.598884;9.358747;9.560195;9.802209;9.833373;10.142828;9.642963;9.628834;10.447512;9.570986;9.841134;10.130025;9.489363;10.379510;9.440282;9.756572;9.440404;10.030661;10.060513;9.857599;9.614527;9.414346;10.386349;9.769959;9.515305;10.077044;9.733237;9.699315,361.737510;357.060317;357.260623;360.779960;355.898583;360.027084;359.769174;361.434652;358.869640;357.404347;360.466740;358.006425;359.827182;364.344760;359.971036;359.234039;360.224685;361.066589;362.514313;357.977886;360.623801;360.561193;362.670765;362.885871;358.095181;362.157596;364.570060;361.507533;363.989819;366.399131
1.2722964616157755,11.401868477370709,345.74079315635953,1.4083184274244225,5.264526642689518,1.264267;1.300827;1.289309;1.256339;1.233890;1.313350;1.316977;1.200481;1.329785;1.228683;1.238313;1.272846;1.251203;1.371838;1.267507;1.237318;1.266182;1.251561;1.319216;1.295433;1.349242;1.262405;1.258745;1.237231;1.235664;1.140048;1.228905;1.246689;1.168063;1.238753,11.273684;11.877263;11.227253;11.303738;11.071234;11.190689;11.686443;11.461582;11.591739;11.378654;11.586787;11.048526;11.927081;11.367829;11.686089;11.524746;11.777752;10.859961;11.154694;11.124082;11.855531;11.004797;11.592808;11.394448;11.122234;11.452913;11.107794;11.326780;10.863899;11.181386,345.947473;344.680214;345.132467;344.220237;344.509072;346.671738;349.806808;345.212140;344.636505;346.273188;342.539533;346.445757;345.211586;344.782975;352.119181;343.727595;343.894036;343.637083;344.774671;350.481348;347.310503;345.039070;346.326355;343.367206;344.919734;343.511625;343.916577;345.255912;348.210714;347.072713
1.0590059879651863,9.024819348184483,345.9056074700214,1.169317892339422,4.22412409776396,1.053479;1.138869;0.976785;1.099003;1.036338;1.013743;1.050164;1.053831;1.121546;1.077333;1.109282;1.088034;1.042242;1.094811;1.052952;1.120108;1.056688;1.066975;1.058863;1.038201;1.058458;1.027000;1.057475;1.101254;1.113138;1.067624;0.987962;1.101255;1.018670;1.070839,8.438171;9.079299;9.244926;8.823472;9.241609;8.802377;8.496119;9.607800;8.809963;8.676635;8.689168;9.591610;8.763113;8.992006;9.309661;8.847118;9.299999;8.801927;9.182275;9.061759;8.851329;9.289001;9.331318;9.324696;9.314252;9.452184;9.318210;8.871974;9.025121;8.746528,347.508004;340.219087;348.102053;345.751342;342.569640;346.102333;344.784662;351.803451;344.842503;347.845694;342.778241;348.212496;345.576361;352.063567;348.472274;346.275128;338.487519;350.648725;346.879331;348.965984;342.693002;343.591823;348.535544;346.301476;346.944830;343.265054;343.826615;343.731404;343.274975;345.034208
0.3146757971868697,11.87236864602788,334.73175280331566,1.5280822230993707,3.907659559634291,0.322747;0.337030;0.320258;0.357650;0.305879;0.309727;0.328913;0.330225;0.311291;0.366069;0.327494;0.323795;0.376912;0.251353;0.305193;0.294227;0.304078;0.368510;0.237544;0.291411;0.211741;0.366763;0.263363;0.288224;0.301191;0.265895;0.332651;0.281091;0.365191;0.314081,11.724340;11.543776;12.716372;11.991889;12.001278;12.014058;12.387043;12.175769;11.880039;12.249878;11.268524;11.396989;11.362446;12.001266;11.289636;11.758198;11.074102;11.806175;11.797157;11.909155;12.111859;12.367286;12.039826;12.015178;11.945680;12.674859;12.193104;11.230584;12.512838;12.151993,335.866669;338.647293;332.463818;337.643092;332.347629;337.925411;335.590734;337.312030;331.955113;329.866574;335.402441;335.679201;338.481824;333.394013;333.490497;336.148466;337.713123;330.975030;337.724429;337.152325;332.099685;335.712910;337.178261;337.636121;333.099266;332.813153;335.150605;333.240884;333.283755;336.724211
1.5508309015980253,8.607132758785394,356.72994513967507,1.0782102823050312,3.8266013230754408,1.578174;1.613498;1.572898;1.505199;1.557907;1.508989;1.599682;1.455655;1.545512;1.619706;1.606270;1.524661;1.597249;1.533788;1.600977;1.566690;1.564009;1.557274;1.508898;1.530141;1.533248;1.555104;1.556202;1.530638;1.551935;1.539501;1.556300;1.523323;1.586370;1.592620,8.754917;8.246048;8.444560;8.544686;8.824518;8.186027;8.799561;8.638459;8.829654;8.500759;8.535430;8.510288;8.654455;8.041814;8.854398;8.787457;8.828101;8.611084;9.107765;8.624907;8.375752;8.244544;8.412579;8.830826;8.037810;8.382604;8.769913;8.988158;8.310445;8.411684,353.674303;355.635042;358.052749;358.186188;357.145293;353.256320;361.509138;359.657103;358.440542;361.178313;359.309539;354.442411;359.252220;354.285838;356.127604;356.335463;356.450521;359.811727;354.361393;360.142431;359.204763;359.296108;361.493294;357.969180;361.220369;361.987741;356.246814;354.915107;363.232126;355.023458
0.3564101844476752,8.158168324995753,342.260285335868,0.9852469906971887,2.320593381705852,0.374010;0.366109;0.405890;0.340483;0.285982;0.352491;0.420581;0.324666;0.366955;0.306017;0.354790;0.382649;0.338262;0.297446;0.321855;0.366744;0.362855;0.400096;0.357610;0.377960;0.380706;0.364340;0.342810;0.444862;0.335573;0.411034;0.343078;0.303068;0.377982;0.284214,8.305612;7.827649;8.439435;7.958746;8.544667;8.296095;8.324707;8.142414;8.225477;7.792206;7.831178;8.942443;8.143805;8.264252;7.906916;8.160026;8.103031;8.222541;8.101189;8.569430;8.599080;8.160098;8.496965;7.939799;8.306102;8.041956;7.924197;8.119884;8.394137;8.299175,342.524422;340.032592;342.799423;341.243765;341.238160;340.926917;342.013942;340.778001;340.838304;340.574673;344.760309;343.631071;340.168656;345.270500;346.078080;343.485155;341.344504;342.658716;341.107671;339.823620;346.844393;340.506540;343.106224;344.569410;338.191885;342.777103;337.905399;340.108722;338.785171;342.031438
1.3642454282630385,9.781977336669685,332.71967813174405,1.0148173074325093,6.674511780226071,1.309081;1.335868;1.393686;1.347379;1.349371;1.330755;1.348544;1.415454;1.370233;1.365284;1.385506;1.304387;1.280774;1.356499;1.315709;1.452056;1.357945;1.376945;1.430470;1.381828;1.322194;1.419683;1.363565;1.389415;1.385981;1.309289;1.293115;1.356529;1.341387;1.460093,9.318619;9.641232;10.025863;9.818558;9.912368;9.881226;9.727631;9.935711;9.965061;9.369658;8.902833;9.996797;9.452755;9.871744;9.668015;9.797553;10.271984;9.459029;10.126917;9.779272;9.370015;9.706814;9.509584;9.557121;9.926006;9.738941;9.459816;9.905860;9.484016;9.616078,334.854331;329.690384;328.864563;331.761168;332.396203;330.371367;333.727987;329.913590;331.410927;336.216245;330.442937;332.143063;333.516208;332.173470;330.566586;334.456342;330.977164;335.825200;331.950584;335.660035;337.204858;334.105500;333.808174;332.191414;332.378183;335.132242;334.922930;326.663607;333.229590;330.561204
0.5370911012742345,8.25784050401583,342.77859463223615,1.0199214267147467,2.75829565807508,0.506915;0.519695;0.570863;0.522302;0.508147;0.574029;0.595443;0.518378;0.537519;0.563000;0.630935;0.547038;0.524815;0.605847;0.508071;0.580873;0.590950;0.583413;0.501717;0.496781;0.506280;0.622822;0.526065;0.474234;0.530718;0.540651;0.511236;0.521112;0.540841;0.540683,7.765456;7.943930;8.482403;8.217984;7.754279;8.441431;8.430922;8.027826;8.097704;7.592363;8.814029;8.299900;8.430694;7.887595;8.212624;8.216445;8.275961;7.273932;8.025205;8.120064;8.342507;8.185120;8.435242;8.064221;8.093700;7.817908;8.396641;8.310215;7.873817;8.389343,343.932727;342.472855;345.546852;340.610534;340.342092;340.706795;343.944921;345.394635;343.568052;341.660047;341.118236;337.327997;341.199492;342.541531;337.693814;346.611913;345.973526;341.920979;344.031777;338.298908;348.029741;347.090474;341.898617;341.937623;339.785338;342.911182;343.951491;343.926672;341.999219;346.395418
0.9126244824594523,10.868430263248314,333.2160973524007,1.3814894396614248,6.192880304468478,0.985744;0.910902;0.941333;0.933621;0.956511;0.886175;0.954231;0.918859;0.826579;0.982982;0.892648;0.940606;0.943773;0.857859;0.843404;0.917158;0.875519;0.947236;0.883551;0.927639;0.957114;0.929686;0.924814;0.956944;0.840645;0.916997;0.917437;0.853760;0.887096;0.938511,10.790677;10.975535;10.367345;10.636725;11.620624;11.378801;10.457585;10.604003;10.882978;10.805365;10.845949;10.940448;11.231964;11.291798;10.822154;11.024720;11.072088;10.449253;11.411198;10.872091;11.511362;10.745964;10.509361;10.800377;10.953611;10.425993;11.144463;10.797265;11.040279;10.956656,333.219674;339.165529;329.713498;330.786689;332.143434;334.575695;336.776757;334.031837;331.394533;333.277785;332.212445;337.687911;331.754526;334.513005;329.357027;332.976027;336.195298;332.917077;333.822144;340.637621;333.305325;335.351829;328.991832;333.391649;332.343160;334.589284;333.885184;335.224773;333.285146;333.508164
1.2552103830621029,8.366986041840144,343.35169205575755,0.9945088503443722,4.333403791410112,1.263778;1.237630;1.264203;1.244529;1.246767;1.320065;1.325736;1.325233;1.259831;1.187776;1.283944;1.297642;1.207716;1.201249;1.232859;1.227236;1.235607;1.226621;1.321992;1.257948;1.254985;1.268315;1.298847;1.224007;1.241525;1.272313;1.279768;1.306459;1.242581;1.203415,8.842914;8.236324;8.585270;8.357381;8.902216;8.119619;8.482301;8.644885;8.102955;8.232596;7.807062;7.969363;7.796021;8.322682;8.875277;8.867743;8.455747;8.114784;7.900184;8.393806;8.837104;8.308335;7.974953;8.599016;8.713306;8.327593;8.902497;8.092643;8.199598;7.489617,345.380028;345.834684;339.778615;345.594206;340.967720;347.360346;346.299965;342.691983;340.485276;340.126356;345.485346;343.658427;342.366951;342.702136;344.850318;340.961056;344.648895;344.325530;345.160233;341.806646;341.591547;336.782876;346.359024;343.788804;340.801377;344.397522;346.859934;340.756987;344.045778;339.707267
0.834746021411084,10.585009470099418,349.1730133250832,1.3361593298276053,4.220789653116585,0.813161;0.826766;0.752899;0.819746;0.839559;0.806979;0.823314;0.870835;0.844300;0.847303;0.830855;0.804028;0.831319;0.899291;0.825709;0.801812;0.846975;0.855473;0.833732;0.806392;0.869618;0.733880;0.865391;0.870047;0.832524;0.821636;0.799865;0.814528;0.882211;0.839905,9.962423;10.427713;10.796361;10.781841;10.542131;10.463605;10.703306;10.893010;10.257792;10.702015;10.371810;11.035788;10.342433;10.265675;11.230142;10.561563;10.546409;10.578182;10.753736;10.714566;10.424440;10.304105;10.292576;10.741440;10.634089;10.331073;10.094955;10.574806;11.106749;10.811821,349.377833;348.150586;347.358879;348.997983;348.440635;348.455451;352.525937;350.158650;348.012064;346.596786;349.869853;347.737276;351.799762;345.142921;352.409617;348.688127;347.227864;350.889513;346.808818;348.417914;346.021115;346.733675;350.643249;349.766937;346.101760;350.232496;350.338397;350.970747;352.036249;347.010190
1.057792174032029,9.807131083558348,353.83187164677355,1.224906877639352,3.9621844002138125,1.108634;1.064793;1.108108;1.042219;1.006081;1.007829;1.123566;1.071070;1.065436;1.017897;1.036544;1.027370;1.021203;1.005785;1.169932;1.003143;1.079208;1.077113;1.022931;1.095056;1.009776;1.087126;1.111688;1.094205;1.017688;1.052350;1.071178;1.110492;1.069217;1.118798,10.129038;9.703104;10.369841;10.524065;10.024393;9.571992;9.238215;9.778771;10.602119;9.241068;10.120671;9.891052;9.860748;10.258275;10.349257;9.673584;9.820504;9.934379;9.772032;10.396319;9.830945;10.164856;10.222598;9.890956;9.892539;9.707570;9.767645;9.013649;9.850232;9.936407,351.272969;352.181303;352.398851;349.299008;354.349057;351.814247;355.640832;351.812898;354.835443;354.023773;355.007161;357.549275;349.325647;350.458404;350.833985;352.357480;349.819257;359.643412;352.390374;354.604390;358.267295;349.668823;355.772952;353.049117;356.970305;353.727302;355.378319;356.189517;352.334953;352.886382
0.4757192585299215,8.227154790140649,332.33929121298036,1.1508227563782918,3.5890064234217016,0.453667;0.455494;0.501366;0.517674;0.506900;0.443382;0.472681;0.495614;0.528625;0.464227;0.408289;0.492073;0.443442;0.471626;0.404977;0.505494;0.463369;0.409030;0.495117;0.441337;0.478353;0.493657;0.391408;0.548790;0.400506;0.475443;0.502493;0.517580;0.513143;0.470598,8.456578;8.730891;7.532504;7.762658;7.670052;8.529291;8.235355;7.970776;7.940653;8.456357;8.416032;8.282241;7.957174;8.552451;8.125813;8.365529;8.019930;8.229431;8.561678;8.055365;8.145792;8.768710;7.386299;8.173749;8.258253;8.737539;8.674181;8.052125;7.954883;7.802982,336.529050;329.587755;335.069909;334.726236;333.751796;333.195260;333.323880;335.378515;333.210025;328.135409;338.108185;332.427545;331.846371;337.119746;332.756041;325.848546;338.198480;328.044104;334.835673;331.367880;332.967014;337.295748;334.515383;330.145116;331.187420;329.686247;333.217510;334.348837;331.614155;333.507094
0.1661957011520384,10.235186660193541,342.4157140520894,0.8102739047687473,2.024651679888089,0.138964;0.194706;0.159920;0.167325;0.126007;0.149710;0.237468;0.158475;0.131784;0.168160;0.165307;0.170633;0.150202;0.186410;0.147244;0.166282;0.212899;0.174210;0.169276;0.226298;0.252491;0.185669;0.131496;0.202535;0.146569;0.154823;0.171390;0.145646;0.067947;0.194788,10.286725;9.682354;10.815016;10.649073;10.694726;10.151823;10.099639;10.736853;10.611082;9.914013;10.212710;10.207575;11.005934;10.532612;10.922689;10.534095;10.020582;10.109801;9.925730;10.116708;10.336946;10.096699;10.320007;10.228462;9.872512;10.298901;10.683116;10.036865;9.987443;10.493476,346.177780;342.329475;337.463321;339.173440;348.880751;343.046224;339.097681;342.906298;344.630718;342.451080;340.724692;345.166702;341.784891;342.816206;337.621475;341.824394;341.156917;340.702053;341.971250;346.045297;342.865410;343.842432;343.674664;338.816304;339.374692;343.679833;344.648061;338.436876;344.843601;342.336887
0.21598788683897835,11.909875147485405,354.6747322950446,0.5740469452160071,1.2307921489092135,0.146981;0.181630;0.171816;0.182228;0.138054;0.198921;0.163965;0.164811;0.211587;0.221775;0.172857;0.212628;0.186520;0.224462;0.229725;0.157223;0.289128;0.303556;0.185389;0.230934;0.191569;0.199077;0.269219;0.245413;0.258474;0.205505;0.239395;0.178699;0.220242;0.132348,11.490785;12.208305;12.201220;12.454980;11.486793;12.010455;11.563561;11.856795;11.798111;11.400930;12.657470;11.709810;11.760421;12.221796;11.232572;11.994438;11.922379;11.871417;11.509036;11.874826;11.573422;12.229031;12.350284;12.191859;11.979156;11.412516;12.023152;11.544206;11.620373;11.383808,355.211162;360.670535;356.386379;358.511130;357.470243;356.005568;349.996267;352.735533;355.429563;352.235046;359.572863;353.824202;355.035701;352.514712;351.394893;355.511049;352.582878;352.774579;353.184135;355.086510;353.507365;351.792335;352.031402;354.333272;349.297780;357.657529;354.160513;352.276311;357.748772;351.764686
0.6165488967872177,8.63179613415905,341.7807742842183,1.1312677084342897,3.2821498464691263,0.582865;0.559187;0.637736;0.592132;0.687306;0.612395;0.645098;0.689427;0.691614;0.659094;0.690142;0.685385;0.680045;0.606941;0.616089;0.571558;0.650471;0.649851;0.628141;0.641737;0.591620;0.655319;0.606648;0.584161;0.631114;0.565429;0.629243;0.590897;0.541723;0.568386,8.495371;8.481262;8.648751;8.398378;8.636670;8.558954;8.827904;8.510952;8.332776;8.690288;9.220712;8.549055;8.764434;9.309167;8.903194;8.718015;8.239739;8.575802;8.976972;8.448563;8.808222;8.233329;8.203840;8.385820;9.102983;8.430058;8.399261;7.800617;9.247439;8.821202,343.057702;342.600571;340.133577;338.889239;342.139982;340.897279;345.642867;343.588868;343.289360;339.812035;341.546785;341.034146;339.835249;342.938132;337.762442;346.927340;340.201497;341.024443;342.364175;344.445277;337.496208;341.187870;340.268852;344.446333;339.572934;345.043706;342.324141;344.006272;344.102488;342.148322
1.2112665574075339,9.54453544472188,331.1394165203643,1.018170178527303,6.922010091694549,1.294464;1.115493;1.209054;1.203199;1.219835;1.182722;1.213412;1.199666;1.204263;1.150018;1.280726;1.276682;1.136302;1.216034;1.122665;1.199708;1.203381;1.191521;1.168523;1.232492;1.213520;1.175715;1.116608;1.218179;1.144923;1.241698;1.228135;1.204146;1.175882;1.205391,9.530445;9.415825;9.975269;9.924386;9.305551;9.781309;9.263640;8.900873;9.783525;9.792787;9.761077;9.528804;9.497202;10.133309;9.836484;9.332528;9.399369;9.355544;10.214575;9.038879;9.485541;9.925660;9.469144;9.584122;9.926408;9.459557;9.232272;10.175608;9.539742;9.718541,332.297252;331.702410;330.882688;332.647243;334.431481;331.716595;329.303807;322.494344;330.848857;330.893157;331.131902;327.760248;329.804778;329.173808;334.740400;329.457666;334.778271;330.503227;335.694633;332.517526;334.314969;332.199311;328.616936;331.612072;334.493756;330.789717;332.253847;332.739976;336.421549;327.083632
0.5384612612868178,11.59466718542803,344.49238649705535,1.3034832819429758,3.5268995547189825,0.466524;0.504294;0.548448;0.501420;0.528485;0.512092;0.520447;0.539001;0.518019;0.596808;0.522812;0.531870;0.493559;0.551972;0.598681;0.494384;0.547473;0.605817;0.588186;0.493485;0.557336;0.536826;0.481681;0.505882;0.561200;0.510743;0.571911;0.516532;0.513794;0.485823,11.430765;11.772967;11.528127;11.376203;11.569594;11.625603;11.825413;12.085219;11.292347;11.160787;11.705852;11.793668;11.402254;11.408772;11.523664;11.538293;11.054586;11.351496;11.088919;12.180053;12.086846;12.063556;11.343820;11.350142;11.829260;11.173475;11.588187;11.591500;11.563379;11.096135,344.300825;344.222893;345.397701;346.750515;347.193928;346.308632;350.789573;346.004675;345.060400;345.780500;344.859865;346.451559;344.418254;347.401171;346.005470;347.467775;344.559276;341.551478;343.672646;343.054191;342.760240;343.656616;346.621843;347.574197;341.238981;343.321341;347.207727;346.500302;346.164583;345.399364
0.6730146119803413,9.40585213331069,349.44279500273313,1.0343375578461727,2.7903552207876086,0.664566;0.610777;0.645227;0.704654;0.654011;0.628303;0.712955;0.687051;0.646792;0.617737;0.686971;0.658978;0.673889;0.718939;0.650579;0.693671;0.625160;0.662347;0.737065;0.726664;0.691917;0.777333;0.620607;0.732826;0.579170;0.668749;0.678680;0.734316;0.696674;0.626143,8.692440;8.610768;9.714858;9.315142;9.675916;9.216977;9.420335;9.464393;9.316252;9.732530;9.375954;9.510369;9.685461;9.947142;9.095199;9.345615;9.242821;8.682238;9.061884;9.485000;9.251184;9.178919;9.354672;9.287736;9.313910;9.105684;9.549754;9.375596;9.470602;9.198989,350.561222;351.257302;347.982766;354.130259;350.458779;351.688126;350.328665;346.985755;348.836109;351.152556;348.701765;350.370965;352.636104;346.912055;353.020099;351.232777;347.279786;346.773823;351.412586;351.594744;351.136907;348.118559;353.696291;353.558790;353.109499;352.985527;350.138671;353.655642;351.919779;353.448423
1.142591192194291,10.138621218659102,353.3045714634032,1.2200343763859642,3.904559876254024,1.159896;1.223243;1.130139;1.168784;1.147425;1.112606;1.171669;1.092212;1.153432;1.124178;1.085974;1.180862;1.082915;1.066090;1.182596;1.145915;1.162500;1.180345;1.198370;1.157323;1.232972;1.158585;1.064284;1.174181;1.186675;1.156262;1.175625;1.204215;1.162681;1.245853,10.055736;9.484565;10.441098;10.506452;10.493593;10.425530;10.209257;9.930146;10.213569;10.273411;10.417737;9.532152;9.787538;9.865280;10.515472;10.257180;10.026161;9.743651;10.536140;10.079556;10.213269;10.168815;10.100084;10.234685;10.110299;9.936316;10.210517;10.271035;10.451327;10.200815,352.396878;359.595699;356.882134;347.426918;355.840591;352.936931;352.776733;358.369533;353.540796;348.113510;352.726185;350.769836;353.128754;354.630080;350.645945;353.922043;355.811466;354.712181;356.338311;348.543770;352.707164;353.366841;353.561331;354.426790;354.787815;356.678010;351.603750;356.725850;348.919665;355.617612
0.9084295502209262,8.75942462019027,362.3221507860718,0.8434839306452099,2.2574200881876063,0.879272;0.957572;0.884228;0.930196;0.875173;0.853027;0.965228;0.939092;0.952706;0.832014;0.908860;0.905811;0.927316;0.902368;0.873896;0.789237;0.935759;0.836590;0.837163;0.914048;0.989322;0.860006;0.994425;0.917949;0.870366;0.856690;0.967090;0.895394;0.957369;0.931315,8.601966;8.339401;8.676933;8.912039;8.830901;8.988259;8.989940;8.842499;9.131101;8.792868;8.475623;8.962636;8.489576;9.178708;8.428055;8.879820;9.033569;8.734000;8.961019;8.693539;8.652243;8.619515;9.436491;8.776495;8.897168;8.243943;8.391122;9.140722;8.992347;8.687454,360.152193;365.978748;361.214082;360.156802;364.419056;359.942992;364.078460;364.547211;359.940206;362.215459;363.233769;362.628352;360.437738;362.258248;364.293251;362.023864;364.172999;364.872453;360.082807;361.681859;361.190958;365.483218;358.867502;360.520921;362.069642;363.804740;366.341301;363.924255;363.576137;365.545520
0.8747926966574097,11.27951933878826,363.61246438484284,0.9186200522635379,2.4088160559058784,0.896475;0.903580;0.841945;0.871724;0.881416;0.927351;0.913823;0.830050;0.940792;0.939830;0.964139;0.877282;0.828271;0.962502;0.853130;0.903047;0.875487;0.882588;0.871679;0.878952;0.870832;0.874421;0.886873;0.961039;0.896836;0.823159;0.939220;0.850990;0.854448;0.885841,11.312607;11.000794;11.756738;11.285693;10.979859;11.339343;10.848446;10.967106;10.975064;10.992644;11.026971;10.951975;11.445611;11.366233;11.062641;11.338879;11.540030;11.721447;11.465244;11.671466;12.094016;10.639565;11.015323;11.139888;11.305219;11.148780;10.561682;11.147283;11.430012;11.209668,364.509626;362.462946;365.911332;362.421821;363.686782;364.916484;364.274786;363.619281;362.880184;363.912580;365.232017;364.256699;364.118974;364.048903;363.727152;364.459736;364.802262;363.429073;364.799502;366.105270;367.936431;362.470017;361.092076;368.543064;360.584611;360.979419;360.403943;361.488994;366.893048;369.346585
0.30582394522223255,11.5471806046412,345.4851539454005,1.0269017002982677,2.2694177983087367,0.263947;0.214075;0.312249;0.283618;0.378703;0.321220;0.291851;0.316387;0.317114;0.276959;0.284194;0.297485;0.285982;0.295436;0.283432;0.291237;0.341935;0.374521;0.328080;0.310443;0.344060;0.348555;0.310969;0.258981;0.290990;0.273373;0.294466;0.344192;0.248615;0.213217,10.978168;11.199633;11.972516;11.425467;11.661458;11.562233;11.281260;11.174217;11.466496;11.392330;11.200144;11.576658;10.801351;11.347719;11.391001;11.764916;11.291431;11.465451;11.623522;11.659518;10.930865;11.823045;11.931277;11.630446;11.491415;11.571863;11.332437;11.028345;11.569419;11.531843,343.001838;347.124303;341.432683;345.480563;337.664191;343.292417;348.100396;348.882711;345.505554;350.176297;348.552982;347.862657;343.635309;348.900254;345.673117;342.025046;343.365088;342.869962;346.679277;346.052890;347.364635;345.425039;348.903999;345.942233;345.528116;340.231882;343.049862;348.053617;341.027818;343.304679
0.5262183894965029,10.747344964077996,357.1147966795595,0.8864834510454314,2.1557393276563763,0.508218;0.493573;0.522527;0.499019;0.518257;0.501641;0.529276;0.484928;0.502836;0.449577;0.505837;0.517621;0.555002;0.545815;0.478958;0.549599;0.524786;0.524160;0.511056;0.603364;0.511197;0.545747;0.475809;0.511634;0.525830;0.604070;0.521634;0.554740;0.560971;0.439015,10.970708;11.050397;10.647683;11.104723;10.899071;10.888191;10.702723;10.442989;10.932817;10.851397;10.979180;11.057103;10.334119;10.625014;10.557829;10.379618;11.559743;10.924859;10.328511;10.726060;10.756714;10.794998;11.111989;9.952822;10.899377;11.110285;10.830830;10.004955;10.524767;10.982756,364.349644;358.996844;359.761949;356.645313;357.216553;362.625811;357.767338;348.745375;358.834567;357.336729;354.924458;357.303820;356.760526;358.837067;353.796704;352.930274;360.251951;358.960314;355.893165;356.311979;353.558597;359.439440;358.431978;361.646972;361.804783;360.505195;358.547150;359.568162;353.734337;359.054259
1.3811510342728706,8.18515458833844,353.06287641930356,1.062374573282543,3.5582262012218875,1.418982;1.314491;1.415568;1.404428;1.313911;1.362053;1.420987;1.411021;1.361732;1.358653;1.321304;1.433859;1.321217;1.439943;1.438488;1.264766;1.384301;1.456250;1.359187;1.374777;1.378332;1.414503;1.334952;1.308534;1.393123;1.412843;1.454354;1.321349;1.406572;1.359290,8.563877;7.740658;8.052132;7.843232;8.316504;8.025888;8.473327;7.291599;7.722615;8.126474;8.318240;8.453326;7.822389;8.070430;8.125230;8.148132;8.524382;8.457023;7.760066;8.070759;7.866730;8.283967;8.251926;8.193568;8.026614;8.587284;8.045146;8.214681;8.106711;8.307396,355.758230;353.256369;350.310658;353.161283;356.463691;354.606052;351.834587;352.959468;349.656232;354.550621;355.105119;355.745803;350.113307;351.270045;350.271578;354.140891;353.940428;354.270444;354.399898;353.792853;352.499933;353.907890;354.650786;353.297554;353.447241;355.961563;352.677082;355.786113;349.128587;355.069896
1.337868016014264,11.307219229951851,334.04445035043386,1.3383634261169304,6.73405832194577,1.282175;1.390013;1.239278;1.266598;1.300087;1.338448;1.303063;1.357715;1.377774;1.359197;1.407835;1.389442;1.344214;1.326549;1.215860;1.270666;1.334067;1.344422;1.336194;1.350847;1.308652;1.324917;1.352606;1.309851;1.312533;1.310708;1.355606;1.344510;1.376608;1.277990,11.411706;11.199952;10.985629;11.606503;10.558975;10.830808;11.593263;10.261107;11.661851;11.614584;12.299525;11.465119;11.755176;11.388417;11.252168;11.390741;10.976775;11.899530;11.087520;11.250358;11.803747;11.688798;11.210818;11.071316;11.345041;11.243225;11.578759;10.982963;10.878774;11.275973,333.995974;334.506730;337.352810;338.732525;330.099665;335.200343;332.677275;337.353175;335.976424;333.197120;336.074734;336.317740;332.282400;337.072214;337.960190;330.567093;330.812873;334.755819;337.382725;336.568573;333.484613;333.480924;331.174918;332.932164;334.080030;331.164901;335.074037;334.664390;337.418333;334.457832
0.6181300052366463,11.400181460882266,342.6284791268197,1.4341830292973543,4.455481151200493,0.627653;0.689799;0.657711;0.629368;0.665393;0.603822;0.560782;0.600164;0.558196;0.633778;0.627907;0.566844;0.553410;0.542371;0.634886;0.665338;0.600742;0.684315;0.620821;0.681318;0.660880;0.619223;0.659937;0.645044;0.592928;0.661539;0.525549;0.602379;0.635207;0.663795,11.549964;11.825152;12.058436;11.682393;11.482287;11.271883;11.593557;11.037547;11.140189;11.613684;11.737078;11.354572;11.106189;11.187373;11.080869;11.547760;11.556203;11.533091;11.849284;11.908011;11.476711;11.657060;11.609608;11.318060;11.745544;10.752751;11.746571;11.511118;11.028026;11.547615,341.401432;338.487961;340.845115;345.153847;344.096875;344.746095;342.300154;339.289861;343.519761;347.741230;343.307800;344.260408;342.806585;341.557637;342.480431;343.573773;342.777479;346.104527;343.808507;341.367820;340.595877;341.550948;343.154012;343.023941;346.322811;343.717556;339.624844;344.246467;345.927661;341.738904
1.3407579519579365,10.081145476879414,344.36476879526555,1.2591384863201172,5.013689149942784,1.363698;1.330295;1.344780;1.350997;1.374764;1.364933;1.404959;1.369217;1.286859;1.339543;1.349920;1.296783;1.369130;1.314691;1.308926;1.342283;1.390435;1.360982;1.348189;1.313735;1.420236;1.378104;1.337813;1.334266;1.397874;1.371534;1.323926;1.305062;1.368664;1.382465,9.703578;10.433474;9.899488;10.155999;10.212591;9.660193;9.858235;10.383860;10.568779;9.897505;10.334933;10.229227;10.379967;9.939628;10.053069;10.275775;10.234891;10.212370;9.991909;9.797278;10.601082;10.986132;9.916210;10.590981;9.990046;9.515056;10.086838;10.300539;10.434232;9.876577,345.102764;345.149275;344.688726;345.330847;345.072810;342.656193;341.181078;342.408322;341.296933;346.117339;348.875703;343.657501;343.364707;342.062823;342.246212;346.466553;345.250187;343.229830;340.682526;345.545053;347.288982;346.261075;341.568046;341.162507;346.589071;344.582334;343.948979;345.177829;338.955725;346.268347
0.5145697223379825,9.946741651087507,346.4314530798847,1.1065128214702922,2.886789162762515,0.516702;0.562287;0.581411;0.520539;0.582043;0.532204;0.463945;0.569639;0.507410;0.503049;0.505157;0.462960;0.529516;0.512908;0.503101;0.514871;0.481996;0.540825;0.557151;0.581247;0.497171;0.517440;0.589193;0.558104;0.523495;0.466546;0.532436;0.591341;0.561785;0.469983,9.837876;10.119998;9.573936;9.883170;9.981817;9.754359;10.334369;9.925820;9.849299;9.448075;9.947496;10.266657;10.151925;9.831706;10.293097;9.891325;9.887507;9.684834;10.246187;10.228072;10.028636;10.374077;10.099919;10.326879;9.358520;9.391670;10.088723;9.658732;10.124671;9.762843,344.134352;346.325324;345.156500;347.962261;348.921679;346.682101;343.315453;345.851781;343.780241;344.278829;348.251978;346.269219;343.598318;347.215215;344.045847;343.871325;346.555731;346.535063;348.598432;342.258433;343.543000;347.251492;343.991147;343.522134;344.957982;344.315703;350.196302;348.577926;348.455260;347.496557
0.9720197820640498,8.037718618747022,336.5670446957839,1.133748406955112,4.4646353999319786,0.964882;0.987308;1.005275;0.972662;0.968340;0.992544;0.906276;1.009001;0.900143;0.939145;0.937453;0.942129;0.920190;0.950261;1.016926;0.989996;0.997248;0.945243;0.969380;0.964275;0.932899;0.927575;0.957703;1.012054;0.953854;0.933278;0.990055;0.984582;0.975233;0.936497,7.586955;8.254759;7.673860;7.814465;8.060821;7.928649;7.869064;8.210771;8.139679;7.980333;7.930483;8.390255;8.446804;8.151894;8.227958;8.219700;8.508296;7.608120;8.046191;8.492382;7.697951;7.738636;7.942239;7.796733;7.893851;8.090181;7.894287;7.891581;7.968156;8.389049,334.832272;337.427656;338.227002;336.532710;332.961797;339.950667;339.321700;337.771757;344.419375;336.829059;337.737481;336.285224;335.223249;340.725317;335.719611;338.269726;332.185783;342.199658;340.836194;337.568098;339.030707;334.718975;336.731442;335.923644;340.602605;337.653279;338.003697;336.578997;335.425288;338.417153
1.4873992458718408,10.143199978551863,345.8790297685316,1.2475012238607806,6.145175933265545,1.520787;1.530019;1.526571;1.554263;1.483787;1.554099;1.446380;1.529866;1.492380;1.406999;1.462328;1.562235;1.523371;1.501030;1.514281;1.433070;1.502093;1.427653;1.546398;1.528320;1.426858;1.529220;1.445027;1.480458;1.529595;1.416871;1.479663;1.501977;1.469216;1.484361,10.251872;9.530983;9.922152;9.868686;10.417500;11.089161;9.813466;9.769915;10.204853;9.802582;10.512688;10.641675;10.117372;10.053340;9.815501;10.479754;10.077871;10.658694;10.143468;10.426446;10.286151;9.956444;9.510735;10.206315;9.837852;9.832679;10.219065;10.125962;10.353336;10.455533,350.940016;347.240710;345.696829;348.571353;349.995154;349.361687;350.343492;348.472357;342.753416;346.342989;347.825354;344.011248;345.207640;345.838683;345.045344;345.509067;348.818064;344.221073;341.992985;343.400436;351.233153;345.145561;346.754285;347.014271;344.732336;347.719753;350.076218;349.006035;348.075587;339.910243
0.37087595224176956,8.12112236520619,349.8355493108661,0.81235651638136,2.0402845140150596,0.424272;0.379965;0.360142;0.402357;0.391314;0.366157;0.385151;0.427042;0.418797;0.323180;0.348491;0.434949;0.443119;0.425652;0.339904;0.346129;0.342677;0.377532;0.346919;0.393171;0.353349;0.419839;0.366912;0.379318;0.369244;0.348381;0.374165;0.297694;0.398582;0.416795,7.901237;8.011889;8.112032;8.304458;8.213712;8.100752;7.826239;7.945037;7.813445;8.514449;7.862817;8.053104;8.730364;7.656353;7.751951;8.033315;8.154282;8.627553;7.965080;8.238878;8.013647;8.170783;8.089472;8.182408;7.872238;9.002649;7.908215;8.100544;8.176528;7.788101,350.461559;348.678338;354.839037;354.306265;348.495835;355.310230;346.173724;353.728579;350.581751;353.496741;352.696322;350.775220;347.546190;349.430871;348.758986;353.140553;350.872885;352.170509;352.049794;347.930791;350.330211;347.430798;349.258432;349.076498;348.880447;354.238812;349.228661;349.836472;352.402451;349.029505
1.0018122711883186,8.484339153692897,353.47968941118125,1.0052175700189991,3.014530697642511,1.084578;1.078896;1.067128;1.012552;0.967892;1.024129;0.965020;1.007669;0.992449;1.004318;1.008667;1.007023;0.965188;1.011830;0.944603;1.040055;0.985800;1.039142;1.006759;0.981054;1.052476;0.968899;1.044043;0.994981;1.079669;1.008911;0.994214;1.004666;1.046296;1.006864,8.499854;8.353108;8.123473;8.338251;8.150201;8.567400;8.889119;8.121140;8.308385;8.302872;8.517631;8.754563;9.074049;8.425461;8.503870;8.657784;8.817694;7.989073;8.052961;8.459054;8.425750;7.624404;9.043646;9.094659;9.044321;8.654348;8.898526;8.162184;8.217069;8.099617,353.197966;355.521379;347.474360;357.061377;352.185723;350.178282;354.893628;354.020546;350.865261;361.255735;355.551137;354.729729;354.130089;353.771764;351.268570;350.159415;350.334283;350.626984;353.094348;354.792453;356.575160;352.376236;358.627759;356.273615;353.888406;356.158099;356.776216;351.944455;352.093601;354.207307
0.6655873676494155,9.786853379924205,354.1527383530445,1.2026440731664871,3.4545894257865974,0.650001;0.679664;0.623706;0.628692;0.673104;0.626195;0.637250;0.660131;0.589569;0.793439;0.678392;0.591957;0.601955;0.674967;0.605421;0.607823;0.743358;0.641340;0.661724;0.629686;0.686503;0.614534;0.590844;0.666275;0.641846;0.685999;0.634224;0.625114;0.618125;0.622617,9.898910;10.226551;9.823053;10.020272;9.804946;9.784557;9.498416;9.715873;9.673758;9.858401;9.099665;9.932823;10.096051;9.789782;9.696207;9.716621;9.766442;10.001467;10.088872;10.120372;9.705700;9.488564;10.070144;9.775918;9.461838;10.193292;9.676119;10.193303;9.228526;10.189760,351.411033;354.476945;357.006075;352.222820;355.659412;356.965871;350.275695;354.763833;351.981938;348.101399;351.870809;355.618038;356.950725;356.885918;351.079158;354.525285;350.607414;359.229933;352.727577;354.541675;353.972481;351.021099;350.611391;352.649502;350.979094;353.038163;357.291018;354.683834;356.012072;348.168894
1.3170732775165401,8.664646708856807,352.3814742619087,1.1117310943388503,3.8376108119292924,1.322607;1.320859;1.323734;1.242275;1.340963;1.294179;1.322636;1.367750;1.246338;1.383117;1.330316;1.336335;1.369467;1.340803;1.265402;1.285108;1.344418;1.327304;1.379671;1.324704;1.300805;1.278279;1.359173;1.270249;1.282234;1.320884;1.304253;1.309442;1.255210;1.353079,8.888547;8.547502;8.887632;8.613798;9.029884;8.509149;8.709738;8.530449;8.651330;8.559252;8.264140;8.507720;8.605902;8.238207;9.043022;8.493515;8.803442;8.450805;8.904450;8.678192;9.149111;8.443107;8.875241;9.001329;9.095300;8.664273;8.254712;8.749945;8.387950;8.725202,353.189731;354.765246;348.987119;357.835946;349.324128;353.163796;352.023501;351.543633;350.139025;353.384291;355.845174;353.184514;350.453769;350.161248;354.897258;355.818043;350.824646;350.252934;351.472882;353.710972;352.985415;354.126674;352.497126;350.631438;352.419948;352.435652;359.374025;354.987656;357.488217;352.686511
0.49866679765436595,9.85109643006906,337.54409847049754,1.3090886693572619,4.0606444557709525,0.520572;0.549885;0.531455;0.511711;0.522813;0.438301;0.417588;0.491670;0.551540;0.556428;0.587220;0.485808;0.536223;0.488299;0.465451;0.475322;0.483962;0.551530;0.492381;0.524912;0.464878;0.538360;0.511622;0.505434;0.524721;0.516419;0.502003;0.471242;0.474501;0.537030,9.943569;9.615132;9.704393;9.604540;9.489152;9.766681;9.590437;10.033795;9.397487;9.494503;9.913107;9.782173;9.876347;9.506954;9.903934;10.051452;10.098977;9.817501;9.911620;9.255784;10.239398;9.731709;10.192954;9.277670;9.644959;9.805514;9.336342;9.709945;9.921505;10.043803,346.834988;337.859499;340.211923;336.871187;338.042825;338.118107;338.759078;336.397151;341.231473;339.332342;337.787526;336.077622;337.795386;337.704763;341.917111;337.116878;342.856596;335.877070;334.651201;332.052412;342.417518;335.393558;336.419555;340.883981;339.588891;338.550932;334.546180;337.407960;339.134966;337.680251
1.5907381890844245,11.802061695013066,349.0789931515545,1.3997886752657687,6.093339567322941,1.591500;1.553082;1.593443;1.643110;1.584815;1.557367;1.637941;1.679136;1.520397;1.543540;1.586759;1.611552;1.629452;1.545559;1.579924;1.516677;1.630854;1.648811;1.606561;1.544970;1.640110;1.548063;1.607295;1.557446;1.598089;1.618175;1.554916;1.552528;1.609012;1.566673,11.314351;12.452823;11.589568;11.765798;11.986154;11.656809;11.881164;11.976401;11.647558;11.625491;11.773647;11.820176;12.300010;12.168381;11.307464;11.856506;11.965679;11.509619;11.851537;11.465985;12.399947;11.946662;11.972655;11.853566;11.841469;11.754321;11.813960;11.839524;11.946156;11.445728,347.484752;349.348947;348.180869;351.214347;345.400691;347.946964;352.561883;343.748735;351.549279;351.351065;352.847132;347.253198;347.153272;351.906378;353.567586;352.834885;347.234059;352.671135;347.806437;349.592362;346.450946;346.649376;346.251153;347.217092;347.523378;349.146288;344.875229;352.422597;347.193436;344.351052
1.3115958113759607,9.16955368948157,348.0225125340348,1.1842948407227196,4.501209102344619,1.342158;1.309596;1.243280;1.252020;1.279996;1.281153;1.354054;1.346408;1.305042;1.323786;1.256856;1.274461;1.343592;1.296981;1.275524;1.338383;1.289109;1.283858;1.315672;1.293055;1.339520;1.310401;1.319471;1.314014;1.294358;1.277516;1.265257;1.342054;1.260063;1.348580,8.900324;8.252212;9.652011;9.518924;9.614161;9.382722;9.443640;9.127596;9.298638;8.998772;9.162839;8.759843;8.760423;8.857315;8.739744;9.458393;9.000103;9.176418;9.218083;8.901143;9.127772;9.078286;8.900317;9.348339;9.666043;8.914097;9.282842;9.099759;9.566867;9.145615,348.541027;350.300000;349.601086;347.606373;350.011271;347.955910;346.349862;350.011704;346.629962;346.477156;350.472818;349.075216;346.896430;349.031361;350.865878;351.451847;346.659558;348.979125;350.416991;351.659251;346.627951;351.780164;348.546860;348.813262;347.969125;346.778744;346.951890;348.069339;345.339446;347.437686
1.1848413484826863,9.22017813655903,356.13967688561644,1.1353642816677547,3.569766950477022,1.263657;1.116793;1.203801;1.086442;1.203781;1.196523;1.226067;1.166286;1.166922;1.190361;1.205859;1.153425;1.184468;1.224135;1.244708;1.243085;1.230133;1.160795;1.160511;1.211818;1.235665;1.221491;1.168320;1.193309;1.174133;1.146427;1.153082;1.213835;1.132613;1.086181,9.212353;9.507145;9.172138;9.665466;9.288741;9.681481;8.810193;9.746624;9.016350;9.391601;8.629283;9.405322;9.593660;9.420194;9.328292;8.883957;8.626229;9.832844;8.986072;9.404568;9.778761;9.601802;8.795860;8.698946;9.202869;9.754375;9.137399;9.013871;9.477396;9.244553,353.692870;355.789132;358.180390;358.167160;355.358668;357.735651;355.602415;353.897496;359.221768;356.503801;356.608790;359.235977;353.248887;360.366302;357.947575;357.311138;355.859679;356.459191;355.139961;354.869729;351.576559;361.972076;359.931671;355.016418;357.628824;352.832760;352.689589;353.493453;358.115436;353.091685
1.5481075977777818,8.43738851356831,359.6613815261862,1.044119413667977,3.40572083318128,1.570808;1.549311;1.500320;1.659367;1.548681;1.526948;1.545391;1.595800;1.558864;1.540363;1.574323;1.528146;1.581177;1.492383;1.489242;1.587430;1.550032;1.587808;1.536159;1.607163;1.560371;1.572242;1.582072;1.544942;1.428810;1.557459;1.535409;1.546562;1.514055;1.502850,8.713477;8.795965;8.836367;8.986740;8.599634;8.427289;8.351449;8.073951;8.727767;8.740795;8.453208;8.743055;7.637917;8.282947;8.752157;8.268579;8.348522;8.772306;8.319582;8.638396;8.374203;8.608692;8.045964;8.825542;8.086793;8.124738;8.176458;8.008265;8.480651;8.643454,355.666449;361.396977;361.626808;358.304759;356.339073;361.643242;356.511039;356.780632;357.648109;358.101172;357.752499;358.423015;360.985304;358.772150;359.723280;358.290349;360.048102;361.185646;355.780891;361.703512;358.570311;362.213351;353.904781;359.449906;358.341165;361.035113;356.280685;360.182700;359.802318;359.842926
1.2412973665038374,10.150338410789853,341.30464160994666,1.3048030762677343,5.732927375160222,1.261301;1.255887;1.174491;1.296126;1.195569;1.253542;1.208607;1.253546;1.230570;1.305479;1.286849;1.243862;1.258846;1.255330;1.319175;1.269007;1.256416;1.247061;1.214402;1.282531;1.293935;1.261832;1.197199;1.334191;1.253885;1.257930;1.250677;1.278439;1.268149;1.264504,10.365808;10.495409;10.461587;10.359322;9.971778;10.042669;9.767435;10.249323;10.146362;9.696580;10.425310;10.179954;10.099237;10.708906;9.995501;10.454396;10.674997;10.028123;10.710175;9.706081;10.023419;10.375919;9.994221;10.150969;10.108116;9.985555;10.157886;10.178222;10.800446;10.455621,344.669290;341.540103;336.730962;342.982470;339.021820;342.295545;339.190024;343.817370;340.044981;340.537964;335.242366;339.738534;344.396276;339.348912;343.393768;338.457407;343.836408;344.788259;339.837822;342.525855;341.911855;338.936609;343.173674;346.545055;338.703803;338.819622;338.032536;343.748780;341.937733;340.855210
1.522701703701038,10.54750901699854,334.28330262346424,1.1399634655439976,7.044905938032073,1.519214;1.492618;1.473260;1.498216;1.471377;1.536925;1.516963;1.531787;1.575678;1.548152;1.498555;1.538798;1.584438;1.504692;1.547645;1.542786;1.545807;1.483436;1.499374;1.494937;1.538862;1.545716;1.560312;1.568637;1.483909;1.512514;1.477807;1.505787;1.524644;1.566025,10.621843;10.271186;10.959507;10.297619;10.495846;10.036399;10.330269;10.558925;10.994610;10.747934;10.731320;10.961136;10.325200;10.301121;10.941346;10.074393;10.611538;10.371748;10.814192;10.192202;10.264830;10.455881;10.523283;10.822657;10.232545;10.495926;10.615307;10.418176;10.355727;10.774326,335.145672;337.103003;333.260556;330.119644;332.289216;335.794711;331.343566;330.612440;336.878081;329.639694;332.141781;333.407679;333.759059;331.871587;333.247036;339.282928;336.496674;335.228287;331.526817;333.411352;335.731785;335.208646;339.194915;334.316933;335.856387;338.070196;335.784750;336.873033;335.019597;334.485613
0.4111048513379906,8.329047555089627,337.59732212658423,1.069353070087362,2.8150265146584337,0.425599;0.413571;0.421534;0.432877;0.408669;0.372162;0.421231;0.430170;0.379391;0.399862;0.398486;0.403392;0.409528;0.379044;0.423620;0.388874;0.370688;0.414783;0.383300;0.355293;0.393764;0.433323;0.390871;0.353228;0.430434;0.357072;0.405415;0.460439;0.380286;0.402812,8.111334;7.821617;8.497391;8.383409;7.892870;7.668474;8.121690;8.782113;8.442063;8.457941;8.975603;7.661182;8.391693;8.039204;8.231546;8.346354;8.087985;8.864459;7.693568;8.917903;8.763525;8.754096;8.251594;8.102126;8.412475;8.513963;8.178676;8.271248;8.561266;8.230748,336.906399;336.440417;337.648123;336.895120;334.587279;336.776844;341.289794;336.481849;338.370985;339.737273;334.002903;336.054429;335.512078;335.075868;338.020056;339.857620;338.205423;339.633108;337.180502;336.916329;335.806288;335.277634;339.123576;339.300832;341.236458;333.841995;335.762284;339.057170;338.894929;340.871812
0.6522593892032472,8.189466487201631,348.1607961544557,0.9650058204713708,2.65796659687439,0.639211;0.577915;0.667787;0.551652;0.618291;0.647510;0.683624;0.651550;0.720273;0.657318;0.669299;0.709827;0.742695;0.615507;0.671947;0.643406;0.622478;0.616988;0.641290;0.588258;0.683759;0.675171;0.716904;0.679188;0.660434;0.691124;0.648372;0.643771;0.606755;0.616134,8.390905;8.646184;8.085740;7.942383;8.221554;7.909332;8.577049;8.750391;8.388887;8.076656;8.843208;8.336894;8.422546;8.234492;9.036050;8.415530;8.142315;8.441707;8.104091;7.940257;7.661634;7.925508;8.049925;8.394447;8.328155;8.222551;8.068429;8.115748;8.133719;7.665438,350.229486;344.710284;350.239063;345.610472;350.555089;348.531249;346.996042;347.199612;348.709219;352.396590;350.882361;344.965012;346.512966;346.315689;346.769056;348.188880;345.841575;350.195258;348.026243;350.517495;344.493689;346.028686;349.383731;344.530986;349.870459;342.865965;350.384483;352.071248;344.611342;348.998894
0.9551552544881833,10.836054646031426,340.23993261161854,1.444383479509009,5.755446028184805,0.969004;0.947491;0.956983;0.970298;0.932970;0.880696;0.973620;0.947752;0.944515;0.891772;0.969356;0.986747;0.932704;0.989945;0.940742;0.967837;0.922438;0.830872;0.901553;0.972861;0.923512;0.993311;0.965244;0.870762;0.981557;0.984572;1.054306;0.996632;0.905903;0.969035,10.938015;11.322660;10.518141;11.052991;10.378057;10.409489;10.829861;10.547883;10.808770;10.345304;11.226899;11.296536;10.463574;10.646797;11.028467;10.486340;10.770561;11.275443;10.574707;10.895354;11.436429;11.004317;10.952221;10.747014;10.750652;11.760468;10.817563;11.013032;11.093826;11.360948,340.015761;341.112866;337.596246;339.144265;340.897032;339.695073;341.289821;342.860295;341.406381;343.328121;339.374822;338.310625;340.599962;339.893723;342.332509;342.032181;342.238471;339.319730;337.206071;337.654891;341.415219;340.768934;344.925493;340.926061;342.436229;343.018108;341.499979;339.059127;339.253503;338.023282
1.2834548946131066,9.42359217005891,358.694015343185,1.019341169478573,3.1412209109524323,1.315595;1.287447;1.295454;1.204796;1.320457;1.336875;1.289723;1.341938;1.315989;1.246676;1.298223;1.154635;1.342336;1.349403;1.303116;1.245219;1.300786;1.289257;1.295230;1.281051;1.336405;1.276101;1.324637;1.242130;1.279832;1.268915;1.288189;1.313645;1.285460;1.323012,9.830815;8.942446;9.173665;9.634006;10.026308;9.368593;9.574738;9.231245;9.273593;9.621940;9.694455;10.168978;9.249840;9.113658;9.077870;9.638498;9.761638;9.665935;8.887739;9.392889;9.170987;9.557166;9.809828;9.433281;9.134113;9.387651;9.315038;9.411543;9.652349;8.551280,358.971859;356.382030;359.528662;359.982677;357.471158;357.836579;357.976775;367.398333;360.182967;358.429901;356.117451;359.024374;358.355180;356.357664;359.993836;360.561155;364.295332;355.984629;359.932454;358.121622;352.178727;360.781717;359.167712;358.110124;358.060167;357.914864;357.381788;358.243181;360.735784;359.842337
1.025605385452376,8.02519776335917,339.73552130557624,1.081782990117005,4.217251660513255,0.942018;1.016626;1.074403;0.994542;1.028499;1.047169;1.019475;1.037028;1.005428;1.065524;1.019690;1.002027;1.088990;0.957357;1.036277;1.020831;0.977450;1.091109;1.021075;0.974957;0.988255;0.969850;0.983454;0.966681;1.034463;0.967747;1.111163;1.071385;1.001798;0.964645,7.786718;8.434395;7.446402;8.218743;7.927561;7.337167;8.009427;7.930255;8.297357;7.902394;8.264618;7.913284;8.049053;7.656556;7.760723;7.881287;8.246403;7.935018;8.165954;7.908659;7.916324;7.976555;8.154941;8.266045;7.790555;8.285957;8.829206;8.077850;8.299546;7.913644,337.621339;341.380102;340.734858;341.124006;340.096299;342.744961;341.669495;342.394239;338.925939;340.902624;342.756952;339.832779;344.234669;341.019160;339.644010;339.473914;343.278041;340.291392;335.895643;339.867257;341.415829;336.597574;343.453372;336.751996;337.070603;339.542961;339.361058;338.152284;341.556640;340.339726
0.42651126509644566,10.797979143238233,330.2724078171942,1.3902310255395438,4.897658008326086,0.477295;0.417933;0.414700;0.422151;0.497454;0.383771;0.532892;0.427655;0.459460;0.414818;0.385609;0.501074;0.447212;0.393870;0.392250;0.417457;0.426829;0.463780;0.437984;0.455309;0.439233;0.400524;0.486303;0.368327;0.434048;0.361970;0.390645;0.467974;0.387129;0.473673,10.794929;10.937865;10.805640;10.912680;10.644105;10.155520;11.181614;11.168212;10.977732;11.352133;11.162233;10.868557;10.674862;10.587862;10.655443;10.309914;10.775905;10.542035;10.648345;11.009244;10.876905;10.796902;11.244412;11.194624;11.199822;11.013253;10.785215;10.464166;10.824156;10.825287,328.259935;333.325347;322.216875;332.395003;331.663405;327.058016;333.167040;330.024612;331.099532;328.589330;332.136068;328.086439;327.638292;331.188294;332.224106;331.749079;329.187427;327.827262;331.907663;328.778860;331.106916;329.640108;327.437769;328.283916;328.403966;329.797089;335.174338;330.003143;337.345100;330.411410
0.43040120076952637,9.070150575298866,344.0842820104054,1.086715650635671,2.899952490368952,0.355819;0.492830;0.461036;0.439315;0.346003;0.461675;0.379067;0.419697;0.485980;0.455640;0.410773;0.444048;0.361342;0.398859;0.454783;0.534884;0.452837;0.445390;0.441327;0.393251;0.447604;0.461357;0.386479;0.438391;0.425124;0.447516;0.392720;0.524522;0.458863;0.419127,9.258459;8.474093;9.417504;9.205312;8.858461;9.030923;9.398183;8.794767;9.331701;9.046916;9.138337;8.588963;8.826190;9.455800;9.018536;9.329170;9.292631;8.784738;9.076878;9.241067;9.013205;9.253886;9.176284;8.270481;9.007054;8.849753;8.663053;9.126172;9.490321;8.884450,341.087926;341.818002;344.034566;340.427142;343.387193;347.355354;343.717920;343.263815;349.705640;345.427990;344.090355;342.676060;343.548510;344.070701;342.172778;341.627630;344.688637;342.421462;345.054653;346.227249;345.954648;343.290732;347.039935;345.970216;340.683068;342.744016;341.771324;348.747809;345.825254;342.088205
0.3669076134229588,11.2524889851732,355.9377269531848,0.8710621390571263,2.0798586001929142,0.403796;0.357459;0.359163;0.320261;0.357477;0.444162;0.422190;0.416182;0.332319;0.358028;0.406881;0.263146;0.420175;0.349133;0.401318;0.368533;0.417648;0.294635;0.378829;0.431400;0.338469;0.347500;0.322743;0.405901;0.428757;0.309991;0.373252;0.376829;0.294085;0.357490,10.914578;11.613130;11.164825;11.072829;11.396328;11.472617;11.188577;11.315044;10.734859;11.108194;11.324429;11.131437;11.119603;11.355811;11.542006;11.150060;11.167699;11.037314;11.779166;11.125091;11.006800;11.283018;11.025982;11.260630;11.175681;11.545310;11.263178;11.320648;11.609035;11.241075,355.866003;354.851383;352.511856;350.554991;356.394730;356.179276;353.431760;357.806364;355.491294;357.507230;355.527555;354.753235;360.087942;351.735336;356.280347;359.089322;361.003502;350.791884;351.650392;354.321757;353.143286;356.517444;353.167668;355.396700;359.356776;352.769501;357.971668;355.204880;355.293741;356.448309
0.20523846269912244,10.88444109171998,347.60536043852574,0.8496290742717862,1.9717460420239377,0.227627;0.273470;0.136657;0.207606;0.142633;0.107700;0.203141;0.185049;0.218560;0.185032;0.247136;0.234865;0.194040;0.221213;0.218239;0.162042;0.184135;0.286144;0.073903;0.220676;0.178485;0.213312;0.197031;0.205956;0.217987;0.172411;0.216597;0.167984;0.194733;0.206183,11.011234;11.433395;11.289278;10.617205;10.854792;10.908517;10.566401;10.333832;10.752297;10.809536;10.783000;10.479013;10.407178;10.760522;10.863394;11.204825;10.594489;10.767298;10.240831;10.711411;10.523012;10.869098;10.793404;11.058657;10.554560;10.561947;11.064412;10.987859;10.616407;10.786789,350.752990;347.656796;346.548863;346.774806;350.307211;350.854338;348.428389;349.413337;341.985035;344.419124;351.945356;348.325649;345.291323;349.252548;345.820689;346.957421;348.680368;348.994356;347.706314;348.929050;347.970439;345.386369;343.185550;346.774894;351.390498;350.190881;345.919130;348.208555;345.969151;346.931948
1.2354799994914878,8.239563837981288,348.7323040039441,1.0990773402471774,3.817878253265031,1.148647;1.211931;1.279908;1.197707;1.224691;1.240174;1.205086;1.228383;1.225668;1.243905;1.255658;1.166885;1.248715;1.267663;1.233968;1.226810;1.234152;1.235409;1.274321;1.294783;1.238050;1.276525;1.304994;1.163739;1.203399;1.222403;1.180221;1.185199;1.284638;1.180203,8.158283;8.264456;7.954188;8.724033;8.210971;8.373185;8.282337;8.417200;7.597420;8.428101;8.107649;8.472698;7.948485;8.457757;7.542744;8.007853;8.302919;8.353800;8.591782;8.225670;8.490752;8.103317;8.456347;8.322947;7.844878;8.179520;8.058663;8.318228;8.353967;8.296043,346.165887;348.712409;347.522173;347.541057;349.696028;346.788621;349.631194;349.086652;352.708399;347.653857;352.702573;346.316691;343.256223;355.948756;346.734485;349.771119;350.332752;347.979601;345.797403;349.264585;350.623846;351.077880;347.805746;348.490034;347.302782;350.318297;347.746901;344.626025;351.429432;349.059208
0.19813264517197857,9.542181281490079,342.791935085668,0.9712071919166442,2.2772126585121675,0.141088;0.209952;0.181903;0.195231;0.211997;0.164607;0.118293;0.172100;0.247008;0.173916;0.193050;0.164588;0.220316;0.191311;0.200975;0.261854;0.141551;0.166645;0.285266;0.099999;0.224798;0.138125;0.183633;0.210564;0.226974;0.257161;0.187037;0.194403;0.281427;0.235116,9.465256;10.188166;9.689142;9.788625;10.036749;9.683476;9.456211;9.639233;9.070722;10.119269;9.619188;9.560662;9.228650;9.030666;9.601724;9.974202;9.602619;9.669538;9.664721;9.269018;9.709121;9.155261;9.468743;9.446346;9.564031;9.173267;9.601941;10.147187;9.462852;9.295670,343.574623;343.899160;340.150591;342.384096;345.061800;344.561950;341.328258;344.524654;338.034733;338.577535;348.789359;343.502104;344.434882;345.755997;343.479121;344.711649;344.165381;339.987433;340.486393;344.278446;347.212121;346.122134;342.117926;342.476209;343.268632;343.553461;344.288414;347.179919;340.349677;341.695618
1.3166713037233648,11.7880327388824,341.24695133159537,1.4905257029213688,5.823801742619284,1.263651;1.254129;1.335924;1.252002;1.247589;1.344992;1.316598;1.257839;1.343943;1.332277;1.341338;1.370080;1.246854;1.287844;1.322446;1.321101;1.293811;1.263966;1.263929;1.304002;1.330103;1.315342;1.263368;1.269228;1.257927;1.256253;1.338150;1.331681;1.282380;1.341559,12.060375;11.904952;11.828294;11.901798;11.493011;11.617714;11.750177;11.420060;11.469033;11.485791;11.360475;11.924300;11.776309;11.800163;11.772939;11.679885;11.378499;11.666433;11.733661;12.156182;11.234012;11.942895;11.675521;12.075182;11.728744;11.922034;12.214663;12.526672;11.912708;12.169633,339.221841;343.206269;340.307932;338.467591;341.600259;339.569418;338.519573;344.108545;342.171442;346.577145;340.001289;342.474084;338.024079;343.467595;339.358590;345.141319;343.070106;340.697853;339.991356;339.621758;338.843215;342.147767;344.411498;339.422313;340.964489;339.720430;340.807215;343.131823;340.399172;346.297427
0.899304020743767,11.223850318252708,356.22968817710057,1.299813380356558,3.953397495287453,0.885740;0.984641;0.961469;0.905025;0.811575;0.988672;0.879322;0.895734;0.911488;0.889698;0.933449;0.914077;0.956794;0.939484;0.930182;0.853992;0.883748;0.891782;0.822462;0.844526;0.885680;0.959284;0.900285;0.899338;0.896761;0.891930;0.899004;0.914830;0.893581;0.951242,11.381694;11.839846;11.307296;11.281504;10.896755;11.682610;10.955132;11.535817;11.404394;11.109103;11.607886;11.026957;11.090329;11.489992;11.416614;11.470134;11.295798;10.636959;11.374406;11.302787;11.404306;11.584315;10.733233;11.109045;11.247002;11.007860;11.029032;11.126146;11.183694;11.092585,356.707318;350.589302;356.188473;357.439163;354.369393;356.167568;355.672004;354.532355;357.415434;355.504069;362.087749;357.301951;355.993955;354.453175;357.810790;352.285042;358.345856;358.731940;353.513496;357.476316;357.260490;356.632012;356.771619;355.423181;354.999128;352.607898;356.790955;355.490462;358.576815;352.397752
0.24397571388905734,8.146918448734922,350.02772784196674,0.5944621243023024,1.334243031470613,0.289418;0.230174;0.188235;0.191674;0.209383;0.158321;0.152394;0.175531;0.248711;0.273095;0.187410;0.249287;0.292005;0.220911;0.239069;0.246214;0.281264;0.252090;0.250001;0.261780;0.323540;0.206109;0.303890;0.270040;0.254002;0.219006;0.248944;0.230602;0.249096;0.217673,8.464072;7.561355;7.901928;8.020662;8.215662;8.398293;8.619734;7.704565;8.456210;7.961540;8.015063;8.293636;7.870454;8.775143;7.669683;8.410964;7.819527;8.410972;8.229679;8.257189;8.275747;7.788817;8.007057;8.724118;7.568932;8.361278;8.286489;8.163502;8.656332;8.700374,349.184178;346.691259;352.851623;346.315149;345.209446;351.394445;348.548583;346.988862;349.846898;344.347613;343.833607;354.198257;350.224851;348.345352;352.936282;351.303721;347.432642;351.667812;351.065503;347.295161;350.725625;346.407841;348.908892;350.636016;350.654410;352.177974;345.283301;351.020551;351.714478;353.204483
0.17369658815286784,11.9326762302695,330.5023548568825,1.3108747231302686,3.6209361286876236,0.183524;0.198271;0.143448;0.149033;0.138598;0.196206;0.150319;0.189727;0.162515;0.134819;0.202057;0.166543;0.178296;0.210699;0.199891;0.207905;0.184249;0.238963;0.239160;0.286041;0.153222;0.176688;0.176419;0.199968;0.175553;0.146341;0.142494;0.182036;0.127796;0.177913,11.628117;12.530037;12.125631;11.643251;11.833044;12.255534;11.899070;12.206388;11.656946;12.124283;11.489739;12.086782;12.070087;12.106024;11.909853;11.873372;11.916419;11.454139;12.111767;11.867156;12.402645;11.687761;11.494864;12.057068;12.032240;12.064715;11.364152;11.846108;11.927585;12.296922,328.810344;333.548045;335.075608;330.907620;331.293103;332.819919;335.680758;328.902923;333.335766;325.522354;329.023095;328.750758;331.554494;330.333471;332.759674;333.723247;327.065893;326.498774;331.633809;330.429267;329.623397;327.408147;330.779614;331.638741;329.539332;330.967820;329.673181;334.012586;330.995320;325.382283
0.7982921475588871,10.675523546959152,349.9228593653279,1.376238454571177,4.410661050925668,0.698445;0.828834;0.858470;0.780824;0.819977;0.761996;0.797591;0.816755;0.858847;0.776543;0.738404;0.722247;0.770026;0.762882;0.766309;0.857557;0.836804;0.794745;0.799326;0.832201;0.842202;0.814189;0.849780;0.718492;0.783755;0.815322;0.756561;0.816421;0.766910;0.823605,10.453133;10.384269;11.318386;10.432195;10.903274;10.982805;10.574426;11.009844;10.799010;11.381733;10.685227;10.567612;10.859773;10.680484;10.879658;10.442584;10.249806;10.512835;10.580728;10.922622;11.253865;11.111255;10.899814;10.120136;10.975237;10.635449;10.616069;10.496256;10.418560;11.159352,348.483932;350.969011;350.292358;348.754231;347.266871;353.423941;351.140854;354.541695;345.654289;348.060263;346.696927;350.068413;350.996460;346.051324;348.262740;351.477889;350.830943;350.859101;352.839925;349.651081;345.769210;349.707493;349.867369;349.115856;351.377033;348.630096;355.646323;352.279017;351.352370;345.776634
0.17657592310680129,9.287833821619712,353.8877940394428,0.45786796042699035,1.002340514982844,0.205950;0.175234;0.123355;0.189494;0.152079;0.180732;0.113477;0.201039;0.214040;0.201710;0.066749;0.174651;0.239307;0.184846;0.217726;0.234711;0.130245;0.149675;0.115917;0.161282;0.164445;0.187086;0.179324;0.194475;0.171216;0.247168;0.141180;0.135703;0.151100;0.157572,9.160078;9.143009;9.172981;9.316198;9.385847;9.594268;9.568809;8.702855;8.907671;9.120121;9.120605;9.090394;10.172702;9.253361;9.788511;9.492740;9.670890;9.051458;9.377585;9.426785;9.820816;9.073588;9.304274;9.257130;9.486507;9.393400;8.952791;9.457292;9.452129;8.826784,351.768540;350.973032;357.159377;352.630973;355.584982;354.800961;355.856165;353.666474;353.432731;356.279295;350.083718;355.092640;354.614151;352.638050;355.197200;350.615729;353.874400;359.290938;355.106181;351.715846;348.427837;356.619006;356.575812;350.736793;353.541011;356.414054;355.181794;349.685052;353.896935;354.342018
1.279984944014195,8.9891879307149,355.757161192458,1.0985007658916577,3.580928444174533,1.283022;1.268779;1.289508;1.314210;1.389491;1.267729;1.241755;1.299052;1.253148;1.342385;1.258098;1.284959;1.332790;1.238715;1.323731;1.299981;1.217648;1.295323;1.306909;1.338786;1.266764;1.266619;1.264842;1.290892;1.250704;1.351816;1.277599;1.307517;1.259604;1.261367,8.676049;8.937016;9.108100;9.141057;9.178618;8.938850;9.034513;9.680215;8.470491;9.349515;9.389196;8.699083;8.808194;9.316675;8.651620;9.454999;8.760672;8.980897;8.764661;9.222968;9.081427;8.888993;8.577586;9.021298;8.734608;8.979397;9.442321;9.231796;9.254586;8.804966,355.896400;354.856504;351.730812;360.729673;355.847958;355.656478;357.793915;353.745221;355.982703;351.671823;356.133209;359.555543;356.696451;357.330268;355.567339;358.469163;355.953523;354.007939;357.879547;352.629768;359.352229;353.072480;356.137438;359.027466;356.668920;357.918625;356.829224;356.458962;347.220286;355.398019
0.5022187106356096,8.12260348047882,331.35385075887433,1.2019358520165075,4.0172562630941995,0.553822;0.480591;0.547004;0.617779;0.517969;0.492785;0.520725;0.533247;0.452670;0.444523;0.478932;0.498308;0.512032;0.508472;0.441459;0.547049;0.439343;0.531362;0.524145;0.504728;0.654043;0.473808;0.544299;0.503351;0.496380;0.476986;0.496595;0.497306;0.535512;0.519508,8.231267;7.685008;8.110100;8.403916;8.309686;8.331265;8.383773;7.678486;7.273815;8.077180;7.871220;7.817047;8.304348;7.999027;8.212117;8.018101;8.206659;8.284960;8.585681;7.617612;7.534291;8.013878;8.244465;8.416475;7.723597;7.756868;8.460602;8.415539;8.440766;8.202996,334.056480;327.881658;332.457995;326.391608;330.863174;329.785941;333.705794;331.586593;329.830351;329.823144;331.997752;332.334640;331.202244;335.004601;334.469119;334.069341;331.532240;330.286744;329.803866;329.498473;326.781204;329.093454;331.436373;328.270861;335.230411;333.184922;329.814110;333.759225;332.529105;332.172712
0.7331116560956058,10.482374707667425,347.2941327455805,1.3159052238706008,4.097982451987905,0.818248;0.694145;0.663400;0.721111;0.743215;0.723898;0.760748;0.687978;0.795997;0.733009;0.752645;0.718447;0.714135;0.703731;0.746556;0.735388;0.684480;0.732967;0.751976;0.752825;0.589269;0.688787;0.689094;0.731195;0.767911;0.745708;0.740090;0.696643;0.717038;0.745521,10.371227;9.865790;10.330470;10.119058;9.735501;10.537493;10.569094;10.700816;9.854487;10.451169;10.673483;10.811841;10.033676;10.530719;9.919501;10.861220;11.375784;10.862203;10.866915;10.325555;11.024293;9.859152;10.149281;10.077368;10.142721;10.780622;10.542593;10.315881;10.360448;10.350975,345.765262;346.804652;346.399577;346.205765;349.451530;347.784400;343.869328;344.354626;340.728903;355.831787;348.972275;345.827784;342.600923;345.822800;346.294962;351.948906;350.360040;349.239463;348.464982;346.454200;348.126559;345.288861;351.205389;350.614243;347.008854;346.710008;343.877032;350.076564;346.568012;345.513042
0.7444235171660669,10.354054276039232,333.69639244809787,1.3591094206459196,5.235494005970863,0.726954;0.714631;0.753982;0.798340;0.720364;0.806999;0.745907;0.720646;0.821782;0.718915;0.778269;0.762618;0.760492;0.767948;0.767531;0.693983;0.800735;0.709199;0.825566;0.760268;0.757569;0.717717;0.785993;0.733762;0.748510;0.663498;0.773601;0.695991;0.746181;0.726319,10.647073;10.870316;10.118210;10.746645;10.236934;10.629924;10.371767;10.224558;10.222952;10.571899;9.815749;11.160637;10.372410;10.474981;10.519335;10.509085;10.134543;10.660921;10.071543;10.152451;10.949283;10.191732;10.336801;9.814782;10.435753;10.896305;10.337619;10.290306;10.851576;10.202181,328.366868;329.384153;330.046522;335.444439;332.707968;331.188983;333.597434;330.548333;336.393610;338.510575;335.282112;333.903355;334.503467;329.865786;333.743206;333.118817;335.072285;336.153370;336.879653;335.279305;330.442710;331.758247;336.770861;333.835829;334.005347;330.936461;333.954200;333.586180;334.714128;333.985967
1.0305069602832944,9.65280579058673,335.9127893533615,1.2711254356306718,5.5651350093617715,1.056530;1.007420;1.044166;0.999189;1.100500;1.094968;0.993431;1.048560;0.949978;1.073713;1.000533;0.996808;1.027396;0.992478;1.023326;0.976025;1.028827;0.999519;0.981158;1.052904;0.974957;1.031447;1.012132;0.988408;1.030110;1.004629;1.002321;1.072376;1.028738;0.992397,9.929925;9.745578;9.322511;9.738226;9.620151;9.335257;9.349772;9.703377;9.793570;9.398706;9.132396;9.307888;9.273556;9.803815;9.006310;10.127644;10.331547;10.270311;9.245182;9.852341;9.223528;9.531810;9.815240;9.771257;9.314161;9.757402;9.402050;10.580969;9.528698;9.778447,336.537617;338.836840;329.760687;335.028183;339.114018;334.633929;330.379193;338.143720;339.736321;333.074684;329.713717;338.718923;331.745911;331.828340;329.989786;335.454230;335.564564;336.335560;336.926081;337.293222;337.151146;333.697689;336.953348;338.035241;338.666218;336.402626;335.286015;331.069044;330.895038;335.543102
0.7610426245566737,8.847671513578302,344.4759786029057,1.1746930104523492,3.762476461852646,0.783492;0.761138;0.889195;0.772498;0.783070;0.711999;0.818299;0.717180;0.801933;0.756831;0.747172;0.890790;0.752890;0.716270;0.698875;0.714324;0.781710;0.694399;0.743469;0.752498;0.819225;0.754243;0.733691;0.749497;0.791402;0.745983;0.736330;0.709462;0.747797;0.713671,8.382607;9.382796;8.299875;9.019144;8.105804;8.721782;8.899597;8.809090;8.720714;8.614250;8.746222;9.159041;8.535153;8.825526;8.329942;8.743628;8.608149;8.630445;8.990016;8.374373;9.065297;8.958033;9.176362;9.077673;9.025954;8.934744;9.098445;9.103544;8.650569;8.842053,347.682973;343.697737;342.509077;344.391212;348.554063;345.732952;342.143276;343.802708;343.627942;343.862612;344.360606;348.841321;344.875427;340.945186;346.115565;343.984270;345.597474;345.559273;340.797626;347.868912;345.745659;342.724722;347.817469;344.984253;344.334499;342.696176;348.570163;338.847622;346.709528;342.457731
0.4067096995851971,10.120026052784869,346.81175205532537,1.1488035014076456,3.024787378919282,0.430954;0.383373;0.419956;0.391904;0.397331;0.371885;0.438376;0.424502;0.435974;0.362261;0.387042;0.320907;0.344547;0.424304;0.393466;0.368300;0.348808;0.449776;0.429458;0.358426;0.392950;0.387817;0.368430;0.401713;0.378696;0.359094;0.434502;0.335079;0.408345;0.407182,9.828178;10.299660;9.878288;9.941039;10.452452;10.286497;10.743934;9.923016;10.355456;9.713052;10.681067;10.362560;10.732614;10.173304;10.342272;9.919924;10.361498;9.961144;10.378718;9.785125;10.313042;10.294312;9.789486;10.123468;10.146735;9.977398;9.982639;9.931907;9.890387;10.271423,346.221794;347.886926;344.977500;348.864684;344.182848;347.651421;341.206662;345.220084;345.413466;346.579314;346.480507;353.180517;349.101411;348.198143;346.388638;349.615638;344.644406;347.946145;345.959570;339.655159;345.579453;346.153905;343.919743;347.651139;345.567178;350.045539;345.084983;345.090100;346.212489;344.674870
0.7087522482726629,9.314470250179893,342.9973742163884,1.185828932779671,3.5437103887821966,0.732556;0.679792;0.707906;0.703366;0.651203;0.713624;0.706385;0.622126;0.725154;0.736786;0.687054;0.691719;0.741339;0.708410;0.673044;0.767398;0.738341;0.648909;0.621376;0.709908;0.683202;0.715590;0.705443;0.726776;0.759948;0.716584;0.719001;0.692834;0.699828;0.690624,9.349980;9.862144;9.249495;9.064531;9.083924;9.074274;9.170567;9.401646;9.441144;9.631603;9.144719;9.236161;10.127023;9.311220;9.245794;8.712167;9.756894;9.445996;9.070360;9.443097;9.594077;8.910503;9.819395;9.190956;8.985329;9.133051;9.161078;9.039604;9.615785;9.233043,345.224186;343.163142;344.373731;338.292135;346.483061;346.994207;345.436655;342.005953;343.374325;345.466371;347.041067;342.091879;340.244872;345.101695;343.541742;343.503563;345.569849;343.267438;345.791384;343.598796;342.248511;341.360364;345.466859;343.576843;341.479624;338.871183;345.085639;344.141216;343.849664;345.321220
1.3572235442292737,10.589506862603947,342.8033424037865,1.3517887634757024,5.168397467221124,1.424962;1.353438;1.392175;1.327936;1.326892;1.318673;1.335770;1.266079;1.328227;1.371170;1.300654;1.271425;1.272745;1.417086;1.310490;1.330631;1.318888;1.316644;1.367950;1.363574;1.409016;1.324407;1.361865;1.356216;1.423726;1.306516;1.354054;1.318191;1.396286;1.344382,10.412094;10.605424;10.386802;10.927453;10.314696;10.339171;10.930489;10.862801;9.957535;9.873681;10.932855;10.446458;10.022858;10.215157;10.313424;10.893902;10.860043;10.465412;10.281289;10.453123;11.023578;11.318590;10.619127;10.516747;10.579044;10.396107;10.347977;10.612422;10.442089;10.829740,347.397341;342.620347;342.128822;343.325645;342.314411;344.134335;343.753034;340.664252;338.010819;339.805709;341.914330;341.894493;345.263038;337.778616;343.972038;341.998165;345.386012;341.303621;341.013994;339.046855;344.385958;347.927045;337.442733;342.343996;342.975237;341.379880;343.610613;342.804710;341.833557;347.110541
1.3235331174194205,8.727266666837366,331.40864622269464,0.8497028292620673,5.898852770393139,1.331403;1.333914;1.277132;1.327186;1.341443;1.339600;1.300971;1.305906;1.316018;1.363331;1.383492;1.364127;1.331342;1.369820;1.267651;1.266707;1.366912;1.307635;1.308264;1.280758;1.316000;1.342626;1.350177;1.331909;1.352858;1.264210;1.304110;1.368710;1.320939;1.357744,9.287042;8.430354;8.171485;8.935417;8.825385;8.420459;8.608589;8.722474;9.120906;8.972900;8.785492;8.279435;8.383435;8.844645;8.638257;8.672299;8.798503;8.655857;8.638330;8.840981;8.731880;8.586350;7.906601;8.522107;8.643362;8.565352;9.100573;8.682557;8.773163;7.958744,326.325713;330.081154;331.025898;325.627509;333.636543;331.304607;332.974694;332.881930;330.212858;333.058770;332.937075;328.508794;330.862025;332.292449;336.880097;327.751429;331.451275;335.492374;334.754829;332.571339;328.023492;331.302172;330.086283;329.162772;330.578285;333.248327;334.490623;328.738816;330.822966;328.120274
1.394771475215663,11.856434523998129,339.95706136588257,1.3542681438804507,6.773052285727022,1.376773;1.466539;1.405118;1.349195;1.401464;1.414011;1.355975;1.408535;1.400707;1.374149;1.334104;1.379695;1.367288;1.395326;1.408224;1.318800;1.375595;1.383073;1.412512;1.333881;1.432807;1.382865;1.419885;1.423071;1.408288;1.401205;1.402932;1.351144;1.423025;1.370936,12.109001;11.473301;11.520327;11.754124;12.185713;11.562547;12.164132;11.825163;11.597817;11.688357;12.144238;12.028314;11.406497;11.620310;11.542525;11.738353;11.827581;11.991639;11.815321;12.540478;11.440608;12.321452;11.575143;11.586608;12.013647;11.777182;11.547193;11.507514;11.893812;11.510891,338.384773;341.172521;341.436806;336.905611;333.722749;339.574687;340.269433;336.620798;339.277068;341.653193;339.847113;337.988032;339.454535;341.733788;339.299359;342.407645;343.099169;339.352212;337.682222;340.070673;345.091303;344.812488;342.561539;339.469563;337.120271;341.162632;341.695931;345.166766;338.112043;337.186000
0.3381676146422808,10.779630459009503,352.62755326298117,0.8625891341272723,2.060006720974241,0.398452;0.338814;0.374756;0.329169;0.317501;0.242034;0.311294;0.336651;0.422849;0.327066;0.355854;0.343895;0.298860;0.355236;0.448171;0.320228;0.376622;0.350500;0.409720;0.375716;0.379776;0.399747;0.324864;0.321011;0.366114;0.358732;0.323173;0.346842;0.385434;0.357973,10.937853;11.209282;11.415680;10.912711;10.638622;10.625758;10.838130;10.835050;10.396338;10.402115;10.619878;10.360730;10.245414;10.823827;11.181692;10.267719;11.035579;10.970861;10.513653;10.847810;10.516856;10.474296;11.284765;10.154477;11.535186;10.930731;10.860543;10.451135;9.954944;11.182755,352.724024;351.365155;357.651077;356.790343;353.475514;354.222994;351.211377;350.765122;347.580248;351.191898;352.052159;352.244143;351.734255;354.323870;354.081967;352.835001;353.298931;356.696709;355.463002;353.898808;356.043405;355.993980;357.046547;352.151845;353.820427;357.373239;354.061791;352.364366;354.344173;356.685549
1.5227870102022374,9.317168696134257,333.4813636447533,1.0023870845533804,6.259269510915886,1.512571;1.560931;1.575097;1.572890;1.521730;1.521918;1.623041;1.449549;1.518762;1.459550;1.453500;1.527564;1.510937;1.556378;1.486571;1.583354;1.587733;1.484762;1.503150;1.490426;1.532001;1.554490;1.587072;1.530161;1.487022;1.547574;1.515537;1.558968;1.461673;1.538146,9.866764;9.081336;9.151630;9.716883;9.795378;8.714390;9.173466;9.697723;9.081071;8.643282;9.325193;9.933204;9.201187;9.523309;9.547802;9.162640;9.371178;8.639317;8.946675;9.755853;9.175953;9.706671;9.315542;9.045043;9.090451;9.490897;9.724035;8.956348;8.950651;9.244318,337.266536;331.240946;330.715822;332.417840;334.338376;332.414193;331.408688;335.973243;332.655163;332.340462;335.696070;330.472445;336.252817;333.858359;334.003055;334.005271;334.997253;334.093832;331.907681;333.275865;331.735088;332.817066;335.854994;330.746389;333.058585;331.073239;336.709326;333.866296;333.194762;333.046797
1.3135683223202397,8.370558492934473,360.4251184270621,1.0096209108389773,3.1226378777807215,1.347129;1.298296;1.305416;1.309760;1.222545;1.247916;1.262063;1.278794;1.343215;1.246581;1.275200;1.261108;1.293569;1.375135;1.375599;1.289471;1.363549;1.322497;1.422812;1.345745;1.310773;1.300757;1.271284;1.312294;1.268598;1.359081;1.295273;1.356479;1.300290;1.241496,8.796009;7.969778;8.434056;8.346741;8.127598;8.241507;8.224282;8.177043;8.469194;8.633471;8.291456;8.406802;7.731107;8.293936;8.247236;8.386448;7.931997;8.809134;8.459424;7.959003;8.123405;8.227876;8.262323;8.343131;9.076533;8.521567;8.433900;8.221966;8.369691;8.194640,357.577447;364.013007;360.845760;362.524761;357.477352;360.336294;358.165930;360.272845;359.031116;363.188117;357.449817;357.565686;360.941256;360.104658;361.961735;355.876355;355.833635;360.137710;361.819941;362.426284;354.446495;358.817821;362.956712;361.454347;359.184604;359.492460;360.557478;362.789836;359.912713;358.201634
1.1461305851677146,11.60311742783114,347.0682844927014,1.5001672624851992,5.963981686373052,1.045641;1.152987;1.201213;1.139971;1.183524;1.133300;1.187182;1.203753;1.086146;1.104300;1.101785;1.178354;1.190777;1.112465;1.163063;1.182849;1.131466;1.146540;1.088050;1.169573;1.150233;1.235601;1.164523;1.137249;1.177365;1.116078;1.221132;1.127350;1.235080;1.162624,11.733186;11.730773;11.870395;11.596591;11.472980;12.303527;11.992720;12.008881;11.585786;11.626042;11.743547;11.447294;11.594791;11.494144;11.601303;11.141033;11.140960;11.987696;11.505644;11.058091;11.451737;12.004235;11.287739;11.646617;11.226595;11.804044;11.437278;11.994999;11.744540;12.210247,349.746221;347.676916;347.133409;349.140827;346.037837;345.835719;349.109811;346.979676;347.893162;349.617280;348.815859;341.393500;353.618497;349.213759;345.878882;350.891257;348.816752;350.134993;346.725770;346.544663;344.494999;342.114223;347.708069;350.619205;343.372278;351.597870;348.326788;349.799219;347.914862;342.355482
1.4843741154431214,10.793651447654934,342.9406086275673,1.3169336724974992,5.697153289285827,1.428653;1.440924;1.533213;1.472969;1.516181;1.545315;1.483192;1.537784;1.479019;1.483484;1.464521;1.524699;1.571337;1.547469;1.519580;1.471561;1.514091;1.513657;1.444061;1.413305;1.533599;1.460955;1.499945;1.465803;1.449228;1.550352;1.497220;1.423691;1.454879;1.472160,10.686601;10.782410;10.795519;10.467811;10.539235;11.202461;10.234802;10.824098;10.561676;10.880358;10.902616;11.427253;11.090425;11.419608;10.802857;11.083964;10.976148;10.798378;10.905893;10.663757;10.994982;10.563561;11.210849;10.362889;10.832213;11.080935;10.566852;10.519391;10.110293;10.650970,340.331759;340.023399;347.759951;338.872415;344.155461;346.029057;344.025870;340.784310;345.248583;346.372052;341.965644;337.912817;340.786255;344.676259;345.256997;343.061978;344.495548;346.494144;342.893098;341.939484;342.658423;346.536566;342.229936;342.001080;346.250618;343.743915;342.966054;340.301222;337.777501;344.756970
0.4991872687321177,8.558436862004232,350.201995052572,0.8920863183123415,2.3483007482298146,0.447496;0.566927;0.532015;0.395529;0.497467;0.544993;0.515285;0.488914;0.528377;0.510145;0.513092;0.515720;0.435318;0.495561;0.488518;0.514598;0.566724;0.439372;0.507990;0.461228;0.509474;0.488323;0.388130;0.556001;0.516240;0.571975;0.472898;0.513680;0.472995;0.549399,8.391154;7.767290;8.505725;8.397275;8.787593;9.006799;9.008424;9.349457;8.510550;8.404667;8.298770;8.131867;8.630467;8.628948;8.813940;8.653277;9.190576;8.744902;8.089466;8.271012;8.630671;8.221892;8.476284;9.030624;8.566732;8.902188;8.609943;8.263558;8.210152;7.883072,354.124811;350.810673;349.640667;348.648458;353.650996;352.069088;353.485573;346.657660;354.994282;348.419149;349.944131;351.831362;346.147300;348.873981;353.493610;352.260451;349.659408;347.721626;352.974142;351.755630;345.797352;350.157419;355.352661;351.104689;353.567167;345.941510;350.330729;350.504512;353.805145;350.727050
1.0705063335045282,11.890342956667553,361.0198547363634,1.329544666699892,3.9202449755950433,1.012272;1.043455;1.109762;1.104511;1.045816;1.088251;1.076269;1.075727;1.103699;1.087762;1.096257;1.086587;1.031664;1.074672;1.097183;1.089715;1.142863;1.045643;1.040440;1.060708;1.060314;1.066460;1.056886;1.061852;1.064433;1.025137;0.992912;0.963583;1.043516;1.134880,12.201897;11.860977;11.751523;11.427208;11.889980;11.821812;11.903034;12.043215;11.332387;11.914566;11.817299;12.182900;12.160842;11.960493;12.052078;11.997293;11.593336;12.045812;11.924031;11.782691;12.033748;11.941571;11.727033;11.493812;11.910891;11.522840;11.595950;11.743055;11.735102;12.501108,362.525713;364.003735;363.722938;358.520203;355.754284;358.162261;359.949234;359.687486;357.502447;360.394176;359.940220;357.134497;365.342568;363.841048;357.135005;362.563454;360.409484;363.004230;360.028451;365.720596;361.630739;360.935821;360.999754;359.293655;360.213317;359.790368;363.041489;359.273752;360.674222;359.406019
0.788781915055387,10.667512311995866,333.6340574933888,1.381413632200633,5.829016122279254,0.799833;0.855434;0.782641;0.887519;0.786565;0.715856;0.810155;0.770924;0.744357;0.704151;0.707101;0.815223;0.792363;0.824384;0.750698;0.834361;0.904394;0.778974;0.790033;0.772131;0.765161;0.749176;0.797853;0.794237;0.797524;0.790115;0.768601;0.748663;0.779102;0.765783,10.377409;11.263194;10.852445;11.096732;10.644024;10.783457;10.733830;10.212617;10.170034;10.258501;10.730485;10.607810;11.070701;10.484431;10.950230;10.021148;9.952356;10.697942;10.981806;10.666142;10.592515;10.705673;10.735843;11.184544;10.825109;10.516780;10.762190;10.715432;10.467211;10.755165,332.376650;336.398328;331.824305;338.912876;337.556221;330.425329;334.195495;330.719911;333.186584;338.336510;335.079212;332.736274;335.547605;334.710803;335.092768;329.854658;329.314890;334.317313;337.180654;334.681156;336.480334;333.615767;332.310384;328.905947;331.182439;332.230275;331.836037;335.732375;334.200953;333.286047
1.241812039362571,10.975568487636146,341.18304148511055,1.3922567092694853,5.388424416198445,1.255928;1.193332;1.287947;1.199199;1.218768;1.262745;1.248398;1.157613;1.316193;1.270862;1.233159;1.263946;1.242051;1.196491;1.135106;1.270158;1.197400;1.227141;1.223319;1.301156;1.225914;1.235743;1.196899;1.256412;1.163162;1.257150;1.277178;1.304460;1.197887;1.207102,10.851818;10.716353;10.918649;10.748733;10.866199;11.115090;11.312399;10.808715;10.520186;10.733999;10.480805;10.930679;11.213146;11.058916;10.935665;11.700436;11.384683;11.058220;11.184047;10.812552;11.288816;11.296984;10.682233;11.105250;10.986684;11.211632;10.878125;10.972291;10.744709;11.109728,337.562004;339.487202;344.449133;338.810227;341.833709;344.687949;339.662980;342.325432;344.605383;338.108931;342.047781;338.309784;340.359783;340.092908;337.875623;337.993171;339.740687;341.581905;341.097062;335.718285;340.203004;345.059584;340.472071;339.334768;336.087527;341.899526;340.702992;341.896212;341.943782;344.461164
1.0231380298646449,10.827789622287867,352.54976448971667,1.271117817167278,4.043302288039862,1.005779;1.047607;1.055628;1.013909;0.969258;1.026552;1.043916;1.040087;0.976535;1.073598;0.980251;1.061300;1.034254;1.090538;1.045272;1.049679;1.049280;1.075144;1.136218;1.067879;1.014080;1.044840;1.026168;1.033659;0.943931;1.026796;1.036613;0.982986;1.047691;1.041125,10.550177;11.029642;10.460156;11.129535;10.675948;10.848471;10.414632;10.779710;10.855313;10.627562;11.391662;11.205081;10.766741;11.233691;10.174984;11.125749;10.721474;10.928887;10.965013;10.474902;10.571494;11.110675;10.330463;10.370465;10.840126;10.699206;10.820838;10.976173;10.892792;10.304130,350.745486;354.555696;349.752081;354.990185;352.815629;353.034492;352.320307;350.525619;354.651192;355.980886;351.057088;351.727552;353.527808;354.433781;350.523713;349.511369;356.041770;353.297629;349.462437;350.959714;354.063903;352.220748;352.103744;349.160976;351.155772;351.012519;349.275641;349.523606;356.319334;351.446800
1.382632187840403,11.679280570962195,344.5658129590238,1.4481194249741673,5.46670380079814,1.429248;1.458267;1.391000;1.405573;1.435315;1.422961;1.388304;1.410177;1.322332;1.333236;1.383816;1.374134;1.345014;1.449332;1.437744;1.347111;1.448540;1.424977;1.366117;1.455381;1.422902;1.364049;1.392597;1.392078;1.371164;1.309441;1.422872;1.367055;1.406507;1.361047,12.251061;11.070799;11.698279;12.354083;12.101324;11.625085;11.454361;11.551463;10.857720;11.975255;11.667102;12.396012;11.178026;11.894874;11.505566;11.301319;11.540973;11.712735;11.288751;12.125036;12.002895;11.784582;11.402798;12.073614;11.634954;11.283503;11.387106;12.054205;11.469668;11.736514,341.373672;343.393613;343.738496;343.674581;343.121996;345.218281;345.566433;344.209594;346.237540;344.444139;344.072247;344.849721;348.593107;343.996662;343.709189;343.156250;348.561368;345.884269;344.612882;342.884935;343.961707;346.222506;347.438179;342.460681;341.680372;346.883831;345.491600;345.885372;344.178922;348.455887
1.3943871887870292,8.359502312139906,340.9004984316128,1.0334492859273383,4.695289980750099,1.407062;1.390953;1.375830;1.419459;1.446791;1.340094;1.399599;1.433969;1.424852;1.380500;1.371301;1.372410;1.299641;1.374184;1.422843;1.333093;1.409491;1.371657;1.385905;1.362923;1.383002;1.387438;1.357491;1.381571;1.471630;1.380453;1.361902;1.360666;1.400297;1.371655,8.040095;7.883296;8.004339;8.180235;7.779167;8.233287;8.092097;8.230006;8.613652;8.498909;8.728573;8.334707;8.184439;8.629759;8.020805;7.684043;7.637824;8.177117;8.668616;8.276865;8.263828;8.285984;8.302868;7.909388;8.004840;7.648926;8.207780;8.293999;8.099325;7.921183,346.352237;335.698565;338.392592;340.698557;339.933850;343.189078;341.428083;337.046235;346.744733;343.665607;342.429877;344.114582;345.971540;337.427906;344.391876;343.855126;337.534331;342.601362;338.861473;339.157871;342.730156;340.850527;343.031330;342.741914;342.098702;338.473770;339.061073;344.485269;343.900008;340.680471
0.6477386439319343,8.545440621442202,340.8460808844015,1.2079243726383384,3.7133820108576607,0.676873;0.680861;0.635297;0.655121;0.643539;0.650744;0.611238;0.671826;0.573840;0.636901;0.595142;0.593377;0.636596;0.599422;0.606744;0.544281;0.659172;0.668354;0.692193;0.609020;0.664693;0.724867;0.688933;0.676991;0.632983;0.673989;0.616162;0.701576;0.639900;0.589402,8.167272;8.276134;8.654481;8.317363;9.123956;9.202828;8.506220;8.656585;8.623482;8.275002;8.132332;8.759564;8.172942;8.259304;8.121096;8.623400;8.995278;9.076906;8.963224;8.618491;9.033200;8.777008;8.180518;8.425435;8.407046;8.304571;8.269896;7.659052;8.972177;8.717954,339.964853;343.121068;335.778866;337.589307;344.913461;339.028478;340.451990;339.524717;341.584371;345.444533;341.103009;342.883299;337.944447;339.386105;339.119715;341.679367;344.057337;343.527602;341.150942;341.057268;339.254355;333.089645;341.613798;344.276373;339.592871;338.057513;342.531168;339.855604;336.395411;339.162889
1.0651102219337372,8.851350801411877,331.67596871983176,1.0434873835956864,5.959632010390826,1.004447;1.131967;1.177608;1.115536;1.021482;1.121974;1.104608;1.015902;1.057937;1.009667;1.013139;1.132798;1.016853;1.074749;1.017763;1.124872;1.094404;1.022063;1.069851;1.042399;1.047506;1.011776;1.068039;1.154725;1.052944;1.158906;1.019622;1.023588;1.072051;1.073471,8.806934;8.529008;9.202284;9.107087;8.661675;8.859854;8.770843;8.730723;8.927168;9.084533;9.309683;8.921254;9.045331;9.034325;8.870039;8.819343;8.611505;8.800463;8.775595;8.925534;8.918227;8.799475;9.041315;8.990573;9.162708;9.632937;8.559303;8.659718;8.551514;9.024032,327.429614;332.646667;332.780019;332.339197;329.604927;335.815442;328.980448;335.253553;328.875388;331.081677;329.255538;332.924496;333.002711;333.167235;331.187330;333.647387;330.351513;325.749456;333.351322;333.448168;336.012324;332.650388;332.487577;334.469400;334.984663;330.971570;332.609393;331.316801;328.206406;329.373030
0.6811681483366426,10.562812976280192,343.2567599513335,1.356371033587327,4.578255521407542,0.648221;0.697727;0.667103;0.649026;0.675894;0.687145;0.700266;0.700028;0.693421;0.726698;0.689434;0.588811;0.648626;0.654157;0.708824;0.706526;0.657993;0.657940;0.670464;0.704837;0.690224;0.642692;0.727271;0.741904;0.622561;0.724849;0.730705;0.671492;0.678063;0.808078,10.898498;10.177696;11.176594;10.722013;10.869957;9.946251;10.699310;10.410007;10.439122;10.371977;10.537681;10.686946;10.777702;10.634413;9.998599;10.433911;10.381335;10.468781;10.885567;10.878223;10.184625;11.083490;10.397628;10.397951;10.501957;10.317769;10.233319;9.706597;10.531264;10.386299,342.144189;340.114596;344.758447;344.224250;346.901848;344.286595;343.376135;339.625454;343.614827;343.812746;350.262557;345.240444;337.920533;345.390820;336.700316;342.845509;344.188596;339.334346;340.643285;342.757985;344.750541;343.167130;347.697145;340.766866;337.126082;344.167380;344.492398;344.828353;342.354947;342.708251
1.3747635963456182,8.308655047745816,337.71295431526767,1.0430769587830395,4.790632766392724,1.550030;1.440959;1.306198;1.423334;1.358115;1.376178;1.427269;1.354517;1.360389;1.375418;1.334592;1.416840;1.443581;1.399734;1.272043;1.432908;1.313315;1.359337;1.424378;1.332793;1.355892;1.460778;1.386238;1.390046;1.418860;1.318114;1.391241;1.391861;1.494276;1.315218,8.066296;8.306204;8.031471;8.471124;8.456287;8.882059;8.617944;8.545677;8.054621;7.962338;8.245654;8.146854;8.411831;9.148540;8.475025;7.820996;8.070888;8.196389;8.396990;8.306261;8.445867;8.204996;8.656079;8.047303;8.036226;8.467222;8.342840;8.122778;8.965130;7.987967,335.661725;340.083402;335.596703;338.816860;335.331179;336.154263;337.560855;335.925069;334.050883;336.958367;337.201903;336.367910;333.249719;335.333088;338.770672;334.113999;337.891088;334.383170;332.980197;338.697985;336.729440;336.810485;336.246256;340.847980;334.433993;340.156151;342.526963;339.586014;340.165486;339.243458
0.9246613713748691,8.097255216007706,352.01229487440884,1.0086581321792911,2.985289730245923,0.948448;0.907027;0.948049;0.891066;0.872225;0.928846;0.916817;0.940849;0.870240;0.957300;0.868854;0.920927;0.955726;0.955656;0.921815;0.926790;0.906315;0.932515;0.909823;0.937661;0.899234;0.954029;0.915930;0.959806;0.823795;0.930765;0.965974;0.951696;0.886863;1.012661,7.979992;8.427917;7.622112;8.406677;8.157703;7.583633;7.690438;7.071474;7.851683;8.357260;8.230550;7.696409;8.313363;8.179489;7.998877;7.982231;7.212340;8.164482;8.445427;8.010239;7.603612;7.495635;7.779724;8.065662;8.281938;7.948897;8.401359;8.242558;7.836274;8.325159,349.805810;352.602523;351.602170;352.219976;353.363387;349.694067;355.197511;354.239788;346.358732;350.392562;351.389872;349.271250;353.673007;353.362634;354.643805;356.585317;349.561682;356.307692;352.434597;352.705221;353.059501;348.194063;354.215026;352.205279;353.815365;349.384907;353.194676;351.403823;349.636418;355.874867
1.2449021005490128,9.264481277595545,334.248799545808,1.0687218593007926,5.840972716135091,1.244091;1.257045;1.234608;1.197248;1.302261;1.239446;1.374972;1.243799;1.246501;1.207604;1.299936;1.203935;1.271923;1.211667;1.249781;1.239142;1.237693;1.245896;1.270153;1.307900;1.311511;1.230562;1.232683;1.245994;1.279823;1.173048;1.320834;1.303110;1.204837;1.216480,9.208621;9.494905;9.469256;9.603347;9.467990;9.478149;9.718851;9.038775;9.509137;9.511962;9.258816;9.603435;9.643105;9.469509;9.460665;9.147228;9.050852;9.483682;8.973543;8.924875;9.499765;9.245602;8.656467;9.202375;9.252305;8.998110;9.161826;9.199092;9.199845;8.807825,337.284156;331.709152;335.549196;330.316059;332.372714;335.526406;336.924597;331.652778;332.006499;339.427332;333.701098;333.733766;329.381141;335.065290;333.162364;337.301613;336.643062;332.938120;332.362667;331.904737;332.912266;334.902586;336.185205;335.865083;337.401359;336.295242;333.416376;331.913902;333.312333;333.417276
0.9689984079019185,9.170683766282394,335.6290347900893,1.2736314879411985,4.965947495564949,0.964460;0.952232;1.041594;0.902054;0.959260;1.041052;0.988438;0.978446;1.017189;0.909379;1.023378;0.947916;1.016475;0.896351;0.906082;0.997928;0.916244;0.940242;1.029318;0.918092;0.878640;1.014996;0.945244;0.944557;0.987967;0.904276;0.933514;0.996452;0.992275;0.977985,9.289382;9.197940;9.539019;9.192547;9.317978;9.616013;8.812212;9.588945;9.484558;8.832128;9.542923;8.800962;9.086556;9.337361;9.496661;9.422133;9.149680;9.213967;9.103364;9.127597;9.082105;9.102019;8.699501;9.094490;8.603927;9.015594;9.048225;9.450865;9.249624;9.628887,338.034315;337.600003;338.204978;332.827391;335.802110;334.414602;337.890069;337.716703;334.615447;334.878098;336.047169;339.157528;335.542426;333.185434;333.633741;333.672073;333.431678;332.631728;335.896296;335.286041;336.509139;334.353758;333.124054;337.949731;335.641012;330.027609;335.332481;333.873733;336.998921;338.890193
1.317613698308653,8.908557408853675,341.5079787022132,1.2163120080065695,5.001978943813948,1.407086;1.350638;1.239374;1.376539;1.320538;1.340867;1.335574;1.344905;1.360950;1.353813;1.353362;1.333972;1.225531;1.384397;1.349710;1.356034;1.195171;1.278232;1.306280;1.397572;1.291487;1.299005;1.361156;1.318016;1.346290;1.360363;1.314192;1.370891;1.319853;1.311459,8.846984;8.995366;8.702791;9.153397;8.926022;9.266808;9.172803;9.498481;8.660399;8.858084;9.218749;9.031370;8.753780;8.972217;8.971333;9.284470;9.266256;9.132935;8.689698;8.396485;8.957925;8.616670;8.899750;8.807287;8.969129;9.231290;9.175196;9.027726;8.811867;9.517193,340.818852;341.403933;343.668200;337.224630;341.441017;343.238739;342.416517;344.805746;340.557121;346.423570;340.877912;336.281622;339.339142;345.521525;345.562986;336.357603;338.894628;340.325236;340.236886;339.995336;350.407408;338.959807;341.747651;342.327603;338.615848;344.724829;341.492039;344.011404;345.270644;343.946502
1.2356463142892922,8.60978992226531,339.7021208273724,1.092062920552386,4.548632138757913,1.245257;1.184394;1.270377;1.247656;1.314506;1.201952;1.223491;1.267808;1.243431;1.255791;1.161241;1.235188;1.245419;1.230439;1.248455;1.261375;1.214595;1.289275;1.230686;1.174189;1.269279;1.251669;1.195146;1.254436;1.257853;1.222685;1.265784;1.267596;1.152509;1.292374,8.518451;8.577984;9.232418;8.523558;8.254524;8.551472;9.028845;8.539831;8.899575;9.201933;8.632623;8.555460;8.843884;8.163850;8.399494;8.073284;8.984150;8.324974;8.950769;8.731646;8.710979;8.252921;8.618686;8.341909;8.049986;8.673688;8.696136;8.715973;8.615770;8.359000,339.156436;342.872956;337.622111;337.268468;338.102755;340.143310;342.530025;341.258147;336.135696;340.426414;344.218665;340.105405;342.715551;336.528828;338.306067;340.702712;336.974643;342.866890;345.811107;338.717731;341.656870;340.661460;340.295992;339.422913;341.643271;339.305974;335.090637;338.514998;339.900031;341.596932
0.4274762393663527,9.727995400561543,355.0179130469022,0.7372729352022221,1.7739844731447258,0.424053;0.364976;0.410758;0.397703;0.487002;0.450260;0.392004;0.453903;0.424493;0.453155;0.483970;0.463414;0.419551;0.515729;0.438314;0.454890;0.437954;0.420141;0.366971;0.344413;0.441088;0.390744;0.452362;0.409664;0.456919;0.394168;0.398466;0.375125;0.368138;0.394433,9.897564;9.797092;9.328725;9.466582;9.927232;8.908576;9.180951;9.923299;9.947759;9.808056;9.686998;9.592020;9.255346;10.146793;9.262052;9.917094;9.955435;9.278678;10.150124;9.791686;9.988648;9.452671;9.898364;9.692540;9.988819;10.331346;9.751262;9.693452;9.248128;9.447177,352.326346;355.711192;357.498402;358.117780;354.153504;354.433929;354.794426;357.404907;355.296549;359.413411;354.632102;357.075943;353.910159;355.924604;356.167472;349.954686;357.731706;354.635370;354.777885;355.985720;359.935708;353.615750;361.140508;352.953811;356.533580;352.027843;354.129087;356.079767;354.446574;359.538127
0.29822521635510546,10.349138088001949,335.20903380746233,1.26404312801607,3.3983496266418145,0.266858;0.254718;0.233162;0.318106;0.232519;0.321134;0.340436;0.230453;0.272995;0.241969;0.288834;0.240741;0.272115;0.320046;0.286565;0.360668;0.263650;0.256152;0.253275;0.280361;0.387864;0.330299;0.290301;0.356878;0.272222;0.296541;0.263935;0.352460;0.282949;0.272259,10.402864;10.596707;10.947755;10.576699;10.539668;10.038241;10.373679;10.476974;9.957365;10.062648;10.636696;10.570903;10.202488;11.059717;10.293416;9.802067;10.224255;10.608612;10.008177;10.853827;10.277309;9.984973;10.174991;10.550031;10.070012;10.705261;10.653947;10.559324;10.909887;11.007852,335.130655;339.437646;334.535262;337.092374;331.502803;335.882201;339.089235;333.645895;335.509180;339.259712;336.085701;338.559887;333.997352;337.449489;332.834810;338.320112;333.518874;335.917133;336.705247;331.854045;335.481263;339.236036;334.090115;337.738391;336.449417;330.739283;334.181934;334.146512;340.845294;333.442615
0.9789920960940437,11.02027520158516,344.7733649734959,1.3794257499839633,4.749606031285427,1.005570;1.002775;1.009277;0.925455;1.067357;1.010085;1.022044;0.978549;0.992756;0.996002;0.932952;1.017953;0.984348;0.994944;0.992506;1.006642;0.949389;1.000331;0.942391;0.916332;0.907875;0.975187;1.003040;0.950488;1.016832;1.035910;0.969863;0.980260;0.950381;0.956629,11.078427;11.271193;11.047392;10.519384;11.013829;10.909556;11.026245;11.148236;11.388081;11.207820;11.179912;11.155788;10.323892;11.533909;11.337508;10.406003;10.640506;10.741343;10.874406;11.196740;10.954917;11.042001;10.715970;10.356383;11.349939;10.858824;10.956728;10.594573;10.812908;10.666913,341.578433;344.921026;342.958914;348.720487;345.202362;341.014860;345.513083;345.224194;343.348153;343.446974;348.022415;343.643324;349.542063;343.679924;345.643132;341.230033;343.432980;340.761130;346.517219;341.659320;348.339362;348.524991;339.968437;343.260314;345.140412;344.555102;348.051351;344.994532;335.854142;343.825708
0.7474468699551322,11.68099211747565,339.6888071750208,1.4896007036161036,5.255869587282899,0.786304;0.846148;0.778207;0.708107;0.742594;0.707566;0.778819;0.689442;0.812112;0.784250;0.818305;0.726842;0.746717;0.742715;0.716132;0.737063;0.736692;0.749529;0.802198;0.716303;0.712709;0.752402;0.774822;0.681911;0.830804;0.777412;0.759193;0.817508;0.770990;0.793270,11.326844;11.992027;11.963387;11.676390;11.657281;12.006500;11.845308;11.566987;11.738995;12.188170;11.782018;11.426156;11.417120;11.450830;11.638477;11.761441;12.051122;11.747254;12.099613;11.489661;11.659707;11.486730;11.565693;11.508378;11.926093;11.743463;11.404737;11.377064;11.575075;11.580950,339.073980;338.202778;337.634234;337.725369;340.568637;340.837280;333.875051;339.175890;344.649309;339.180230;338.936860;341.816469;339.504799;339.119485;338.720460;339.652194;337.263504;339.537746;337.880970;338.800785;337.048187;344.882983;342.046691;340.065206;337.932920;344.192170;341.649272;344.502461;340.983850;339.436388
0.5033688600529496,10.505323265101296,331.2242933555948,1.3903358277075377,4.712036105923098,0.517897;0.574519;0.469445;0.570278;0.525542;0.512073;0.448918;0.606294;0.536358;0.540902;0.487775;0.542525;0.464784;0.516148;0.517302;0.478514;0.515050;0.498363;0.538589;0.527079;0.513099;0.445269;0.487204;0.489468;0.517381;0.463668;0.510628;0.506549;0.543284;0.446570,10.365623;10.703127;10.724316;10.494939;10.576919;10.716496;10.084314;9.802065;10.638327;10.459370;11.299707;10.852931;11.132644;9.771606;10.709867;10.519794;10.586718;10.513345;10.578254;10.858425;10.708222;10.277802;10.502098;10.637836;10.897436;10.821937;10.440976;10.795360;10.441647;9.729779,330.017460;329.489916;331.035348;334.472803;332.738656;328.846359;329.845635;333.887650;325.562021;330.223214;329.548501;334.224870;331.315800;327.266893;335.493695;330.995773;333.395128;337.694662;331.684265;329.266001;328.602397;331.524472;329.820282;330.595965;332.569762;330.308013;329.709364;332.569516;333.348403;328.952998
0.3497272819954008,11.812266820667972,334.7253415282555,1.480845889236829,4.087016709363592,0.299222;0.404298;0.360422;0.349958;0.355794;0.359134;0.295055;0.389990;0.340167;0.386554;0.367315;0.262745;0.363160;0.353426;0.345274;0.351824;0.377537;0.301501;0.376969;0.324602;0.311893;0.348361;0.370038;0.406975;0.351728;0.477086;0.327544;0.321753;0.319787;0.375979,12.158571;11.708817;11.931622;12.812562;12.209653;11.655485;11.632721;11.916735;11.948800;11.760555;11.970049;12.092741;11.559518;11.898176;12.066794;12.319408;11.891700;12.085597;12.047006;12.219231;11.380666;11.187687;11.690392;11.722676;11.387781;11.623233;11.656323;11.532226;12.015093;11.615489,332.253424;337.961574;333.791808;335.530210;334.280057;334.161246;338.399962;334.196274;336.402464;337.296600;332.973821;337.725473;333.370905;336.840010;333.133532;333.796291;332.661201;328.792479;334.038244;332.656310;333.826856;334.118289;329.945590;337.193498;334.555554;331.738153;332.866060;335.420613;332.559310;335.532518
1.1518594504435178,9.971104036425107,336.0936437754449,1.2958751989945105,5.527589187134074,1.143934;1.081420;1.175756;1.135897;1.205464;1.122952;1.159509;1.100266;1.135595;1.146624;1.182604;1.118482;1.176116;1.159090;1.117006;1.200709;1.138674;1.169231;1.151465;1.134508;1.168311;1.127630;1.164424;1.064733;1.118603;1.171336;1.132493;1.156645;1.168587;1.050577,9.847872;9.734897;10.015163;10.411537;9.878770;9.911483;9.842810;9.946271;9.954179;9.736069;9.684519;9.974497;9.353888;9.912992;9.491529;10.476365;9.789770;9.728901;9.580026;9.458669;10.469618;10.011640;10.058618;9.741017;9.996407;10.241023;9.912787;10.397835;10.102648;9.938938,334.223224;337.393509;332.616692;335.637595;340.603051;336.566019;334.100847;338.906566;334.503044;334.883887;338.408811;335.752527;335.685556;338.837949;339.895152;339.558565;333.454766;340.368095;334.689080;336.261193;337.643145;336.586942;339.533351;339.857800;336.484719;332.786858;338.743156;335.577184;336.609867;336.525391
0.7722067041566795,9.476727154169089,340.61638791657583,1.3024172511460943,4.315899750921687,0.840062;0.826051;0.726923;0.750849;0.783118;0.831840;0.723932;0.744283;0.765833;0.758718;0.820780;0.798981;0.754425;0.853414;0.742340;0.822978;0.751937;0.828081;0.854363;0.680807;0.761684;0.722208;0.747467;0.775961;0.724220;0.824701;0.783208;0.810798;0.738983;0.755753,9.253077;9.607495;9.063606;9.255436;9.225783;9.274524;9.400420;9.366151;9.461828;9.297389;8.875899;9.375028;9.726405;9.203264;9.665113;9.852482;8.884076;9.612182;9.281743;9.635616;9.279421;9.874038;9.264455;9.575836;9.733680;9.575833;9.980549;9.539232;9.397215;9.946434,343.500635;341.413362;343.274317;340.602910;338.605816;340.266025;341.562463;339.378984;339.257228;339.261571;341.743180;343.270503;339.439064;344.307968;336.462900;339.447393;340.411207;344.322139;341.873704;342.592234;337.894531;335.313953;345.101739;342.199648;338.976211;333.802456;338.859671;340.446295;340.762515;341.715415
1.4916414081386007,11.709646540420255,337.6426461733088,1.366763635690695,7.585028821989046,1.522476;1.544884;1.534264;1.537866;1.450189;1.508013;1.426616;1.550071;1.590522;1.501996;1.546409;1.407214;1.468587;1.382724;1.530336;1.423266;1.499021;1.489352;1.543700;1.520562;1.480835;1.515987;1.572888;1.521335;1.544773;1.522558;1.475092;1.463446;1.488978;1.447573,11.483607;11.371351;11.926247;11.688713;11.633462;11.637898;12.067456;11.358424;11.689908;11.490119;11.913118;12.032893;11.640488;11.258080;11.723981;11.348275;12.201344;12.162361;11.823209;11.278631;10.889025;11.803311;11.529381;12.117459;11.933018;11.868353;12.032784;12.049362;12.115580;12.333147,336.938306;337.278197;338.306851;338.957030;337.993316;339.050953;334.447077;338.004517;335.346197;336.335856;334.997692;337.414683;338.058278;335.887775;335.638457;336.367609;340.577164;340.697609;341.724714;334.864311;340.661091;336.867847;336.847078;339.203187;335.642181;332.777731;334.617753;340.223412;341.596921;334.990494
0.1922528232761286,9.613927519979953,362.16748299847785,0.4111554085540664,0.931367668619784,0.151268;0.205717;0.225617;0.239431;0.202027;0.169816;0.132098;0.140701;0.192045;0.185232;0.176659;0.124085;0.196904;0.200725;0.153742;0.227891;0.173073;0.207258;0.176209;0.166905;0.193169;0.148041;0.124623;0.228040;0.171911;0.200061;0.189491;0.193307;0.082298;0.184699,9.660213;9.613076;9.400604;10.045599;10.110033;9.674548;9.985073;10.110685;10.566740;9.386881;9.729321;9.502401;9.632625;9.406991;9.314299;10.150499;9.932542;9.752649;9.287861;9.730350;9.698624;9.765055;9.547421;9.532046;9.448882;9.523861;10.404243;9.644930;9.600822;10.050135,366.152972;362.065072;359.996356;366.611434;362.988196;364.089653;360.013971;362.142799;357.084352;365.771204;364.140897;363.248906;366.773539;362.818691;361.930532;362.264666;364.694268;362.359307;360.571785;361.471141;362.372668;365.473112;363.485807;358.539680;360.466346;360.739666;357.746011;364.609326;361.718435;363.288616
1.2390495011977116,9.797838999343796,336.0426779855036,1.1391096055866061,5.909294908778898,1.270166;1.239341;1.180430;1.172641;1.210656;1.161894;1.272957;1.217032;1.244602;1.276336;1.242442;1.239286;1.274884;1.229687;1.255113;1.197836;1.294645;1.259459;1.213353;1.277629;1.234463;1.205084;1.249381;1.247304;1.281980;1.250037;1.308042;1.258272;1.230640;1.223919,9.835313;10.120559;10.173540;9.887968;9.753894;9.843872;9.732027;9.131535;9.972328;9.950344;9.013371;10.242946;9.481497;9.241092;10.424532;9.888288;10.024407;10.006244;9.534954;9.799085;9.936859;9.908808;9.573047;10.180725;9.360437;9.998907;9.987955;9.834867;10.153204;9.471707,336.920367;340.967857;336.086387;336.839391;335.796894;334.781401;334.675884;334.660582;335.789046;333.888404;336.124930;332.072919;339.053380;336.957973;334.355868;332.487138;336.350909;333.910007;340.142853;331.927384;337.105355;339.043694;339.445370;334.992442;335.210130;335.401339;337.200925;338.035959;330.738909;334.159867
0.8335114965482877,8.0562037539191,353.0572133768127,1.0054551045920996,2.9176056696400625,0.802190;0.746859;0.836028;0.882132;0.835650;0.899500;0.835479;0.862273;0.820433;0.864576;0.864961;0.806979;0.942491;0.868770;0.815821;0.837717;0.809895;0.807044;0.857446;0.823622;0.767198;0.800009;0.915290;0.832094;0.842121;0.816960;0.792361;0.801803;0.817341;0.852940,8.216648;7.769993;7.577356;8.415746;7.468323;7.623492;7.869071;8.207805;7.767224;8.748122;8.062250;8.152480;8.182173;7.676439;7.943962;8.638756;7.632257;7.752015;8.084746;8.243200;8.083633;8.295823;7.905282;8.063501;8.202928;7.735563;7.981653;8.133244;8.522184;8.423295,351.319167;353.655991;351.508962;354.288685;357.667743;352.430820;355.428336;345.422488;350.002192;354.371679;351.645084;352.620548;352.210979;357.404725;352.661378;353.516387;348.428288;348.946886;350.416235;355.116871;352.354593;355.929652;352.523477;346.533063;355.266665;354.650929;357.749656;354.824844;356.347167;354.630949
1.0241407314864184,8.558817231215917,352.5627508289949,1.0450165424279925,3.1567019376867016,1.067373;1.022181;0.962976;0.946128;0.946531;0.999995;0.948627;1.054622;1.078757;1.058180;1.029508;0.993716;1.056921;0.985297;1.065044;1.007777;1.058760;1.024726;0.967808;1.048573;1.046817;1.066562;0.996850;1.058351;0.948156;0.989822;1.032983;0.961394;1.024578;0.999591,8.496067;8.334726;8.733512;8.524180;8.342901;8.865520;8.006103;8.203660;8.232094;8.275908;8.585295;8.170652;8.471184;8.863385;8.631740;9.072337;8.449868;8.598471;8.927273;8.088102;8.733769;9.053000;8.038055;8.119769;8.884750;8.159051;8.388322;8.623290;8.495698;8.469787,351.242851;350.873630;350.057225;353.570187;355.690542;354.164760;352.876434;350.771930;351.682634;353.724120;350.830705;355.425131;356.351582;354.694118;351.430238;355.274545;352.373714;351.483767;348.795111;351.060156;353.768726;351.152207;354.767589;352.555911;351.969640;355.736172;347.190858;351.997501;351.482940;353.475663
0.9555516395213696,9.66037324363155,334.59530071144195,1.2833682030295677,5.55400871354349,0.936602;0.904181;0.953198;1.018185;0.931748;0.932652;0.970185;1.001544;1.003101;1.016218;0.888753;0.920055;1.019444;0.875926;0.924056;0.939746;0.908862;0.929377;0.867128;1.078072;0.904840;0.904567;0.943758;0.930469;0.904414;0.922994;0.879003;0.908585;0.893778;0.941337,9.745456;9.187729;9.535583;10.251880;9.606536;9.182717;9.915201;9.614958;9.828352;9.680641;9.961437;9.610697;10.021452;9.773164;9.742245;9.290524;9.698195;9.813613;9.584855;9.945307;9.445733;9.650603;9.357700;9.695822;9.843961;9.468754;9.734149;9.546046;9.678401;10.091501,336.427465;335.914002;338.466572;333.785520;333.036934;340.368489;335.434527;339.000848;334.862359;328.099427;337.246709;336.842332;335.797682;337.670642;338.107521;332.305777;334.499946;336.407585;332.352376;332.765880;331.261272;335.815846;332.567315;336.270741;337.794795;332.136039;334.598020;335.663358;338.383505;333.731370
0.908862333378563,9.94994856011775,334.2280917676292,1.2157055193536848,5.691684848686605,0.836117;0.836808;0.847689;0.845160;0.849777;0.971993;0.987751;0.913911;0.958045;0.862259;0.846746;0.850508;0.967146;0.921966;0.912184;0.988154;0.941097;0.919093;0.845333;0.870547;0.988939;0.870690;0.917554;0.859549;0.895335;0.863896;0.812278;0.920722;0.934453;0.898458,10.426123;10.338881;9.792609;9.627277;10.418804;9.885806;9.892129;10.165166;9.840909;10.479566;9.646801;10.156740;10.228499;9.818794;9.790185;9.749551;10.140436;9.952502;10.487923;9.634120;9.424876;9.579147;9.922037;9.407946;9.673580;10.114643;10.268313;10.030101;10.168495;9.566724,336.301870;331.904993;333.262046;335.346084;336.125348;335.371964;332.561591;335.539858;336.334664;330.107977;338.941086;333.103203;335.897961;335.297085;331.498797;334.952337;332.913293;333.822250;334.166926;330.188168;334.125750;334.079893;337.916016;338.568827;332.163719;333.537744;334.250864;331.915934;334.516610;331.263599
0.4944011294572048,10.477366338362737,332.0071962260021,1.423811471916121,5.04804615445947,0.555524;0.482405;0.483431;0.489754;0.471791;0.568052;0.430825;0.502454;0.495509;0.488060;0.497411;0.513635;0.474538;0.472894;0.491836;0.391979;0.504159;0.426404;0.472111;0.524868;0.531291;0.508878;0.429535;0.489958;0.521471;0.454158;0.528803;0.483074;0.525051;0.552830,10.508392;10.386456;10.530458;10.647306;10.646212;10.431492;9.701874;10.430980;10.028585;10.565330;10.347869;10.092830;10.554279;10.342612;10.303153;10.383531;10.557755;10.722438;10.277924;11.078358;9.951607;10.207306;10.625290;10.549570;10.755609;10.261734;10.684117;10.141375;11.045186;10.507281,332.336209;331.663096;328.313748;328.997552;337.965062;333.955270;326.725323;333.448815;335.488453;333.067991;332.246960;331.474611;330.212965;330.083946;325.721290;333.444167;332.080385;333.045132;331.516781;330.759105;330.267480;331.708970;328.037296;328.971133;334.301345;332.934959;332.993198;332.698624;331.836298;331.400462
1.1704809842764579,9.249886798361628,351.5782267925382,1.1517582832948803,3.783522777226375,1.133123;1.166550;1.176829;1.195717;1.119862;1.238352;1.196280;1.165081;1.149182;1.186840;1.204120;1.118830;1.254571;1.228068;1.117269;1.230640;1.212739;1.223150;1.248844;1.119702;1.143957;1.147237;1.144142;1.124448;1.184269;1.162885;1.139309;1.173885;1.262270;1.091008,9.230890;9.435682;9.229822;9.302911;9.564374;9.750554;8.938885;9.182038;9.205543;9.687510;9.040052;9.198786;9.776585;9.345691;9.274142;9.550746;9.592910;9.057850;9.705576;8.728692;9.518795;9.540573;9.257682;9.633846;9.580187;9.333658;9.167838;9.376096;9.152744;9.011807,349.404171;352.792218;350.702532;351.707987;353.511208;349.782438;351.455888;353.654982;355.868727;345.418040;352.012642;352.939037;349.277166;353.714450;351.038771;353.695771;352.970519;349.932616;350.423660;347.877634;350.100434;350.256937;354.143824;346.883870;353.017138;351.668172;349.921115;354.300373;352.747228;351.585025
0.7450413416616803,10.07861269195407,363.6878716715121,0.951843258330234,2.498525617486183,0.734550;0.737735;0.673497;0.790819;0.708644;0.725881;0.739680;0.737104;0.790368;0.699544;0.730649;0.796201;0.655566;0.798927;0.698648;0.739165;0.769674;0.745750;0.647439;0.691934;0.727191;0.663906;0.733843;0.806226;0.742302;0.739725;0.781121;0.752108;0.759488;0.768245,10.701723;10.393477;9.754424;10.033371;9.900040;9.744223;10.145291;10.172230;9.774943;10.472245;10.153790;10.145267;10.548849;9.940490;10.899663;10.323650;10.228697;10.203247;9.896758;10.328129;10.510618;10.263839;9.702278;10.459834;10.298330;10.443482;10.041651;10.135574;10.112912;10.403259,365.270218;363.870363;368.824567;366.210089;364.726316;359.946707;360.774335;364.443775;365.071282;362.962997;362.850884;365.313318;362.879834;363.323572;363.619558;359.605697;362.250434;360.346436;364.127749;368.936563;367.571538;362.403765;362.081054;361.516424;359.376240;360.610636;361.808395;359.826151;364.608786;363.087919
1.4727301782040096,9.609016952867156,339.2641999679797,1.2078362950150918,5.129100846944622,1.456159;1.394145;1.486554;1.466687;1.404994;1.528321;1.482722;1.473239;1.463697;1.485837;1.492726;1.450136;1.472502;1.451248;1.521687;1.457248;1.408160;1.432259;1.405983;1.459520;1.542949;1.485477;1.459557;1.420454;1.485697;1.472482;1.478540;1.434661;1.501207;1.432824,9.586172;9.951236;9.869785;9.394686;9.872441;9.728767;9.501375;9.805573;9.403851;9.735083;9.671454;9.093640;9.429186;9.651793;9.335838;9.652392;9.498754;9.440308;9.464549;9.689700;9.027090;9.756194;9.316159;9.523035;9.923928;9.719100;9.719507;10.021116;9.148640;9.515039,340.335047;334.312706;336.956722;335.422960;338.622542;335.909292;338.619590;336.805771;339.392623;338.269502;337.005060;338.258077;339.501058;338.365072;340.160407;340.730458;342.524384;335.485567;338.469342;339.245510;343.063349;335.574345;339.075683;344.483471;339.475489;337.701274;341.401666;339.340502;339.276439;343.135872
1.5074552999053368,8.970328270947595,362.1835175264968,1.0830604869799856,3.477034806137573,1.492079;1.567167;1.474972;1.556364;1.514793;1.501834;1.517271;1.523914;1.494831;1.498631;1.471847;1.570239;1.509075;1.507186;1.441235;1.503559;1.503338;1.453800;1.519737;1.554429;1.478011;1.415925;1.490953;1.442378;1.539173;1.490084;1.492143;1.535142;1.507191;1.467126,9.279102;8.975006;8.738473;8.771125;8.935669;9.468190;8.552159;8.874362;8.434979;9.250857;8.625874;8.983903;9.344458;9.121459;9.128010;8.860679;8.774236;8.584728;8.930201;9.418184;8.825760;8.704425;8.109798;9.329942;9.144166;8.887783;8.909608;8.569325;8.631159;8.997418,362.756558;364.035504;365.908381;359.161254;359.778322;367.187684;360.320744;363.411199;361.395171;359.055353;364.447438;363.947692;359.117468;364.081354;359.835727;361.904077;362.151131;363.122819;359.907740;360.511177;363.103526;364.249503;358.348443;360.188054;363.793693;365.052909;362.734268;360.948084;361.884500;359.371256
0.21238958877024178,9.151749001234924,341.14492925607067,0.8286254107277604,1.8298236941775656,0.168551;0.259885;0.211952;0.161201;0.244391;0.178276;0.230388;0.216945;0.259365;0.218330;0.233777;0.183963;0.259768;0.193823;0.222679;0.163772;0.224849;0.210568;0.209718;0.204066;0.212999;0.254613;0.174327;0.209842;0.200303;0.210618;0.187514;0.241702;0.209278;0.141285,9.336549;8.700362;9.000998;9.279660;9.582160;8.758903;9.337049;9.418863;9.363278;9.113793;9.692600;8.794983;9.078091;9.327606;9.384615;8.892604;8.802217;8.702364;8.923274;8.912616;9.562148;8.836808;9.140898;9.296135;9.605614;9.081792;9.138988;9.258212;8.873041;9.312815,343.629686;337.870273;336.907901;338.307981;341.869868;340.694913;339.378818;343.280799;336.103167;342.091653;343.685518;342.151281;342.259044;338.790715;338.627547;346.320012;344.204813;343.242081;341.703109;345.701211;337.895501;341.126237;342.214869;342.508876;342.464705;339.092321;340.354151;343.414500;343.305073;339.885729
1.596429036034286,8.702004860792677,360.9653413031906,1.02230734033819,3.257010559217223,1.643913;1.627504;1.587664;1.515402;1.582261;1.628812;1.616541;1.675560;1.559362;1.602326;1.609071;1.534568;1.600583;1.616628;1.647974;1.556821;1.609933;1.610984;1.658520;1.534640;1.593386;1.605053;1.583609;1.528109;1.591796;1.635268;1.594916;1.581432;1.661375;1.579665,8.701191;8.647701;8.992023;8.485416;8.639048;8.371717;8.262400;8.856528;9.149595;9.062404;8.365488;8.508521;8.277468;8.879264;8.573717;8.334009;8.661796;9.249967;8.781826;8.802095;9.055141;8.523878;8.025347;8.786809;8.670431;8.798044;8.680551;8.337370;8.577202;8.450845,362.969229;358.268467;357.026168;363.250120;362.753207;363.156540;357.878674;360.181868;360.189669;363.720309;360.198885;358.305734;358.712834;360.515488;363.099389;362.865597;359.150686;361.569175;358.619111;359.443908;360.026685;356.866003;364.087083;363.137990;362.919798;360.427181;360.281026;362.400333;360.268645;361.766011
0.556832431365227,8.43086186047391,349.1273467615094,0.9632527682153307,2.55473774593357,0.559757;0.545000;0.563539;0.552417;0.510540;0.500294;0.609499;0.534124;0.520434;0.571135;0.520807;0.564618;0.521230;0.596123;0.536862;0.574003;0.695934;0.529340;0.593988;0.552360;0.568111;0.629018;0.516243;0.571181;0.560983;0.569781;0.593460;0.523176;0.503587;0.514892,8.479008;8.265325;8.315688;8.071428;8.380218;7.959125;8.511481;8.371374;8.147312;8.515206;8.828499;8.441455;8.089351;8.644734;8.797905;8.673163;8.039828;8.116039;8.542802;8.273824;8.316869;8.466681;8.510644;8.552613;8.306565;8.835877;8.691462;8.490183;8.671840;8.192354,341.993337;351.758573;344.473459;346.078418;350.344081;351.905853;348.945401;348.811419;345.854661;347.469344;349.769521;349.790814;350.359497;350.346513;351.248419;353.191957;347.571434;347.528708;351.752497;348.735050;344.816218;349.459463;346.495989;346.847052;350.614025;347.635837;348.267111;347.234626;347.985512;347.966091
1.555758398144109,11.290461887297237,357.344379409819,1.34162325663045,4.3794913804089886,1.559615;1.565705;1.514526;1.630930;1.572490;1.547430;1.588932;1.505464;1.559654;1.562427;1.562503;1.574453;1.622929;1.509858;1.524032;1.576498;1.580766;1.564669;1.565978;1.553337;1.574116;1.520361;1.561059;1.608372;1.551014;1.526579;1.536035;1.489373;1.617130;1.510708,11.542525;12.183747;10.834304;11.076217;11.154655;11.601563;11.094325;10.456448;11.643342;11.339252;11.524160;11.482365;11.536132;11.026471;11.029446;11.617442;11.712009;10.484661;11.089110;11.277861;11.539272;11.325629;11.688173;11.248686;11.481199;11.155355;10.854478;11.211419;11.661594;11.734294,356.209318;357.729233;359.653339;357.888186;358.399888;361.404205;358.475805;364.057141;355.767995;358.193995;357.482037;357.155319;358.202863;359.036088;360.687073;357.279624;355.309895;360.721026;356.094412;353.758524;361.326369;354.933745;359.023947;355.490732;361.782338;361.149613;359.295294;360.290859;357.392875;359.623503
1.4124787545935127,9.925614474467896,352.46093013718615,1.2590091767359877,4.205976677937817,1.524583;1.374209;1.353487;1.387677;1.430005;1.407260;1.332292;1.466917;1.428844;1.411188;1.407500;1.428883;1.448990;1.410721;1.369211;1.491265;1.476012;1.386390;1.380553;1.418563;1.319066;1.446618;1.410980;1.438976;1.418380;1.423083;1.388594;1.455211;1.458580;1.411377,10.338767;10.685963;9.813677;10.251289;10.042470;9.887771;10.333468;9.168725;10.085043;10.640208;9.678286;10.030094;10.097956;9.979829;10.323380;10.437711;9.872907;9.816478;10.209313;9.558092;9.656434;9.576304;10.370225;10.143972;9.836219;9.858437;10.275787;9.809482;10.322641;10.516603,351.829290;354.641020;351.348182;353.221860;351.748150;346.769029;353.481833;352.420738;354.097998;351.711707;353.305443;353.765804;353.474317;353.446836;354.238063;353.385253;354.933537;353.361944;351.766534;349.215009;357.068560;349.271347;359.129561;350.894902;350.220013;354.493973;358.003113;351.679329;354.323163;355.973311
1.0010823250351306,11.670134085085248,349.74345818772207,1.3871851768677335,4.23251601841884,0.974549;0.974615;1.053088;1.023635;1.025983;1.053872;0.956411;1.035352;0.951298;1.017019;1.000556;1.031219;0.966917;1.047592;1.062337;0.981165;1.032687;0.961280;1.055532;0.910580;0.996915;1.021675;1.053990;0.988398;1.014209;0.982526;1.030611;0.989308;0.998748;0.941972,11.854057;11.966995;11.637234;11.286073;12.039827;11.386206;11.562778;11.460196;11.645582;11.922019;11.900708;12.017410;11.332184;12.260945;11.872032;11.504014;11.551049;11.374472;11.857067;11.567903;11.406099;11.519202;11.751581;12.066628;11.819154;11.670395;11.859016;11.350395;12.053894;11.679569,348.938790;351.993927;350.813676;350.818401;350.104218;343.356594;344.415805;351.236878;349.187857;350.478637;351.104002;345.071528;347.476723;349.728958;348.898128;351.486702;349.373238;352.164196;346.252000;355.364261;349.295206;348.329019;348.290449;350.242661;347.023573;354.259677;344.972850;345.856344;349.811852;352.059740
0.27165813907293235,10.55328382779243,337.6103987355625,1.2302761380678986,3.245651102757724,0.184162;0.241327;0.233146;0.331205;0.192539;0.205516;0.289464;0.284531;0.245936;0.240786;0.251981;0.233499;0.178917;0.282867;0.208632;0.222925;0.264116;0.336391;0.322470;0.231917;0.258348;0.268099;0.267592;0.352092;0.256315;0.279636;0.221046;0.258355;0.275593;0.297312,10.291719;10.790489;10.621502;10.766376;10.833361;10.912742;10.160873;10.542401;10.362782;10.820541;10.419310;10.498443;10.666454;10.859014;10.506409;11.057023;10.764156;10.283167;10.318483;10.534367;10.040188;11.353741;10.299262;10.068716;10.381297;10.204050;10.686936;10.037267;10.407950;10.115526,340.989510;336.788053;334.533267;338.736893;337.343937;340.167508;333.137224;337.156487;338.938794;342.310135;337.804456;337.092838;337.489460;337.610356;332.899269;334.449609;339.344957;344.355579;336.836372;337.322929;338.312164;332.657037;337.868066;338.741433;334.983242;335.248051;334.694891;338.078654;337.524287;335.276556
0.6991262288136444,11.931130474884593,337.2050865936011,1.5519180181743981,5.737392598258337,0.650746;0.709042;0.695931;0.712752;0.670297;0.718060;0.683804;0.649471;0.659740;0.673837;0.689469;0.699103;0.687439;0.697528;0.700263;0.774332;0.636054;0.683362;0.714231;0.625184;0.732212;0.638138;0.707320;0.727980;0.710498;0.700788;0.635167;0.658048;0.684081;0.748107,11.788587;11.958928;11.710919;11.675573;12.031689;11.890831;11.841745;12.375931;11.398170;11.856292;11.466327;12.594656;12.073561;11.739293;11.879616;11.886055;12.506688;12.204898;11.884749;12.573283;12.137852;12.069580;11.869428;12.310643;11.843256;11.354321;11.510984;11.749545;11.970086;12.079622,335.091908;333.236539;334.432885;337.195908;336.849195;338.253886;331.215062;332.892606;338.211143;339.117896;335.161217;335.297185;335.024551;339.253020;336.342538;338.202252;337.928370;337.745236;337.042001;338.083943;343.781798;338.176080;337.147500;340.900548;340.138625;337.159210;338.383553;339.172930;336.893717;335.617455
0.3261509380809364,9.565668570159607,330.71564410144333,1.3242983737797425,4.227506572380783,0.237432;0.333440;0.294501;0.234765;0.266322;0.336277;0.216680;0.372988;0.284533;0.290772;0.310775;0.373890;0.395706;0.276014;0.302057;0.362508;0.396053;0.290638;0.339752;0.335927;0.258694;0.295319;0.294727;0.288980;0.333512;0.318023;0.281560;0.366626;0.299267;0.338245,9.082452;9.112314;9.592070;9.167137;9.496514;10.005654;9.586631;9.553134;9.564780;9.289280;9.633620;9.073006;9.942853;10.030092;9.437576;9.560603;9.162722;9.689351;9.245343;10.205317;9.344288;10.135143;9.768984;9.811527;9.472326;9.716198;10.123682;9.729261;9.622414;9.721396,330.962188;328.378384;335.488194;332.427997;332.948169;333.266932;330.820152;330.958373;330.701027;327.926518;330.695610;327.930153;331.252246;337.614572;332.059986;332.237974;332.038468;329.362312;331.982230;331.021655;326.040798;331.061901;329.845862;328.916263;332.232675;329.608593;333.006734;333.041924;330.080500;327.841583
1.1148857403393673,11.960615022906055,346.54590653559507,1.4717849574095252,5.435661202798686,1.071407;1.069503;1.123229;1.120318;1.130871;1.166378;1.140902;1.102618;1.055866;1.105579;1.148338;1.228076;1.152311;1.139723;1.140957;1.014549;1.090859;1.109090;1.153208;1.100543;1.144005;1.144007;1.093081;1.188798;1.142319;1.204276;1.116398;1.061558;1.076304;1.193284,11.678477;12.253599;11.748398;11.927476;11.575868;12.529050;11.490706;11.888241;11.940580;11.644379;11.861289;12.301480;12.095764;12.232672;11.795448;10.915902;12.024240;12.269151;12.133291;11.610671;11.999009;11.796580;12.191077;11.893022;12.011289;12.272017;11.547194;12.254253;12.212202;11.664808,343.642953;342.523704;346.192936;343.761794;345.025101;348.833365;347.018439;348.275196;342.029008;340.766278;346.856082;347.235297;347.192909;345.043013;353.186912;342.982864;344.318420;346.740907;348.788277;346.905975;350.614272;347.895397;347.893800;349.523050;347.938741;345.703533;346.037176;346.963840;343.115887;347.017656
0.4473786719922537,11.667503648818977,360.3757418686787,0.7850365984086498,1.868484612794146,0.380005;0.399924;0.526851;0.484203;0.401386;0.486519;0.450726;0.487543;0.472172;0.458423;0.502125;0.454592;0.465784;0.337259;0.421714;0.480595;0.425584;0.449708;0.493558;0.486499;0.422258;0.345170;0.402777;0.457691;0.529838;0.511459;0.483854;0.456882;0.412038;0.374643,11.512890;12.068047;12.226338;11.713779;11.358979;11.614803;12.122961;11.538155;12.186610;11.288797;11.678954;12.217937;11.100827;12.297280;11.967819;11.676589;11.477698;11.494392;11.517210;11.984287;11.267927;11.638888;11.728657;11.686379;11.456180;11.726245;11.936384;11.335304;11.747446;12.023204,357.637287;358.630858;368.118131;360.583318;357.761603;357.544110;362.792249;358.437742;363.199394;362.033164;360.389848;361.439538;360.333094;359.676491;359.481334;361.745433;362.626269;360.311685;367.911047;357.087853;360.656422;363.802951;358.157604;357.407229;360.890007;363.218990;357.897731;358.441871;364.444727;362.177941
1.2861896056063984,11.416012208288196,361.4822727961376,1.2498811410849067,3.821990411310406,1.295484;1.330431;1.254934;1.335601;1.314028;1.148546;1.334424;1.338471;1.270968;1.368723;1.281387;1.280873;1.270788;1.319021;1.220405;1.295973;1.245142;1.250751;1.231148;1.283183;1.271207;1.326736;1.294330;1.310434;1.282817;1.256208;1.273977;1.250561;1.261072;1.286921,11.130380;11.021612;11.433300;11.129299;10.974250;10.954623;10.948142;11.236914;11.500375;11.029003;11.894339;11.827356;11.516830;11.480655;11.859949;10.908013;11.936864;11.813780;10.987320;11.331887;11.088436;11.837281;11.837320;11.832221;11.254129;11.620093;11.481394;11.271464;11.862222;11.021837,361.529777;362.420296;357.428535;362.068819;360.420088;361.802961;358.535654;360.039546;360.956501;364.331446;363.882185;363.568843;359.217813;361.693956;358.777860;354.984463;361.976155;360.283648;360.290110;361.687963;357.894899;359.221062;359.156447;359.747560;361.300054;359.852236;361.665076;362.317332;362.292365;359.507308
0.8518324061834462,10.311062143776912,353.8751154880788,1.1602223172665227,3.3272090052096344,0.815425;0.822490;0.856650;0.809618;0.913596;0.801391;0.891699;0.844256;0.833426;0.847784;0.858837;0.814247;0.777063;0.743199;0.831799;0.829784;0.809844;0.809058;0.866310;0.886585;0.827576;0.904482;0.834297;0.920327;0.745368;0.844224;0.864495;0.853553;0.828380;0.859273,10.409576;10.158360;10.219324;10.251133;10.077758;10.276382;10.523074;10.252035;10.454935;10.202834;10.398539;9.896827;10.367778;10.243433;10.520097;10.381659;10.051313;9.809424;10.159924;10.479074;9.990655;10.466282;10.249663;10.217002;9.808181;9.905437;10.242277;10.234082;10.164314;10.161728,354.164713;355.995234;355.014637;351.042843;352.512097;351.494860;354.014274;358.271270;349.871702;351.756307;352.110949;356.413358;349.490456;354.136570;354.150437;353.413791;353.427837;349.165110;361.132007;355.499632;355.780449;355.247755;354.511552;354.037931;357.421381;348.391405;350.919560;352.342005;352.722909;354.325522
1.3017124480844522,8.868930709116814,340.2956821109374,1.1581330552487004,4.84194280393537,1.268865;1.285131;1.282039;1.354176;1.271567;1.357579;1.307670;1.303127;1.310730;1.298768;1.340793;1.236111;1.308158;1.374105;1.269141;1.308302;1.375509;1.346952;1.235913;1.333963;1.271105;1.249485;1.341430;1.232871;1.290163;1.250829;1.326519;1.336196;1.311450;1.249159,8.822498;8.932415;8.967409;9.072492;8.856275;8.836408;9.310057;8.806657;9.342378;9.214875;8.893345;8.773039;9.001448;8.505003;8.933449;8.924527;8.599681;8.796589;8.404702;8.800597;9.131678;8.834966;8.310371;8.430257;8.906845;8.710999;8.562916;9.468611;8.520129;8.972193,346.522899;339.038462;339.225529;341.838030;345.098186;343.569143;336.252857;336.954801;339.416136;347.018983;343.717003;337.066324;342.004826;335.165528;339.483709;339.046691;344.325348;340.034715;339.445840;340.369280;337.392080;337.907952;344.157939;341.703842;338.655390;340.186676;338.912909;343.294092;344.617106;341.807219
1.3558588192318544,10.427178562450576,332.96618775921274,1.089634524046835,7.068220083393724,1.393543;1.340944;1.373945;1.324017;1.333893;1.287501;1.352277;1.349983;1.354030;1.408475;1.364269;1.369165;1.290476;1.350006;1.376834;1.323039;1.343006;1.353806;1.352672;1.395968;1.354948;1.336692;1.297857;1.298999;1.348466;1.352350;1.314689;1.387534;1.379454;1.326773,10.610012;10.360803;10.276885;10.418541;10.190741;10.317053;10.400339;10.008230;10.874674;10.310086;10.833813;10.239023;10.206112;10.486813;10.421150;10.271110;10.802766;10.211689;10.620723;10.802149;10.669353;10.280599;10.677423;10.500022;10.206650;10.077244;10.220851;10.279769;10.803277;10.127607,330.818100;334.199751;334.544074;329.781648;335.591434;327.257894;334.466590;330.004177;334.992650;335.112715;333.114492;335.357383;334.083343;332.364629;332.919326;330.277607;328.655766;331.955499;334.612271;329.024034;331.367053;327.998741;328.986711;332.966444;334.798140;333.123947;336.192182;332.756624;335.797737;330.258311
1.0176325717785926,10.13163410859909,344.18110424648347,1.357528104655668,4.980984083563015,0.942737;1.002296;1.003940;1.038915;0.951400;1.033064;0.973809;1.071878;1.071772;0.956123;1.006563;1.092451;1.043311;1.032674;0.965949;1.053455;0.965899;1.104981;1.036405;1.078686;1.000479;0.961482;0.938749;1.035558;1.013915;1.006855;1.074363;1.061830;1.035706;1.003177,9.939674;9.702238;10.335248;9.750166;9.905062;10.006072;10.525312;9.974690;9.823056;10.292226;10.620051;10.146290;10.682191;9.908423;10.392918;10.247024;10.043423;9.965033;10.019467;10.683483;10.325846;10.593441;10.251528;10.235274;10.175250;10.407834;10.035503;10.517815;9.939204;10.712845,344.445195;342.185813;343.954192;340.144716;346.780364;345.942180;347.906370;344.749676;347.490780;348.243522;343.458626;345.206241;343.734081;344.455856;340.461926;346.090606;345.725691;345.905406;343.539257;340.286612;344.145142;343.500298;343.954510;345.737883;345.271956;343.703817;343.986757;345.789462;343.451530;342.224516
0.538015401779623,10.486878849931744,353.91406602829835,0.9558528173917447,2.401376181124604,0.417209;0.572458;0.507385;0.629988;0.499189;0.532371;0.543825;0.590410;0.486332;0.554395;0.516387;0.465971;0.494498;0.509378;0.605020;0.520232;0.513966;0.578887;0.506035;0.493781;0.576699;0.519985;0.564830;0.465771;0.615374;0.632604;0.562180;0.551514;0.530229;0.515437,10.645347;10.560762;10.569646;10.415437;11.363662;10.989642;9.955401;10.240034;10.768145;10.187970;10.647019;10.428610;10.458314;11.121592;10.582558;10.510779;10.397614;10.493053;10.616058;11.108741;10.251380;10.444284;9.896490;10.110967;10.663945;10.355821;10.711090;11.040684;10.784150;10.048100,356.881337;358.140457;355.178975;351.391761;355.803952;357.771608;350.622716;359.478092;351.963030;349.995249;350.600747;358.206690;354.756638;351.246725;354.631072;352.571017;353.184863;355.747687;357.256791;350.739143;354.268572;354.654948;349.060520;353.429215;356.687742;357.323041;356.883225;351.317556;351.797666;355.243178
0.9022397490734649,11.884451214965173,337.68331268619806,1.4895784223278874,5.716953339943847,0.888325;0.946992;0.981009;0.953035;0.921824;0.894389;0.947283;0.887253;0.881158;0.910854;0.893506;0.893552;0.909728;0.956158;0.900507;0.853074;0.926472;0.868090;0.977953;0.893645;0.990234;0.856374;0.951957;0.887016;0.864199;0.918375;0.860942;0.892850;0.922241;0.892702,12.003966;12.563393;11.874396;12.057742;11.924015;11.479615;11.577221;12.004364;11.590742;12.072265;11.995958;12.161949;11.543586;12.186835;11.724399;11.995005;12.254105;11.714225;11.973294;11.896435;11.700073;11.747595;11.993860;11.442520;11.488704;12.351394;11.988504;11.600655;11.312275;11.572134,336.827915;339.977537;335.701103;340.807050;334.122187;337.956487;335.920517;335.577952;342.213412;339.067792;336.560625;339.067089;339.267992;336.828059;338.625148;337.717229;339.583637;339.243033;339.402533;341.047945;339.465706;336.432847;335.905416;339.776029;339.489771;342.854424;337.925998;340.421092;334.884191;337.838872
1.3395130899077021,11.428254135234445,356.1589566415304,1.3664658181215172,4.580776027803111,1.386728;1.262982;1.364668;1.329331;1.344476;1.318190;1.347056;1.328215;1.288666;1.284531;1.322629;1.379072;1.313922;1.326103;1.234898;1.349158;1.257718;1.304400;1.350685;1.304311;1.292215;1.356435;1.345214;1.328679;1.308910;1.232539;1.334639;1.349836;1.341975;1.323729,11.305376;11.713833;11.690701;11.044851;11.605531;10.919753;11.159509;11.726527;11.127136;11.741247;11.789665;11.733453;11.578841;11.113671;11.244100;11.439486;11.219140;11.015831;11.061150;11.035478;11.935952;11.307503;12.178105;11.083779;11.975143;11.562131;11.370182;11.260762;11.216552;11.375972,351.844389;351.688294;353.853267;353.091923;352.402917;352.337023;354.582542;356.660776;353.054788;357.069717;356.502499;358.001803;359.911209;352.950731;362.438222;358.917830;357.495415;356.957968;354.750859;356.683067;352.090182;359.321157;355.090754;359.414828;354.969853;361.762161;354.981062;355.649020;349.242495;353.002112
0.8141017132606004,9.624841730817334,357.32560915393805,1.0534805151476598,2.974034055481054,0.758933;0.806942;0.826797;0.840946;0.814342;0.772951;0.839332;0.746453;0.787899;0.732702;0.851218;0.888143;0.841423;0.763358;0.765522;0.798553;0.798272;0.844582;0.852255;0.761185;0.872966;0.834375;0.787962;0.777273;0.867872;0.753353;0.841860;0.792434;0.791282;0.804429,9.359727;9.828970;9.661303;10.003943;9.907068;9.719204;9.648784;9.914768;9.895776;9.868547;9.828418;9.832224;9.515030;9.567730;9.166585;10.134020;9.805758;9.702339;9.097009;9.709468;9.945886;9.691529;9.079024;9.627808;10.384294;9.623416;10.136003;9.248922;10.076252;9.098936,356.338414;356.930794;362.868194;361.126748;359.132471;355.522768;356.010197;362.415607;357.467268;352.999354;356.730640;357.957672;359.299724;350.757230;359.617948;357.884378;360.550053;357.385102;355.413351;355.217404;359.862125;351.847668;356.668788;360.160474;355.025983;358.361767;358.955276;358.656140;356.268436;354.474767
0.24767556744422387,11.680498885349298,345.47526815971366,0.9593630188380358,2.1112827927318096,0.216003;0.224533;0.275866;0.262933;0.256636;0.242091;0.218664;0.243326;0.284580;0.252366;0.247266;0.266753;0.254983;0.290626;0.248772;0.245774;0.252600;0.237157;0.276490;0.207986;0.287862;0.231535;0.246754;0.307980;0.203555;0.212635;0.224261;0.177178;0.254300;0.218208,11.770158;11.205175;11.622029;11.845408;11.516263;12.095487;11.342545;11.935456;11.048000;11.968224;11.759262;11.820746;11.630349;11.892365;11.410314;11.740818;11.455526;11.560205;11.755797;11.099757;11.404911;11.872856;11.680236;11.766763;11.679328;11.482289;11.511789;11.353222;11.424550;11.638019,347.049762;348.485336;344.086659;344.952375;345.542565;343.409779;344.812636;338.753652;352.490123;345.083973;344.309410;343.497568;345.905133;348.822235;346.216259;342.741937;345.286282;351.081149;344.074104;342.907643;345.669933;345.725679;346.284271;341.584081;349.261928;347.028186;346.783308;351.371660;341.802648;345.616158
0.9972015516183027,10.080321007731254,353.3592636161614,1.1627478831959386,3.5701717639756425,1.010613;0.985619;1.021080;0.992663;0.945763;0.998182;1.066173;0.995451;0.994356;1.019716;0.992324;0.944821;0.989074;0.976038;1.096909;0.988333;1.028170;0.990112;1.014364;0.940442;0.948519;1.009434;0.982031;1.015146;1.021633;0.955779;1.034541;1.007016;0.988590;1.080480,10.294330;10.164950;10.351924;10.411883;10.004733;9.667192;9.314137;10.028098;10.376186;10.070375;10.245350;10.185122;9.760149;10.034259;9.831713;10.577401;10.080468;9.798561;10.278338;9.739213;10.531781;10.338672;9.934742;10.367108;10.155112;10.019145;10.317991;10.658404;9.670990;9.648618,349.856525;352.631728;352.887776;352.748736;355.079638;348.784119;354.610481;351.677814;353.362498;352.839446;352.133757;356.911350;350.615055;353.472623;357.404633;350.917952;355.009507;351.559022;352.640530;355.060060;346.678512;351.156383;349.892092;356.902531;353.370833;353.169837;354.063665;353.283599;351.574324;354.678076
1.2277964315844907,9.77834226813657,334.6821705816905,1.1752482236760793,5.976215432611061,1.264145;1.262441;1.241809;1.227723;1.236989;1.201462;1.210765;1.299219;1.200615;1.157664;1.217005;1.220742;1.262226;1.218388;1.230867;1.244896;1.241836;1.203660;1.298877;1.254574;1.232481;1.225587;1.302732;1.242069;1.204353;1.300434;1.188033;1.191213;1.223002;1.203005,10.320717;9.969171;9.577201;9.304916;9.286128;9.777519;10.307892;9.805847;9.748172;9.460455;9.182828;9.884239;9.726684;10.131896;9.692202;9.810540;9.255458;9.848351;9.544027;9.707876;9.991924;9.157126;9.996817;9.670372;9.909428;10.084870;9.704496;9.869232;9.390410;9.880412,338.714699;340.011737;334.379472;337.943397;339.243751;336.693154;337.231783;335.551804;335.537238;329.765821;333.958582;333.135140;339.723656;335.442995;338.492484;337.997167;334.289322;335.367334;333.522558;333.793487;335.901462;334.643331;334.721795;336.312065;339.431828;334.067205;332.132066;332.609517;336.032910;334.478546
1.5687046201988253,10.840542976944679,338.77470349651526,1.3439167644718026,6.546109951517751,1.561350;1.553219;1.534924;1.615373;1.604546;1.580568;1.550329;1.648518;1.597388;1.615250;1.566280;1.612948;1.597579;1.571034;1.533483;1.517196;1.533782;1.547193;1.608556;1.591569;1.545593;1.533536;1.558566;1.518963;1.665736;1.564248;1.554087;1.581812;1.495315;1.602731,10.896648;10.805266;10.717493;10.795548;10.817519;10.964262;10.942898;11.083387;11.022334;10.857778;11.487287;11.356185;10.900422;10.848816;10.609907;11.329302;11.516586;11.437833;10.974375;10.638303;10.491294;10.454071;11.146827;10.903890;10.225253;10.746102;10.538022;10.978920;10.900014;11.371841,337.862544;341.743409;341.943680;342.815328;337.976724;342.742931;336.762953;340.884209;336.771977;337.228789;340.149930;339.747980;338.913690;343.930126;338.434813;340.171301;339.207605;340.208104;342.153674;337.283326;333.941113;338.068557;339.333358;338.405514;342.204254;338.180747;337.606486;337.301926;339.443842;342.077810
0.31522248205610365,10.402947230919876,357.69577984269307,0.6662374670314729,1.5520168498899778,0.303535;0.270918;0.324156;0.298722;0.223073;0.371393;0.264475;0.321703;0.406953;0.378035;0.297671;0.305678;0.297311;0.240737;0.357043;0.268790;0.299795;0.372457;0.352214;0.296513;0.266121;0.320955;0.345327;0.245095;0.328727;0.349950;0.324910;0.272887;0.369716;0.309577,10.528232;10.285754;10.568588;10.888977;10.142200;10.430920;10.253873;10.467721;10.593794;10.229315;10.632153;10.123933;9.909366;10.048316;10.736243;10.728896;10.123132;10.374413;10.313875;11.310463;10.793358;10.238952;9.998848;10.535704;10.596342;10.093052;10.677186;10.565609;10.405556;10.337531,360.948358;355.531174;360.870726;356.973938;362.037006;360.262154;356.012630;357.497599;358.103333;357.586165;358.399131;357.901936;356.259376;359.011697;361.033322;358.226800;354.390680;360.823948;358.669488;359.911262;357.693206;354.374604;359.182796;362.275016;355.475611;356.687553;361.429735;359.366456;361.532436;360.780675
1.1562814264713677,10.057050043887259,359.09566176453114,1.1808939036810324,3.5524846809042665,1.109052;1.234751;1.150434;1.123611;1.159225;1.065156;1.200493;1.133898;1.212785;1.222058;1.160015;1.099631;1.175273;1.172775;1.163920;1.164566;1.180822;1.226327;1.135772;1.159943;1.186032;1.257612;1.047797;1.121354;1.176686;1.197366;1.222906;1.190633;1.185629;1.141521,10.669177;10.586348;10.132568;10.132681;10.122262;10.420895;10.575055;10.005410;10.047455;9.822060;10.220371;10.122084;9.881953;9.559734;10.195190;10.285373;9.177152;9.311197;10.722592;10.396058;9.705140;10.103226;11.052901;9.827965;10.101563;10.256445;10.411361;10.456057;10.082958;10.192404,357.229184;359.636074;357.973799;360.496471;358.102066;362.530801;357.229469;355.232592;354.985637;360.007847;363.005208;359.454049;361.742850;362.664145;357.297410;359.905651;359.026126;355.949559;357.524148;363.606166;363.669390;360.039106;355.490009;361.935117;357.080716;365.172493;352.445040;357.220766;360.659006;358.826889
0.4187049404985701,9.846781708371719,348.8060521016973,0.9870207443579424,2.458192570404636,0.412786;0.482062;0.483594;0.378607;0.434123;0.457252;0.383889;0.439187;0.384037;0.404340;0.414427;0.369503;0.457556;0.460002;0.412331;0.477719;0.391277;0.449690;0.444927;0.432936;0.346810;0.456398;0.362041;0.408846;0.405181;0.441783;0.375274;0.439388;0.394938;0.354400,9.745252;9.940045;10.367523;9.798116;10.020433;9.660339;10.419899;10.292254;9.725564;9.589138;9.874763;9.719891;10.123336;9.797172;10.173404;9.809684;9.806455;10.218672;9.263715;9.395723;9.576374;9.639647;9.923160;9.492741;9.832716;9.830204;9.732512;9.672721;10.093811;9.469641,350.670287;345.903241;342.282406;344.240276;348.882953;347.621461;350.027641;344.752336;350.325961;349.724276;348.054707;347.411515;351.138204;350.664777;353.932365;348.017522;349.149138;347.824922;349.960166;350.333048;349.887233;351.289501;347.076535;349.884857;350.604494;350.208816;344.727132;350.840992;349.231744;347.459907
1.4652609256608387,9.916416699954032,344.49944776299856,1.333783181396554,5.070862247169571,1.497655;1.499970;1.532277;1.448172;1.463374;1.534745;1.452813;1.450150;1.385476;1.511764;1.476012;1.502174;1.436568;1.453233;1.420508;1.446029;1.485168;1.532115;1.442974;1.483941;1.403918;1.394655;1.477204;1.413528;1.483069;1.503054;1.414203;1.506852;1.509080;1.385699,10.688506;9.924069;9.882228;10.850212;10.281047;10.237119;9.458746;9.275535;9.578115;9.789441;9.603641;9.955898;9.906247;10.071702;9.811893;9.945046;9.743787;9.878069;10.330148;10.382659;9.915813;9.971385;10.411855;10.367011;9.959555;9.653923;9.796041;9.801212;9.535174;10.755062,347.600372;343.629042;348.820665;347.960082;347.450443;349.188473;340.916100;342.722388;348.868346;342.361318;346.970788;347.186111;343.072960;347.274600;344.013261;341.293076;343.990181;341.279640;344.169149;344.588453;342.007270;347.753013;339.652395;344.295955;347.360116;347.880435;342.109199;346.039649;342.772691;348.965360
0.31521196084536396,11.386019952169477,341.5064246112479,1.136982776841583,2.6199162809570757,0.382046;0.377104;0.359971;0.317501;0.406760;0.324120;0.403322;0.363594;0.298574;0.339931;0.318109;0.272445;0.307387;0.341004;0.309744;0.290905;0.415613;0.307986;0.295559;0.340994;0.293660;0.306412;0.318324;0.306067;0.306916;0.318545;0.398609;0.293640;0.335013;0.250254,11.785237;11.422814;11.678249;11.981274;11.284914;11.410053;11.837737;11.131168;11.656099;11.391863;11.227828;11.587314;11.710954;11.383334;11.347081;11.734526;11.505867;11.188869;11.199233;11.415955;11.394926;11.036550;12.101644;11.152437;11.406868;11.615478;11.204829;11.501879;11.365910;11.235261,342.315148;341.474202;337.592205;337.308586;340.877249;339.658036;341.238585;338.375330;343.525262;343.743005;342.616117;344.002511;342.819875;343.283830;343.306044;338.425054;339.586155;341.972041;345.321823;341.126028;339.040916;340.041021;338.525397;342.725543;337.201905;345.797980;335.344611;341.368904;342.499154;342.476660
1.4818508399718957,11.961030050010987,363.6385905903743,1.3271646213820263,4.221053605861465,1.529246;1.535998;1.472847;1.424689;1.497719;1.439706;1.467721;1.512876;1.537331;1.486719;1.512346;1.508396;1.500892;1.463813;1.563272;1.474624;1.517216;1.427975;1.467291;1.501980;1.493728;1.433634;1.541355;1.411934;1.425181;1.450658;1.432606;1.483771;1.492128;1.462715,12.375623;11.759962;12.259443;11.432551;12.078390;12.475679;12.209998;11.666840;12.357865;12.243293;11.786283;12.112636;11.789797;12.360880;12.543039;11.798345;12.122400;12.002897;12.117285;11.958906;11.694488;11.153805;11.884216;12.119006;12.617704;12.267447;11.921494;12.095090;11.933136;11.850523,360.097233;362.595942;366.034043;364.967898;366.644283;361.779187;363.192095;361.124945;364.182560;364.785128;361.288401;362.897374;367.928796;360.446144;367.083286;359.205396;363.912176;364.055698;365.992953;359.508829;365.797431;364.594834;363.035123;364.349482;367.663355;365.784081;363.527785;363.777176;361.579477;360.331678
0.7812519599355857,9.269277418492225,344.3579029031984,1.2211111192008919,3.8241340322517545,0.717770;0.793426;0.752810;0.779592;0.784231;0.791456;0.850169;0.792370;0.753033;0.693965;0.789612;0.828423;0.736386;0.835957;0.801455;0.713936;0.809743;0.791324;0.807997;0.712419;0.789891;0.744805;0.782139;0.787528;0.790157;0.777220;0.810842;0.777399;0.690794;0.787028,9.581924;9.177452;8.817598;9.504502;9.261639;8.952572;9.026328;9.561349;9.366676;9.052824;8.962912;9.026796;9.155626;9.482416;8.929436;9.705425;9.495736;9.647668;8.973322;8.921822;9.489258;9.499418;9.421681;9.798882;9.276072;9.443594;9.286020;9.531827;9.647193;9.423248,345.071296;345.866434;347.014000;343.454051;342.174690;344.077306;340.724938;342.095486;344.911899;340.352437;347.967190;342.915430;344.144209;343.548329;343.935548;345.172812;341.747189;345.676903;348.989127;343.092192;350.783569;344.962850;345.309728;345.926751;346.839879;345.088500;344.521711;346.528596;348.053875;346.733710
1.296871344144685,9.575013826794827,363.5682634861336,1.0661849158081713,3.1655893836525855,1.272402;1.324661;1.345861;1.328570;1.321787;1.238514;1.244098;1.276982;1.264417;1.258639;1.266714;1.311009;1.233248;1.300963;1.388746;1.293799;1.337450;1.294185;1.351238;1.262111;1.297918;1.273637;1.327719;1.256867;1.311628;1.332115;1.353452;1.300817;1.296356;1.287076,9.313160;10.127206;8.990603;9.071460;9.563344;9.514911;9.561558;9.573877;9.346059;9.665454;9.266223;9.870292;9.406322;9.448387;9.427184;9.468047;9.305704;9.574587;9.679618;8.964122;9.403199;9.873114;9.968847;10.128213;9.031371;9.273513;9.545115;9.586334;9.947195;9.631250,367.925071;362.032315;361.449714;363.680632;362.392253;364.583780;361.536235;364.783207;358.061175;363.887827;365.526116;361.479477;365.092810;360.884371;358.781358;364.953686;365.207180;368.176426;366.227166;360.612002;361.378236;365.047512;364.379881;365.798055;360.795910;362.779914;365.922897;365.310724;361.991303;362.716064
0.8325476286193954,10.031773188121672,348.1322619446973,1.160424767325994,3.317355203041635,0.877238;0.830326;0.895798;0.843250;0.803938;0.826427;0.817079;0.854523;0.920157;0.822800;0.877853;0.818759;0.883408;0.834379;0.813900;0.826866;0.846754;0.818454;0.776770;0.837375;0.818224;0.859562;0.775031;0.881204;0.750657;0.856770;0.828612;0.915658;0.976216;0.805146,10.117492;10.068912;9.713147;10.047773;9.655778;10.255781;10.080602;9.933628;9.788062;10.082502;9.895769;10.055671;9.782515;10.519093;10.151308;9.896775;10.395882;9.988345;10.330503;10.219286;10.305246;9.952152;10.052757;9.968188;10.510390;10.003887;9.880266;9.919101;9.976702;9.900183,346.278517;348.130980;349.614379;348.575053;345.102356;351.794837;351.494903;350.261828;348.630100;349.721838;349.404368;345.625012;350.192254;350.286366;347.182730;348.880841;345.290373;348.070877;348.266512;345.716717;350.138943;348.666931;345.340774;349.640534;343.178514;350.188027;348.917376;346.865659;347.314699;352.831476
0.23138913784354143,10.284262661377754,339.7391755867826,1.0666902352368777,2.577363946945288,0.167636;0.211222;0.220243;0.200374;0.250075;0.262256;0.208891;0.217853;0.286715;0.239627;0.174965;0.300742;0.234037;0.264585;0.200298;0.214679;0.113249;0.201747;0.256059;0.201989;0.162526;0.224199;0.230445;0.279480;0.188747;0.211323;0.238732;0.276275;0.247177;0.241961,10.422312;10.744845;10.768820;10.169531;9.852148;9.934802;10.344700;10.500215;10.601688;10.253450;10.100314;10.465589;9.994653;9.755453;10.356460;10.745413;10.410493;10.463166;10.455108;10.152169;9.575028;10.166691;10.640079;10.528907;10.791629;10.145491;9.945384;10.120404;10.112374;10.335300,335.874265;336.111690;336.065892;343.423029;342.842545;340.754425;340.631286;338.736414;339.170648;337.089279;340.073406;340.752453;339.915181;338.293109;341.034067;339.113262;337.119232;339.543737;338.750963;341.151285;337.317183;338.874793;338.587163;340.568347;339.240280;336.595065;343.066547;340.985016;340.762067;339.161605
0.15967918280093416,11.784515744414218,332.55257553232326,1.2394174532550328,2.6363008308909817,0.127297;0.096956;0.138716;0.122186;0.136230;0.187243;0.131489;0.184615;0.206652;0.141054;0.090740;0.253761;0.090710;0.156170;0.152384;0.162304;0.161118;0.158844;0.129797;0.232962;0.086562;0.119797;0.206507;0.172968;0.223793;0.201478;0.081260;0.253182;0.186740;0.138779,11.736538;11.805292;11.535425;12.317034;12.096145;12.405372;11.904853;11.705631;11.716263;12.289466;11.658659;11.682116;12.162997;11.813520;11.538119;11.591540;11.764812;12.058217;11.538178;11.780316;11.172617;11.428700;12.050415;11.823500;12.395517;11.770047;11.503141;11.328729;12.040751;11.697845,328.941446;334.114813;336.753374;333.232547;332.194910;331.641220;329.458445;331.651398;333.305042;332.232132;337.496035;332.671372;329.825241;330.318454;328.872284;330.071308;331.499474;332.813593;330.272767;333.977136;334.400157;328.428860;330.668018;335.096293;336.321997;333.782555;329.125426;335.076344;333.959971;333.823064
0.4414105847849582,11.600964763949378,330.28264501136084,1.5299998217651558,5.417641236848497,0.478469;0.441781;0.411716;0.386017;0.427504;0.473477;0.439071;0.368766;0.448397;0.426788;0.551463;0.494771;0.426748;0.362527;0.459469;0.403067;0.338106;0.478189;0.486755;0.430787;0.408958;0.472793;0.428477;0.528748;0.471752;0.421893;0.382246;0.374621;0.442861;0.485287,11.715577;12.030842;11.194811;11.504047;10.942172;12.161167;11.842328;11.030729;11.072883;11.604542;11.536459;11.188310;11.377838;11.738857;11.438464;11.407852;11.755441;11.991251;11.234120;12.038423;11.404644;11.466698;11.397237;11.999622;11.466671;11.543958;11.905035;11.410999;11.698966;11.663043,336.986909;326.142278;329.124503;331.409189;328.575207;334.800527;329.444560;326.513864;325.026602;327.910605;330.551632;330.365716;327.177212;330.186026;334.172497;331.162725;327.850205;330.306494;331.892767;329.417032;328.394217;329.067629;328.950608;329.139466;323.487888;328.597374;332.509265;332.603768;334.092111;329.685856
0.6834391811021584,10.753025988527142,344.00374952177094,1.3519755520368888,4.0802440634654,0.689689;0.678322;0.734234;0.682230;0.667225;0.617488;0.707045;0.691354;0.620561;0.644215;0.678071;0.647290;0.689704;0.688815;0.763062;0.684187;0.662182;0.650066;0.626616;0.661951;0.715214;0.610755;0.622359;0.635601;0.667066;0.605692;0.702240;0.704933;0.678805;0.631545,10.794578;11.013854;11.248033;9.507025;11.099450;10.167062;10.487885;10.968902;11.153463;10.752207;11.117943;10.962798;11.023507;10.831296;11.007075;10.581833;10.865127;10.434947;10.461936;11.231935;10.542077;10.717433;10.585325;10.385343;10.620611;10.597113;10.927044;10.667593;10.959778;10.646828,341.656358;348.210163;338.947851;347.372602;343.258790;344.357959;345.944987;345.263288;344.463072;342.143941;346.043862;343.074078;343.942705;344.857710;347.505336;347.242701;344.752600;342.292363;342.853205;342.414068;344.542739;340.024524;347.482764;342.279108;345.089062;345.961279;343.994254;344.059017;342.371891;342.045366
0.5772754392291404,9.431639007368812,362.32133045065063,0.7770061072763954,1.9623490053308605,0.625002;0.584057;0.572012;0.558378;0.602717;0.611735;0.556814;0.572909;0.535961;0.535472;0.575904;0.606924;0.563368;0.617810;0.583310;0.540247;0.658600;0.590840;0.568716;0.607409;0.556706;0.585083;0.616286;0.585471;0.574512;0.647951;0.670047;0.514437;0.543302;0.640974,9.178551;9.161739;9.412368;9.308063;9.253892;9.650848;9.488297;9.547431;9.000570;9.720284;9.283761;9.218861;10.127813;9.834379;9.751992;9.794248;9.485184;9.501939;9.480045;9.333620;10.342369;9.322609;9.183833;9.625730;9.436287;9.416776;9.411702;9.006713;9.458862;9.565391,360.095449;357.473068;360.272645;361.255553;360.399455;361.454447;366.266136;364.708774;359.667019;361.585857;359.753070;367.848445;363.174617;362.074597;363.228701;362.497129;365.087245;366.564310;360.689741;362.147282;363.435273;361.871158;364.780067;364.522195;363.368788;361.717535;361.814507;361.206762;362.470641;363.727470
1.1434607469139242,10.039150063604723,346.20739525036987,1.2636235470426462,4.878925136748643,1.128525;1.154246;1.175808;1.168491;1.142084;1.136064;1.117525;1.174802;1.167433;1.135702;1.114584;1.156160;1.113800;1.247310;1.106859;1.160029;1.115984;1.220059;1.089470;1.084377;1.090863;1.132618;1.113080;1.205604;1.107116;1.121744;1.122148;1.172698;1.096743;1.097300,10.416595;9.952188;9.950303;10.307459;10.048838;9.835978;9.933816;10.118553;10.599257;9.991620;10.647870;10.297465;9.837372;10.086407;9.997119;9.894336;9.944534;10.034999;10.366775;10.295275;10.449180;10.213944;10.324945;10.019427;10.291426;9.935935;10.510047;9.786478;9.977185;9.663879,346.089607;346.882013;348.966579;343.162838;345.090441;344.369341;340.565740;345.649018;347.881045;347.394279;344.988190;343.145940;346.097486;348.748833;350.924921;348.643886;344.222559;344.718422;345.034701;345.963107;350.621395;347.230243;344.664470;344.719217;347.010535;347.391539;345.977563;345.354275;343.343735;341.806045
0.38275324226023144,11.97630452003284,340.1124765223598,1.4181385111472782,3.558627908807057,0.424570;0.384608;0.316387;0.387689;0.372106;0.310265;0.377384;0.405111;0.427217;0.357281;0.425649;0.376578;0.369449;0.386924;0.427949;0.411748;0.385296;0.395533;0.339303;0.297676;0.324818;0.470275;0.383478;0.342743;0.398141;0.374373;0.381565;0.369478;0.444104;0.342242,12.786729;11.840761;12.198435;12.375433;11.909817;12.241604;11.381543;11.435466;12.052120;11.589210;11.951558;11.423895;11.653079;12.018502;11.687577;11.854844;11.616909;12.229345;12.438727;12.096032;12.490353;12.219975;12.218217;11.925617;12.296356;12.362981;11.772357;11.974379;11.726205;11.898803,338.422646;339.943883;342.420449;339.050693;338.329290;342.364802;340.509623;340.407632;338.328255;339.782051;342.262709;338.586202;345.671167;338.917063;334.507502;336.530858;341.535250;341.784277;339.123089;344.734802;338.801537;340.659440;342.862301;341.401358;343.843662;339.528187;339.509210;338.982003;337.122700;340.276920
1.1313801895773106,8.585003468909429,339.96165456024164,1.1593279883963545,4.696212151454019,1.150987;1.130324;1.106002;1.182986;1.125053;1.133798;1.167932;1.129978;1.139686;1.057722;1.096335;1.091516;1.119970;1.146746;1.135691;1.126856;1.144449;1.121863;1.094358;1.111362;1.145721;1.196915;1.180360;1.109860;1.065377;1.167920;1.125862;1.157031;1.149191;1.134988,8.942324;8.330224;8.140264;8.133245;8.487009;9.268085;8.501366;8.800454;8.202737;8.744982;8.353467;8.581765;8.687215;8.888346;8.851165;8.476106;8.275964;8.431351;9.181266;9.112697;8.317389;8.449216;8.919622;8.269032;9.070865;9.023940;9.243278;8.267856;8.642544;8.737779,339.266968;339.251374;338.951054;341.952076;341.173538;339.985856;340.827056;340.910782;338.094738;342.774132;339.354536;341.601230;340.999616;341.780481;340.973251;340.365831;341.002466;339.486928;340.121011;336.831550;341.904336;339.363876;342.088666;337.204499;339.764221;334.049290;334.197020;342.183488;337.332948;341.299289
0.4065278008833455,11.712802612211808,355.31560733813774,1.0460593339476998,2.64632490315679,0.357457;0.372473;0.455967;0.392439;0.407772;0.420042;0.417996;0.454850;0.407512;0.392803;0.416086;0.407756;0.332870;0.339972;0.396243;0.440731;0.310225;0.442955;0.395010;0.487826;0.399801;0.281091;0.438293;0.366298;0.414400;0.405634;0.450337;0.361296;0.377911;0.519676,12.127946;11.736470;11.815229;11.788423;11.441263;11.854033;11.933159;11.598968;11.904540;12.066552;11.806591;11.402004;11.383824;11.729928;12.506915;11.053483;12.338266;11.823790;11.580641;11.838012;11.705312;11.493518;11.591730;11.413648;11.482297;11.909793;11.935847;12.119050;11.283370;11.534564,351.888099;354.960188;356.072827;355.385963;355.990786;357.806279;355.719222;358.048823;359.920211;353.359625;356.195052;356.000791;349.208944;351.555095;360.422520;360.222505;354.861057;353.062914;354.137469;355.714572;355.366539;355.283777;353.810508;351.915492;355.471398;354.940399;358.591680;357.236157;352.616789;356.713015
0.4363304241116164,8.29148587510135,337.1458002929227,1.173335713754064,3.471749570897473,0.400834;0.444349;0.412181;0.417877;0.445933;0.549412;0.399876;0.436770;0.472782;0.479162;0.458098;0.375316;0.417519;0.355874;0.408928;0.482314;0.365201;0.470000;0.425963;0.444275;0.454146;0.398157;0.477867;0.387441;0.333826;0.442070;0.396108;0.517240;0.488569;0.424409,8.864343;8.620555;8.206224;8.710979;8.640678;8.011300;8.533507;8.491991;8.656663;8.144504;8.412355;9.073078;8.953164;8.011576;8.832178;8.133641;8.784677;7.918549;8.016821;8.334399;7.849412;8.740094;8.698514;8.084785;8.310914;8.896920;8.903987;8.120889;8.152330;8.358888,333.792917;337.200947;336.680641;331.154785;339.267220;334.923991;334.560766;340.296150;339.516476;338.005512;340.959057;338.584127;340.253758;343.817740;336.734317;335.630205;333.405883;337.035042;334.519808;338.033503;340.445513;334.946846;339.427870;337.709570;337.414508;339.054188;336.195322;336.599422;334.052198;335.055850
0.495732703356619,9.273316694759542,355.0651806016156,0.914104250648894,2.3428212991110913,0.451427;0.546451;0.544376;0.498413;0.470140;0.538354;0.521970;0.500607;0.525642;0.558234;0.459533;0.561298;0.481846;0.524004;0.547277;0.500492;0.435551;0.477638;0.463407;0.516463;0.505479;0.501707;0.542807;0.462661;0.590915;0.504939;0.499953;0.502172;0.528722;0.512801,9.706039;9.266424;9.739159;9.430069;9.081052;9.454750;9.537590;9.307266;9.116345;9.127681;9.400418;9.497177;9.116933;9.750392;9.395769;9.210881;9.234635;9.149489;9.558271;9.092826;9.360273;9.606131;9.351617;9.016688;9.330179;9.344834;9.392623;9.341134;9.367045;8.889862,352.193278;354.274645;357.822057;354.658467;355.055487;355.831530;356.189657;358.086007;356.176166;354.566803;356.980851;353.263712;354.585511;356.188566;353.798580;351.122803;357.514531;354.271024;357.526341;353.737777;356.834710;352.261000;353.033597;353.569352;360.951448;350.712532;356.032077;357.003338;357.616405;352.252005
1.051878274882992,8.601141935095919,342.9021758594094,1.1654468989965892,4.300092388460349,1.074417;1.020403;1.038928;1.089655;1.000683;1.000104;1.077574;1.015766;1.099026;1.032196;1.011679;1.059709;1.016378;1.075347;1.002328;1.132136;1.078247;1.069096;1.028926;1.128751;1.038342;1.015225;1.055410;1.101433;1.061194;1.026654;1.079965;1.014586;1.072749;1.017120,8.500755;8.742177;8.286081;8.568592;8.838569;8.820301;8.347972;8.832137;8.650419;8.203695;8.677953;8.447746;8.460218;8.572265;9.058877;8.509397;8.692262;8.551723;8.784513;8.405744;7.943430;8.348565;8.513013;8.570153;8.569841;8.972791;8.425417;8.421732;8.603979;8.812711,343.168811;347.016282;340.258382;339.662361;340.506695;345.791775;340.116723;343.760152;343.791037;344.118317;342.304437;339.574508;339.438370;341.874244;344.610985;343.507256;338.837330;344.502420;337.867172;338.949170;344.564370;342.870854;342.581744;346.660010;342.888170;342.828439;340.228725;341.844125;345.064190;342.690295
0.46313762796653424,11.860562063666304,344.3337977195579,1.3747093101124361,3.818468546225647,0.474148;0.521462;0.428643;0.462436;0.477257;0.559763;0.496809;0.488694;0.505414;0.463269;0.531676;0.431141;0.514446;0.424560;0.506118;0.466916;0.413142;0.510210;0.530013;0.457243;0.536360;0.484077;0.502120;0.468430;0.472786;0.464249;0.459753;0.441204;0.428235;0.466097,11.617918;12.246111;12.109086;11.967224;11.480246;11.544809;12.119105;12.545319;12.279356;11.479268;11.049829;12.160877;11.612720;11.751795;11.371383;11.723409;11.983633;11.658491;11.643215;12.214649;12.145773;11.633396;11.689325;11.447478;12.050675;11.682965;11.913027;12.247874;11.319341;11.482039,350.265776;344.378033;346.280173;345.617577;348.284527;346.356636;346.587012;349.175509;346.240630;342.260920;344.304767;342.642402;341.030338;341.678101;342.699332;343.456749;343.710292;343.713522;345.107900;345.933708;348.309845;346.534474;342.853471;344.386807;348.134498;345.646448;342.844230;340.473608;342.978252;342.464264
0.1637146547942135,11.931144069168916,346.77712976737524,0.7639157778861374,1.6725484606023853,0.172095;0.157160;0.194267;0.132469;0.160362;0.198015;0.237623;0.202855;0.121713;0.113297;0.140480;0.174145;0.092523;0.197072;0.251710;0.165143;0.128811;0.123729;0.148315;0.172454;0.182328;0.117863;0.161550;0.138242;0.145943;0.179851;0.166334;0.158853;0.115771;0.153895,11.679977;11.872837;11.808846;11.780750;11.979506;11.613093;12.097515;11.955540;11.830243;12.047863;11.550161;11.683672;11.938540;11.750106;12.674578;12.198108;11.506033;11.788034;12.502325;12.383281;12.528925;11.322157;11.832293;11.520652;12.395389;12.035788;11.917693;11.949412;11.547881;11.789582,347.611376;344.406717;344.031956;344.941005;346.885990;347.556625;343.039360;349.559131;346.480378;344.601430;348.673915;349.287269;346.655255;348.815818;349.432446;348.485372;347.739438;343.631361;349.358105;346.089524;343.246244;342.492397;346.292842;344.074742;346.134870;348.693408;347.969812;347.343115;342.369801;346.321158
1.0053750963346915,9.55599026585941,349.0710207608983,1.2774605701541362,4.306630712846199,1.009619;1.049737;1.044421;1.032627;0.974851;0.966985;0.989012;0.977445;1.023612;0.958146;1.009086;0.985191;1.049360;0.979444;1.046284;1.021176;0.923295;0.953297;1.023401;1.001241;1.064409;1.023816;0.981547;0.986031;1.022301;0.998756;1.000436;0.984945;1.043684;1.025036,9.829554;9.864618;9.125333;9.715114;9.251145;9.706758;9.524535;9.583679;8.981416;10.028386;9.089196;9.709925;9.339248;9.832308;9.768694;9.537314;9.248453;9.890120;9.900014;9.796145;9.484480;9.705733;9.843519;9.107214;9.541681;9.612566;9.161280;9.476844;8.994882;9.963829,347.524655;343.819165;350.510493;348.180520;351.335090;348.028783;350.504157;348.997424;351.334913;349.914501;347.654657;356.346376;350.239233;348.310732;350.684130;346.713957;346.850150;349.903416;347.549528;351.212490;348.148235;347.231806;346.965605;347.689381;349.277657;354.017572;351.658330;351.402095;346.773575;347.159606
0.666852102587641,9.09638324546472,339.5905944592685,1.202699475484469,4.247389929343849,0.598860;0.641125;0.680883;0.615069;0.676798;0.669587;0.665359;0.738466;0.719945;0.674870;0.656457;0.601609;0.631658;0.618571;0.635578;0.751706;0.657032;0.658966;0.652574;0.775369;0.700859;0.667898;0.635258;0.621720;0.672499;0.699581;0.694017;0.695260;0.693324;0.706535,8.783661;8.843919;9.294608;9.463456;9.046917;8.612896;8.749028;8.878282;9.212676;8.926472;8.820012;9.235595;8.790621;8.507959;9.319534;9.244039;9.185825;9.018776;9.055206;9.511736;8.963785;8.490465;9.188227;9.320203;8.886123;9.254099;8.668998;9.141018;9.062871;8.800199,338.584490;339.155100;335.101806;342.381507;340.089029;340.741777;341.266913;338.264014;337.408297;344.384450;345.246810;338.886839;343.172695;340.973674;338.821876;343.510822;336.362698;342.868944;342.190387;334.987586;343.221507;338.949373;343.266158;338.172760;342.330339;335.764731;339.407464;343.188727;341.211817;337.075370
1.5907300963829287,9.605554124335713,335.2370042740349,1.1523468949117888,6.029291905615914,1.569455;1.512307;1.561937;1.570733;1.568416;1.628175;1.555144;1.576783;1.640403;1.587769;1.523884;1.538746;1.513882;1.642040;1.559616;1.539975;1.618056;1.578589;1.569818;1.610412;1.593790;1.584898;1.587347;1.610575;1.591501;1.582646;1.625307;1.570280;1.569175;1.506569,9.446608;9.102442;9.634145;9.357765;9.453310;9.507500;9.249257;10.002110;9.879032;9.348937;9.275701;9.580263;9.872318;9.822531;9.665624;9.353406;9.905122;10.009093;9.281657;9.020301;9.628841;10.213565;9.775666;10.294131;9.748136;9.923705;9.353749;9.594265;9.305083;9.829781,333.152389;338.081783;333.565851;332.006061;332.459628;337.507715;331.816541;338.266430;333.554444;336.126430;336.839461;334.002113;334.565844;336.614910;332.256955;332.283163;333.684037;336.320657;339.931487;337.430894;334.733235;332.484017;338.230457;329.672077;337.273109;334.481420;333.905299;339.434592;332.296819;337.811095
1.5225017455618497,10.732990401053813,363.8255341005832,1.2144433974401403,3.702607232277506,1.536234;1.566474;1.483690;1.433294;1.670896;1.520008;1.519599;1.485585;1.554213;1.550163;1.518597;1.516729;1.605753;1.535585;1.508902;1.515042;1.536135;1.455908;1.566202;1.502894;1.473065;1.483305;1.553963;1.534619;1.487807;1.502126;1.499341;1.471881;1.511484;1.509882,10.635233;10.666721;10.937116;10.538459;11.131666;10.518445;10.354544;10.452347;11.158263;10.579343;11.048731;10.329131;10.694405;10.521438;10.679635;10.957791;10.506345;10.684140;10.447291;10.310512;11.192713;10.679893;10.409700;10.767740;10.673580;10.927804;10.881888;10.750608;11.412290;11.408751,363.479897;361.233791;358.027451;365.643444;364.153059;361.645336;361.532042;364.859756;363.917085;366.818528;363.687794;361.984698;361.560947;362.847042;366.601685;363.115671;361.894537;362.177588;362.294907;365.913933;359.609486;364.469871;364.170652;364.377883;368.867350;362.660095;363.680860;365.646808;359.863335;363.583707
1.5549963321456124,11.085702648294465,361.564200964878,1.2911321812570706,4.214789666398528,1.575660;1.561467;1.516541;1.580578;1.461785;1.489392;1.562567;1.606348;1.561358;1.559603;1.559317;1.566537;1.496130;1.617642;1.628206;1.532328;1.475940;1.558199;1.593427;1.588900;1.545050;1.598064;1.599560;1.626045;1.600031;1.564107;1.606775;1.612888;1.480560;1.573769,10.982289;11.116233;10.965622;11.154009;10.823123;10.990581;11.493417;10.952721;10.589451;10.907812;11.267259;10.765474;10.508127;10.900423;11.282791;10.827830;10.759505;11.032231;11.789729;11.257735;10.744484;11.172177;11.075343;11.317843;11.433532;10.626194;10.902273;10.723276;10.672941;11.083376,364.317358;361.088455;360.684928;364.308986;363.955899;356.130609;362.319138;354.080955;360.378800;358.792714;363.060029;357.958067;361.157841;364.272114;361.571656;360.365100;355.777104;359.834196;361.638126;359.496741;356.415651;364.075733;356.667080;365.130516;362.006444;361.698549;362.524087;364.232767;365.200910;359.874455
1.3086176276927886,8.723376745829004,345.5088654783491,1.1901089077384293,4.878140313808219,1.334983;1.321367;1.277164;1.267779;1.235480;1.290984;1.298653;1.301381;1.326344;1.253934;1.249542;1.289279;1.406798;1.306109;1.271549;1.344550;1.335251;1.282769;1.373769;1.260393;1.311241;1.307118;1.257006;1.348960;1.317901;1.315543;1.362820;1.318521;1.382825;1.281254,8.817615;8.433976;8.330220;9.259094;8.687231;8.482669;9.035372;8.650609;8.864287;8.122940;8.575520;8.656017;9.086549;8.208784;8.554310;8.616132;8.951052;9.154264;9.234664;8.534200;9.038185;9.653796;8.860556;8.925384;8.999514;8.285945;8.613790;9.036508;8.703968;9.133618,345.245379;344.616989;347.196052;341.733418;346.260340;345.200520;348.098974;346.427019;346.337170;350.219644;348.652143;345.360350;348.220874;343.919029;346.430922;344.355772;346.824855;343.980292;348.224354;343.642216;341.363106;345.105883;343.082757;343.342718;346.297122;345.326827;344.355883;346.629602;346.095364;344.292602
1.3786759388568068,8.515040387224925,338.6426776109696,1.0652999139643884,5.249611236954857,1.326070;1.309244;1.371913;1.392327;1.298455;1.461100;1.412950;1.295075;1.321126;1.418606;1.294260;1.328300;1.302529;1.446691;1.349574;1.428780;1.391766;1.466987;1.399650;1.313332;1.371214;1.349208;1.373504;1.401340;1.373117;1.406168;1.395453;1.376449;1.443732;1.358524,9.208760;8.994485;9.140330;8.760680;8.093117;7.724686;8.293125;8.588000;8.668176;8.577057;8.157965;8.828419;9.007595;8.598243;8.361853;9.243607;8.886628;8.847584;9.101613;7.695958;8.632357;8.445306;8.736648;8.030871;9.060186;8.470063;8.655746;8.838845;8.423979;8.445275,336.783124;340.349701;336.129845;333.262044;336.488889;338.913866;335.652705;337.890112;335.043239;340.519285;338.194963;334.479708;339.486063;341.924510;338.903764;341.539830;333.237542;335.467177;340.743096;345.587469;339.888238;343.110435;339.349785;336.446216;339.838709;339.541006;337.216649;336.446454;341.315000;338.278445
1.4606543799385543,8.606871285164894,338.15005984737013,1.0308675426686826,5.049557276904951,1.485236;1.440872;1.491230;1.522872;1.412579;1.495756;1.490899;1.384688;1.377215;1.462731;1.455598;1.417753;1.465205;1.503381;1.438910;1.413205;1.506373;1.412172;1.490483;1.486998;1.498488;1.497011;1.427353;1.507026;1.467148;1.480923;1.450852;1.440448;1.460591;1.410782,8.369485;8.681513;8.388863;8.927703;8.240182;8.846112;8.966746;9.160902;8.196710;8.376115;8.491072;8.697536;8.318048;8.377463;8.454586;8.476750;8.923368;8.966516;8.576813;8.954706;7.921028;8.436137;7.667718;8.447423;8.884369;8.789999;8.518248;9.025931;8.264731;8.289468,340.027188;339.613519;339.558704;339.969818;338.059707;334.234917;337.490952;339.815526;339.785888;340.572305;338.090382;341.867085;336.762442;337.685728;335.248991;335.159843;340.154297;339.168756;337.772614;340.418730;339.430825;337.829154;340.889694;335.813998;339.365940;335.241828;336.333691;338.711748;335.830075;338.435338
1.5752500766223432,10.461568645980645,344.0879172575781,1.2450126856202304,6.316188515192896,1.614437;1.557306;1.576090;1.620802;1.609556;1.588785;1.517346;1.589903;1.561812;1.610949;1.519552;1.467899;1.558504;1.535949;1.517004;1.562508;1.618988;1.613687;1.562725;1.639629;1.567020;1.515407;1.507076;1.589046;1.560343;1.638931;1.569195;1.601234;1.618061;1.615831,10.684796;10.806773;10.651877;10.675844;10.508019;10.784495;10.634786;10.435746;10.680883;10.962794;10.456221;10.579303;10.714202;10.542439;10.318222;10.578266;9.671523;10.162368;10.433730;10.773191;10.327071;10.186572;10.442127;10.076135;10.768777;10.397009;10.579427;9.914577;10.717880;10.778974,346.070835;341.905181;346.384106;341.589372;344.418898;344.844451;342.739050;343.881188;344.196208;336.603610;344.018750;341.972424;346.774604;345.296142;343.290464;345.563359;345.417575;342.641036;344.865044;344.627407;339.352451;346.140600;342.378532;342.673663;344.581478;346.085619;344.629853;344.426781;341.465944;339.307350
0.6143996554647122,10.886127791727699,342.6979764636844,1.2849288297524122,3.5717036455174744,0.654051;0.581022;0.690829;0.635551;0.591096;0.583122;0.588987;0.692637;0.682632;0.645815;0.620195;0.625007;0.612184;0.709840;0.568425;0.605541;0.560954;0.689485;0.549366;0.593391;0.628026;0.618611;0.679631;0.638320;0.615232;0.598715;0.649358;0.643667;0.596299;0.542029,10.479162;11.368052;10.683855;11.183490;10.658159;11.204216;10.680684;10.692673;10.826057;10.692244;10.619081;11.011893;10.436947;10.955152;11.398357;11.265286;11.162152;10.985982;11.021202;10.848476;10.876277;10.720321;10.777858;11.053278;10.697934;11.492907;10.733795;11.081903;10.530994;10.337390,338.791167;344.320344;347.889820;343.210268;343.164526;341.178876;340.608319;342.623174;343.006808;345.265874;341.663766;344.002010;341.159099;344.973697;340.742532;346.033570;343.286962;343.241669;342.742534;339.700425;343.527315;344.811283;340.207745;344.383767;341.548388;340.850695;345.356714;340.335886;339.834290;344.683446
0.9826603599535437,11.713614166628414,358.1272110450117,1.3585437587886684,4.011109973348632,0.973573;1.013959;0.999377;1.018585;0.997586;0.982653;0.977922;1.004378;0.981083;1.045563;1.032583;0.997674;0.965288;0.934090;1.036171;0.991705;0.992468;0.945421;0.903905;0.963878;0.980198;1.005228;1.039355;0.998182;1.011658;0.917971;0.998496;0.942989;1.043393;0.976793,11.750428;11.616782;11.581994;11.314628;11.621981;12.120685;11.258028;12.055883;12.239064;11.043050;11.486973;11.997225;11.719314;11.115663;11.783051;11.666179;12.034294;11.627344;11.910031;11.380694;11.465722;11.706766;11.248465;12.008399;11.772720;12.107228;12.139814;11.551820;12.088833;12.422814,355.907998;356.122063;358.459958;357.998104;357.739911;362.101935;359.596522;356.412085;358.651061;360.558538;361.713361;356.501533;356.655663;355.230765;359.354211;359.189461;357.051738;355.786379;359.181240;356.475062;359.687518;359.611441;356.514005;358.653175;357.851869;359.342504;357.496674;356.150155;358.437689;356.300294
1.5990892549767577,10.046726214854091,334.8524761313028,1.1471643498855317,6.729570190068207,1.594145;1.598526;1.582902;1.651514;1.580984;1.570887;1.568670;1.610004;1.520352;1.598054;1.598741;1.707263;1.568657;1.707854;1.598087;1.627727;1.636617;1.596817;1.649778;1.615604;1.659389;1.627455;1.566024;1.656241;1.586119;1.545128;1.616766;1.672554;1.606286;1.590312,9.945496;9.800305;9.750436;10.381430;10.247067;10.137713;10.190650;10.112964;10.183780;9.679163;9.935600;9.799346;10.370608;9.928091;10.157611;10.070359;10.421696;10.166170;9.873352;9.773595;10.098037;9.715630;9.723406;9.665890;9.944945;10.004236;10.097120;9.937973;10.308413;10.386250,334.433656;335.161822;334.153790;335.016845;333.606028;335.107740;336.691488;335.547386;337.001395;335.949466;334.953890;339.369910;338.033567;331.663449;333.199381;328.856609;336.821167;338.136559;336.069383;336.440027;335.852439;337.460839;337.457166;335.432853;335.724661;333.099538;333.622705;333.896506;336.130353;335.458637
1.170452849861637,11.690022207989236,355.5750515130205,1.2944422081157219,3.9353101281757885,1.171425;1.196103;1.176723;1.187404;1.223461;1.132893;1.170499;1.223096;1.099857;1.176818;1.177054;1.148366;1.194534;1.172557;1.170761;1.129484;1.188754;1.254247;1.138699;1.155792;1.133717;1.175920;1.098388;1.115308;1.193973;1.164918;1.150867;1.116462;1.179825;1.110858,11.377782;11.483803;11.518733;12.333340;12.076376;11.406386;11.752995;11.670649;11.663837;11.646548;12.189208;11.917807;11.531859;10.844067;11.279808;11.843638;11.814508;11.435545;11.830092;11.693936;11.421704;11.501138;11.635543;12.031843;11.173572;12.263293;11.354304;11.220488;12.396577;11.322739,355.413596;356.320119;357.625364;352.553193;356.700192;353.769828;353.736446;358.754223;357.140243;354.222734;358.807862;358.085566;358.872640;353.282551;355.797604;355.287859;353.253999;358.300199;353.157650;354.299806;355.466615;358.471607;360.492426;354.249686;355.833750;356.407516;359.926128;354.035595;354.562615;357.076390
0.5533240397445036,8.244749380894213,341.9843405131698,1.0270075030625734,2.8106429030969546,0.607154;0.503512;0.549531;0.533428;0.513823;0.619007;0.522363;0.616870;0.558573;0.554256;0.524677;0.543576;0.614934;0.547677;0.502240;0.537128;0.524091;0.495987;0.578882;0.564299;0.559254;0.594806;0.575194;0.590872;0.545413;0.599530;0.580278;0.561932;0.558884;0.581355,8.332746;7.898321;8.477396;8.253439;8.272234;8.273562;8.038404;8.307874;8.055264;8.386778;8.667866;8.163091;8.706946;8.632773;7.947609;7.912728;8.591371;7.794733;7.912917;8.476954;8.399214;7.982538;8.206979;8.097765;7.758445;7.970325;7.946554;8.344628;8.155069;8.456823,341.585172;339.361304;340.030049;337.923435;336.336528;341.753723;342.471267;343.508157;342.887836;344.865663;342.514574;343.479717;338.938838;341.865882;341.846184;343.560636;340.043418;344.104885;338.059896;343.141504;340.976157;341.922970;338.699530;339.533855;340.862138;338.872325;340.022480;342.995199;343.740256;347.808204
1.0892954444004257,11.945357821038623,363.65868750023645,1.2344447404218772,3.520272996413925,1.128514;1.083515;1.169960;1.162894;1.104097;1.071993;0.999209;1.083136;1.043548;1.014880;1.121808;1.055805;1.158249;1.044235;1.128683;1.088485;1.046450;1.061107;1.080289;1.030086;1.057951;1.091225;1.145954;1.127999;1.035312;1.060666;1.111050;1.039734;0.986812;1.110932,11.888262;12.164752;12.116265;11.559656;12.170899;11.574923;12.573625;11.859809;11.955728;12.055346;12.097897;12.011691;12.567044;11.664689;11.743968;12.197347;11.671024;12.197177;12.116549;11.867990;11.839335;11.422336;12.120541;11.826367;11.612185;11.912776;12.195609;12.225239;12.063518;12.189241,362.181242;362.514787;365.591562;365.364286;362.202055;364.217813;363.489919;362.042313;363.650418;362.267932;362.475858;362.312636;368.681154;362.138677;364.971880;361.864624;364.741879;360.376433;368.325358;360.267982;365.564921;362.969122;368.275153;364.094633;362.483245;364.463769;364.350906;364.713778;364.050468;362.708517
1.139371645893799,11.269568134662487,340.687630628819,1.3682117151715534,5.469487295018101,1.060798;1.271905;1.102210;1.119257;1.104327;1.059994;1.169952;1.175045;1.091238;1.161604;1.187955;1.167973;1.197554;1.119256;1.119598;1.174906;1.123111;1.125852;1.189475;1.135782;1.134974;1.171239;1.072372;1.171546;1.233112;1.102224;1.096123;1.108839;1.131009;1.151258,11.286348;11.049755;11.045250;11.048114;11.481638;11.274489;11.600155;11.117703;11.562851;11.120795;11.346593;11.391264;10.927367;11.384432;10.998480;11.246488;11.695925;11.105897;10.984009;11.486394;11.291022;11.440501;11.244988;11.015074;11.485724;11.491216;11.177410;11.297713;11.257753;10.747909,337.220328;338.688783;338.744474;341.758851;338.493262;342.096058;340.690106;339.351034;341.066581;342.938480;340.132913;344.235981;344.554184;336.592058;334.953016;340.026409;344.410473;340.001823;344.015885;341.936169;340.476220;341.464555;343.240482;341.890630;336.850367;339.373181;342.878736;344.589270;338.587507;342.517055
1.140632011891108,8.348222952377585,332.08791366468336,1.0364877431442487,5.2340301238200775,1.152675;1.165891;1.165593;1.203398;1.154966;1.131001;1.104711;1.085560;1.160469;1.131873;1.146268;1.247709;1.033310;1.194942;1.154108;1.132648;1.228764;1.206425;1.148187;1.124671;1.180403;1.159139;1.122623;1.115266;1.191829;1.184865;1.152521;1.079900;1.180485;1.137630,8.381739;7.992096;8.861199;8.076973;8.330695;8.155648;8.138213;8.625155;8.201345;8.789581;8.457802;8.544223;7.906807;9.278891;8.328159;8.410092;8.654291;8.483368;7.875285;8.171995;7.922031;8.552939;8.288931;8.251225;7.905497;8.496226;8.710592;8.470075;8.370556;8.275623,333.291704;332.821754;330.365762;335.307652;331.424942;334.387217;328.708006;334.990070;333.052739;332.776607;332.780273;329.023502;331.621206;332.148441;329.993715;332.688584;331.317935;334.040536;336.957724;332.097482;329.697824;327.059219;330.832502;333.658413;331.357190;334.939264;332.685406;330.988585;330.790022;333.788231
0.9301818063942372,11.387372839479038,354.61232431662324,1.3507256733533297,4.108705526937586,0.925326;0.902155;0.950672;0.979025;0.935285;0.887376;0.896448;0.966004;0.924198;0.890549;0.956245;0.926580;0.915968;0.888152;0.964277;0.983985;0.919472;0.991294;0.913891;0.891855;0.915188;0.950456;0.918880;0.935074;0.945708;1.067372;0.925530;0.915311;0.900773;0.910671,10.937299;11.267367;11.581346;11.442577;11.409224;11.130016;11.581046;11.247392;11.379456;10.882801;11.090305;10.683727;11.342088;11.434867;10.637726;11.151144;11.279525;11.650779;11.576660;11.179530;11.760472;11.105013;11.123877;11.823791;11.833758;10.933201;11.612514;11.588483;11.058696;11.482772,349.621359;355.114849;354.213363;356.889378;358.184784;354.442713;353.180520;358.035764;353.216274;354.275045;356.601167;356.251710;354.836047;352.995093;352.945498;358.546300;354.209059;356.138920;354.437447;353.463680;353.399146;349.708640;353.131298;353.781425;356.297157;351.164241;352.843662;354.589132;352.835369;351.698394
1.1602225066028335,8.82012645058927,350.0485710163123,1.0996069852996788,3.6373841587442257,1.137674;1.206135;1.200622;1.178771;1.153603;1.157598;1.149535;1.125844;1.109388;1.270432;1.209932;1.269282;1.205986;1.184923;1.205106;1.185194;1.243617;1.157636;1.199158;1.092364;1.217427;1.123328;1.135000;1.141594;1.186273;1.190532;1.236309;1.151510;1.190857;1.176600,8.927571;8.589875;8.779758;9.365890;8.841210;9.043173;8.487144;9.041213;8.954351;8.564492;8.809099;8.690807;9.079053;9.237386;8.151013;8.571102;8.852636;9.055766;8.628473;8.820683;8.493285;8.968066;8.584889;8.680980;9.129474;8.404787;9.364480;8.804383;8.811800;8.539935,350.997824;350.742702;349.192005;355.524257;352.305231;346.766636;350.039178;350.777204;349.747072;354.402763;352.002919;348.541211;346.367432;349.076088;349.436151;351.096624;348.095893;349.664147;347.304769;344.598023;351.546876;352.464313;347.350000;347.298979;347.782758;352.587024;351.638198;348.790233;347.373298;351.524906
0.9588747646079453,11.83631654271771,361.261353585018,1.1726882935652552,3.2436439788415172,0.941779;0.917964;0.976373;1.028302;0.838843;1.053366;0.958671;0.969853;1.019288;0.961090;1.004923;1.019058;0.960058;1.025287;0.945381;1.017667;0.982526;0.967032;0.925980;0.977423;0.950270;0.966198;0.951302;0.948474;0.915264;0.904732;0.914355;0.970647;1.029341;0.912402,11.714114;11.296929;12.000200;12.478718;12.117458;11.828955;12.358451;11.626631;11.689663;12.308497;11.825293;11.299135;12.309695;11.640742;11.639551;12.020151;12.028255;11.756566;11.932195;11.990275;12.642321;12.031260;12.138968;12.031898;12.407505;12.415691;11.920428;12.502340;11.972432;11.591895,362.835962;363.127851;359.884864;357.212280;358.026752;366.984183;359.994630;360.885703;357.199509;358.870057;360.622650;359.492722;365.964566;356.464644;363.499858;359.563786;366.292893;360.273023;360.693314;364.280827;361.731764;360.705035;362.653319;355.743047;363.586303;363.545517;364.614936;366.713793;359.740908;360.544228
0.15088895079544934,10.178862162689768,343.7502700781648,0.5925543575992854,1.2942041727298608,0.190246;0.124965;0.184035;0.195935;0.166119;0.182785;0.203749;0.098503;0.102919;0.181361;0.139241;0.063450;0.151639;0.102417;0.158100;0.157762;0.160090;0.110126;0.130964;0.127706;0.100502;0.146380;0.210316;0.121959;0.149474;0.191541;0.169821;0.155686;0.122511;0.111681,10.552749;10.496980;10.429841;10.214531;9.642465;10.270010;10.622875;10.504671;10.342032;10.110550;10.106256;10.356847;10.486367;10.577402;9.485264;9.511133;9.730501;10.295073;10.220667;10.298391;10.346548;10.063294;10.704723;9.984062;9.800938;10.312339;9.819421;10.404759;10.018482;10.350766,347.517068;339.480991;344.834790;343.455156;340.731269;339.609200;341.825208;341.621254;343.643677;341.663510;345.313756;344.784603;340.424788;346.375230;340.302249;343.353364;347.089273;345.193994;343.589006;345.349796;348.279092;339.172096;345.802682;341.811372;345.426685;341.338891;345.064744;347.513955;347.430234;343.662258
1.5628981235177708,8.507388900918063,360.0005620314178,1.0003950927905478,3.123521132720393,1.503848;1.602391;1.606487;1.551436;1.516200;1.562155;1.543457;1.581187;1.559932;1.619244;1.589270;1.545510;1.600728;1.555039;1.609506;1.495795;1.530720;1.554675;1.541487;1.626291;1.573802;1.608475;1.577079;1.561101;1.573944;1.602311;1.583616;1.545766;1.576304;1.506078,8.391988;8.595981;8.847476;8.427754;8.288391;8.313218;8.095395;8.149191;8.484659;8.262539;8.300823;8.789681;8.200350;8.561924;8.071962;8.841640;8.444914;8.290371;9.004835;8.466850;8.930443;8.555484;8.823337;8.630981;9.066167;8.578557;8.234181;8.780173;8.314999;8.487841,361.654023;364.279206;359.088234;360.552709;358.711432;363.502731;361.074966;359.074163;358.027134;360.434897;360.929972;362.019381;360.725371;362.166815;358.308452;362.517377;362.107259;359.703513;358.372518;360.101437;359.958763;361.461359;355.709498;357.122617;362.760757;357.151027;360.048822;358.364984;358.514017;362.728831
0.312996485129591,10.034240618502286,337.3105866974362,1.2366735152169326,3.3290732597754653,0.290123;0.264160;0.368639;0.323433;0.328411;0.356657;0.289843;0.357993;0.281650;0.384438;0.298222;0.275725;0.319259;0.256176;0.313292;0.299989;0.320084;0.204034;0.360786;0.335289;0.350151;0.342969;0.322549;0.301548;0.303334;0.379908;0.281980;0.344254;0.316784;0.346610,9.525113;10.244796;9.873246;10.233293;9.650297;10.519306;10.488522;9.563369;9.909873;10.190797;9.923663;10.746022;9.492789;9.807469;9.973383;9.835863;10.326911;9.920979;10.139984;9.880132;9.957519;10.153679;10.555182;10.391419;10.196267;10.346188;9.823840;10.150510;9.806449;10.482338,341.035047;342.403595;333.188318;337.125170;340.324030;334.477693;342.318214;338.946087;335.143694;336.580959;338.814428;340.357638;334.650551;336.880243;336.051017;337.036618;337.406119;335.515335;337.113884;336.178932;337.082885;337.177201;338.356627;337.316578;336.046645;338.012196;336.053592;333.379557;339.371271;339.206896
1.1741411736980716,11.992311368338227,356.63006767090224,1.375219870263314,4.277276149419772,1.183064;1.191498;1.171961;1.165741;1.148105;1.196718;1.121553;1.209163;1.132225;1.195986;1.155310;1.155283;1.201380;1.202673;1.171459;1.190882;1.171175;1.207316;1.166674;1.207120;1.247773;1.233143;1.133785;1.128490;1.142155;1.127896;1.221157;1.136443;1.284684;1.171347,12.546209;12.221341;11.891821;11.855217;12.066819;12.621315;12.434214;11.751358;11.899958;12.113552;12.258013;11.763771;12.094597;12.341066;11.989075;12.575608;12.653492;11.751208;11.881516;11.988065;11.786227;11.746629;11.665558;11.938966;12.359487;11.640478;11.832606;11.936968;12.331599;12.080942,352.941687;355.217454;355.692875;358.047989;357.246013;356.805266;359.971375;356.765048;360.549185;354.289642;355.073549;359.730959;358.969178;354.692957;355.633898;355.573641;353.599982;355.578532;354.933887;355.539199;356.411521;353.939001;358.714187;353.799506;355.193197;349.619679;356.998663;352.047704;358.627992;356.476335
1.1051859256040784,10.27723489879052,330.55828064840534,1.1976000021259203,6.0924933361172275,1.079226;1.115416;1.070281;1.078418;1.097024;1.120275;1.076503;1.110850;1.102651;1.187027;1.154079;1.100503;1.113514;1.134352;1.125533;1.120932;1.095054;1.129944;1.201797;1.099319;1.132203;1.043789;1.134797;1.147384;1.158814;1.150043;1.196281;1.047540;1.096063;1.126291,9.987133;9.420813;10.872127;10.577445;10.666756;10.751114;10.213331;10.497105;10.081835;10.545758;10.103238;10.575675;10.460528;10.463563;10.098854;10.674967;10.096231;10.544894;10.141404;10.182364;10.404378;10.864285;10.467181;9.976727;10.009181;10.591073;9.636067;10.404537;10.335511;9.924082,328.259085;330.906767;332.835900;328.927729;327.506075;330.441645;334.226476;330.027933;329.883548;327.829228;329.234691;338.643343;332.442765;328.468977;328.418759;328.103177;328.458453;330.553917;334.312788;330.943632;328.115482;329.530592;329.507759;329.707479;328.019499;331.286843;330.813211;333.331651;333.218905;332.895105
0.5237573812853125,10.66494003133989,355.44613320355995,1.1014901821396443,2.8857623124933154,0.554192;0.510249;0.518638;0.582950;0.559922;0.558505;0.516460;0.509592;0.505472;0.470360;0.456809;0.525222;0.521798;0.498401;0.550696;0.548350;0.510781;0.550217;0.556218;0.549917;0.529617;0.501325;0.573116;0.575773;0.456196;0.466376;0.563141;0.500657;0.495190;0.516031,10.510176;11.035175;10.688033;11.210881;10.630365;11.406552;10.986001;10.320677;10.528952;10.826422;10.780573;10.600719;10.475928;10.938583;10.299276;10.571824;10.455161;10.551809;10.116544;10.529434;10.346785;10.503297;10.560355;10.741614;10.953241;10.900163;10.359033;10.938985;10.687142;10.762758,356.978400;356.744910;357.318754;352.794264;353.228886;352.719129;360.326511;358.286202;354.968243;353.317347;358.068750;353.774163;352.606515;351.993552;356.786347;350.810991;352.115791;357.061062;356.305608;355.982965;356.900202;352.492124;356.512080;355.556342;359.310614;358.720566;360.892235;354.905775;357.164311;351.523177
0.5973501305746726,10.275765095157832,359.7529782904358,1.0035451658402075,2.573890578621857,0.584379;0.587529;0.656971;0.547470;0.541743;0.610204;0.618302;0.685741;0.683643;0.637061;0.583447;0.569610;0.532902;0.595226;0.540584;0.547710;0.545746;0.590685;0.571361;0.621428;0.621977;0.601252;0.567112;0.647243;0.589528;0.585352;0.656040;0.637315;0.599300;0.571728,10.814375;9.816619;10.222622;10.371094;10.666799;10.261388;9.987464;9.768939;10.627739;9.922608;10.239507;10.523732;10.101175;10.569201;11.161129;10.428850;10.475540;10.061804;10.472261;9.454845;10.515918;9.868721;10.279963;10.357424;10.198797;10.572600;10.746718;9.839635;10.479879;10.441049,358.984915;358.280941;358.162241;359.757485;358.774164;363.582558;358.495472;358.364519;359.559748;362.656923;360.661100;355.165638;354.458823;358.503861;359.390091;358.562324;359.713833;359.766646;360.583076;356.622876;364.479052;354.280032;361.116236;362.733444;357.644001;354.449732;356.264796;364.166112;359.044980;357.160566
0.8458395441599678,11.362354915813695,360.5458197184491,1.1324314825289041,3.0576503010735676,0.874863;0.757665;0.796002;0.878536;0.806217;0.893522;0.900700;0.825912;0.937616;0.873728;0.883444;0.796445;0.747298;0.763685;0.854862;0.975842;0.853126;0.883778;0.829066;0.822973;0.803533;0.839885;0.887674;0.848266;0.860678;0.773616;0.814850;0.883669;0.781931;0.787221,12.109261;11.616891;11.570698;11.588252;11.279025;11.349799;11.952516;10.994189;11.618871;11.176287;11.432472;10.963670;11.137075;11.096615;11.334699;11.285220;10.838956;11.060975;11.448636;10.947888;11.279971;11.437047;11.948387;11.231753;11.569099;10.942053;11.074604;11.639421;11.572613;11.231855,357.696767;362.602662;363.854341;360.504267;361.199360;361.748983;361.087072;359.473798;359.659730;364.929335;359.386098;364.851719;363.789464;359.801687;361.401966;356.710555;360.363737;364.092270;358.350448;358.139842;361.895003;356.214348;358.960867;363.310074;361.121383;359.536116;360.699002;358.872880;363.437057;358.324753
0.9818373988798327,8.84165405243325,332.9220242082163,1.0778288295058847,5.586538873419871,0.987318;0.976694;1.049026;0.992770;1.045015;0.922139;0.933160;0.997320;0.963690;1.010681;0.954760;0.984494;1.031599;0.962434;1.051228;1.047679;0.993264;0.990931;0.929945;0.972130;0.951302;0.943683;1.002487;0.963573;1.016637;1.043222;0.944917;0.979302;0.965314;1.018483,9.077031;9.052379;8.665355;8.538447;7.994079;9.483830;9.646429;8.699476;8.811969;8.985145;9.906018;8.437295;8.973623;8.978764;9.123942;8.714878;9.652439;8.722569;9.107527;8.903005;8.909951;8.865406;8.612269;8.676560;8.798411;9.270580;9.270007;8.813192;9.567552;8.614968,338.507375;334.970743;329.258080;333.267114;331.817388;332.294303;329.261814;334.079408;333.005359;332.247163;334.664785;334.418814;333.251807;333.875363;336.464200;331.946707;336.053700;331.453424;336.310829;330.261271;334.100328;333.173456;336.444078;334.268583;334.604576;336.566464;334.168650;332.257994;332.114243;330.044956
0.31829440875737347,8.987362540406139,346.5693069211991,0.7852884474188435,1.8197973060948947,0.339202;0.274279;0.279699;0.280529;0.378740;0.279475;0.283683;0.352902;0.338937;0.332700;0.332208;0.277147;0.318254;0.266742;0.356162;0.316464;0.291738;0.317908;0.329376;0.337152;0.344376;0.330541;0.392338;0.309354;0.287215;0.344983;0.294165;0.292362;0.344429;0.287870,8.817856;8.839245;8.339200;8.585594;8.849005;9.189886;8.962970;9.132683;8.688197;9.054785;10.100853;8.765123;8.708728;9.110099;9.507514;9.068494;8.569810;9.254031;8.881358;9.519181;9.359512;8.496065;9.056679;8.694900;8.865005;9.377605;9.282534;9.263114;9.285288;8.636095,345.580880;346.148009;348.878794;345.009449;344.713536;348.878178;344.084297;345.004146;348.183509;345.923924;343.287876;346.311604;346.015897;345.838085;351.750322;345.660679;341.282001;349.749251;349.371346;349.173734;343.061840;343.212770;347.708224;345.146127;348.630001;348.705159;346.549281;347.070812;347.401683;349.648696
0.245390032406133,9.074654379935312,364.73739812084096,0.5039193941591326,1.1681675101974276,0.247899;0.216915;0.279230;0.252923;0.236888;0.234149;0.264076;0.194360;0.205821;0.254167;0.201939;0.285720;0.249678;0.301597;0.254236;0.208665;0.214164;0.204938;0.266816;0.217022;0.273057;0.270476;0.159939;0.294145;0.277808;0.230223;0.256538;0.180033;0.214698;0.285548,9.167875;9.553131;9.285557;9.534378;9.128026;9.287317;8.993563;9.363587;8.738960;8.752289;9.609835;9.287485;8.984956;9.246839;9.225910;9.210755;9.757184;9.207682;8.640584;8.974413;9.341448;9.010349;9.797017;9.328728;9.262598;8.829120;8.780466;9.037458;8.897098;9.260401,363.230034;365.554883;360.107344;362.784171;369.972750;366.433150;368.579796;363.981399;369.047754;362.654620;363.536080;369.051752;364.825133;365.589473;365.196432;363.644191;360.919918;362.352885;364.188413;361.086469;365.856764;361.556118;363.464885;368.562927;365.794418;363.924658;364.609195;362.715840;367.047211;362.762233
1.5848615903441743,9.884753068241963,354.964572198363,1.2543412240849583,4.380988357142006,1.612138;1.578382;1.615668;1.581093;1.555808;1.582229;1.564743;1.536174;1.652936;1.552151;1.664130;1.693685;1.597506;1.627365;1.615659;1.592536;1.545467;1.598239;1.558944;1.583844;1.490816;1.654970;1.618222;1.570979;1.616109;1.568421;1.632762;1.527837;1.611133;1.609177,9.839064;10.476075;9.478756;10.068850;9.768861;9.929636;9.844870;9.708711;9.499734;9.789732;9.320314;9.547749;9.955467;9.731113;10.179985;9.756478;10.151931;9.921599;10.199156;9.440633;10.052191;9.816701;10.349203;10.331125;10.183754;10.063299;9.241885;10.043586;9.770805;10.125107,357.621547;357.121735;353.739287;356.153675;350.331380;358.199697;357.905821;357.526950;356.559803;351.321762;355.114768;353.300474;354.488736;353.497847;356.440229;357.877100;356.983479;360.518465;353.138170;356.839412;358.564292;356.695062;354.839155;351.322868;350.592541;356.217346;350.448296;357.608860;357.022872;356.112282
0.33489349366077104,10.252046268102626,356.58580506524896,0.7307450487342299,1.736516171814617,0.376727;0.327856;0.355045;0.370643;0.361925;0.345479;0.325903;0.297316;0.289663;0.340246;0.312950;0.320357;0.409454;0.279669;0.221249;0.325833;0.355272;0.339398;0.300006;0.309802;0.311323;0.303224;0.363435;0.307660;0.316472;0.312570;0.273323;0.260480;0.313783;0.386235,10.541225;10.335349;9.994998;10.080957;9.666393;9.909925;9.845728;10.822609;10.292758;10.005351;10.235536;10.160066;10.521570;10.768232;10.454738;10.093353;10.552347;10.599343;9.728017;9.679014;9.808761;10.447353;10.009157;10.436627;10.102753;9.799086;10.378547;10.030936;10.375735;10.415242,357.802397;359.423373;352.718199;357.339589;352.873958;356.101148;357.673898;357.254452;357.922976;357.945476;353.766704;359.020242;356.184224;357.164288;352.241740;355.309095;356.618527;356.464345;356.463511;349.456177;354.633048;358.187831;357.791893;357.637125;354.600694;352.549080;355.969083;361.258762;356.496847;360.220342
0.5969614934601045,9.065534728027577,335.5511840440339,1.249338479876661,4.742960851861229,0.611353;0.586282;0.547324;0.694792;0.605696;0.608570;0.661029;0.586893;0.567849;0.611532;0.603495;0.613402;0.571600;0.644877;0.576079;0.671082;0.584288;0.602028;0.644846;0.565492;0.619888;0.554983;0.593584;0.616521;0.530680;0.604396;0.530966;0.658935;0.637813;0.592705,8.733731;8.704752;8.904258;9.659553;8.826931;8.651427;9.117040;9.571383;9.449690;9.301111;8.564877;9.104603;9.056334;9.106263;9.180822;9.067157;8.987738;9.206557;9.367875;9.126100;9.229981;8.826348;9.327525;9.069656;9.119285;9.051875;9.137662;8.563436;8.580461;9.286133,334.054659;333.833846;332.389773;335.791502;334.885961;335.721297;332.956758;339.450133;341.573953;338.910790;339.188769;331.560523;341.748143;337.724982;335.639130;337.768002;332.701950;339.149435;336.703421;335.007287;330.358703;333.168204;340.271118;336.739423;338.368067;334.255611;335.521186;334.569958;337.536283;331.287615
0.7285033882727066,10.619476757630663,336.8451543447262,1.3897117632852871,4.495201715170266,0.765164;0.734745;0.708544;0.681768;0.716062;0.780922;0.763675;0.706113;0.749376;0.681058;0.758849;0.764367;0.738260;0.651598;0.674977;0.722744;0.652845;0.725337;0.636585;0.733375;0.708249;0.790126;0.701628;0.696272;0.780214;0.727179;0.814858;0.750804;0.741667;0.656257,10.884632;10.415251;10.549919;10.830040;10.493597;10.446715;10.937887;10.881973;10.593338;10.474457;10.773277;10.771751;10.892037;10.604657;10.553133;10.554258;9.910788;10.812477;10.718003;10.296753;10.685874;10.785316;10.343815;10.762603;10.728588;10.721109;10.597402;10.699029;10.162554;10.416585,339.326375;341.395807;337.867863;341.069309;335.886558;336.336998;332.932969;335.213961;336.186154;335.338387;339.436377;335.464186;334.470075;332.291675;336.896593;334.241278;336.121964;339.084785;336.727681;336.700996;344.219128;337.368126;329.961926;343.275196;335.878935;337.887766;338.133569;334.783718;338.320748;340.316697
1.43459906893978,11.945089943708455,334.58953467079056,1.3608724291172276,7.108670388471541,1.363821;1.413985;1.434805;1.453149;1.423361;1.490123;1.449746;1.397241;1.492857;1.382357;1.333428;1.466304;1.431695;1.528235;1.381220;1.462110;1.437611;1.411889;1.487028;1.384926;1.478542;1.392616;1.441607;1.431888;1.509537;1.421741;1.398007;1.498087;1.386664;1.429028,11.869543;11.660520;11.926307;12.218943;12.007891;12.344892;11.777774;12.026622;12.072587;11.943803;12.375023;12.006142;12.217460;12.119051;11.861993;12.136767;10.926214;12.251882;11.984757;12.035502;11.685578;11.751350;11.923517;11.562223;11.864138;11.940324;12.336161;11.949279;11.916619;11.774446,336.614637;328.923257;336.653347;334.611311;339.294200;337.738551;333.018804;330.391589;336.443281;339.742744;332.612579;330.162173;336.717476;332.598988;331.504529;335.687814;334.274800;335.497290;330.821514;337.898124;335.094043;332.628466;336.855145;337.456342;330.778796;337.250889;335.444345;338.482416;339.269141;336.851580
0.6488590760900055,8.599923659116573,338.7233006845228,1.1866429233045004,3.555398233492214,0.658091;0.660118;0.648708;0.697627;0.663759;0.582594;0.665783;0.658026;0.673599;0.550812;0.639945;0.683086;0.654627;0.593357;0.645939;0.646821;0.649255;0.616765;0.655165;0.653143;0.653761;0.670493;0.757598;0.657539;0.587533;0.651810;0.628940;0.669036;0.634261;0.632033,7.852011;8.757550;8.572721;8.654581;8.792155;8.395360;8.585231;8.567085;8.446304;8.515306;8.696170;8.769173;8.452295;8.515830;8.512788;8.079290;8.724149;8.088056;8.935226;8.215415;8.449181;8.923888;7.928544;7.987803;8.564278;8.562303;8.726804;8.602956;9.174275;8.743815,340.339650;342.967956;336.522429;340.992996;335.617336;339.214152;338.570098;336.950574;341.048734;337.160970;344.809512;338.097268;341.139823;338.279581;344.041769;339.278174;336.658983;338.138532;338.412480;333.028525;342.758646;338.778040;335.862173;341.758088;340.014969;341.440007;335.691115;335.096597;336.481738;340.478794
0.2877346145060805,10.683757206331329,364.1218081599276,0.5250207594374638,1.2144260151925041,0.295133;0.294796;0.243845;0.206821;0.295224;0.348510;0.301438;0.255207;0.280311;0.331426;0.255192;0.291095;0.246405;0.228849;0.247355;0.255583;0.291814;0.260298;0.328840;0.259575;0.328211;0.306413;0.310683;0.313574;0.216762;0.286036;0.305803;0.335490;0.320973;0.295171,10.407038;10.209465;10.459322;10.705283;11.148736;10.959504;10.804056;11.119546;10.659394;11.300514;10.736355;11.134448;10.661161;10.600659;10.494829;10.329473;10.797837;10.835873;10.592040;10.648168;10.509340;10.702001;10.816829;10.195735;11.039485;11.413143;11.347294;10.320807;11.073665;10.181596,367.358922;362.072651;361.312285;365.035887;362.498291;366.740849;363.403200;361.052781;364.467083;365.391718;362.198573;360.849325;361.518070;365.723568;364.676132;358.374102;362.058905;366.123681;367.349521;363.374667;362.941883;363.521542;365.316854;365.700777;363.089140;363.754240;365.094178;361.726388;360.518420;365.029218
1.227273645398914,8.871002380037977,353.6720862209495,1.0804697935161556,3.363768313887642,1.220354;1.229303;1.145986;1.230278;1.181235;1.203372;1.175913;1.236097;1.253940;1.234634;1.256502;1.202133;1.246451;1.158469;1.258856;1.239713;1.258329;1.119287;1.230259;1.245847;1.187531;1.268844;1.180543;1.202272;1.249326;1.226438;1.203901;1.168040;1.212211;1.154834,9.045885;9.382775;9.053613;9.477774;8.802856;8.667438;9.156424;8.676159;8.990634;8.789000;8.946698;9.225466;9.366475;8.573263;8.337672;9.020849;8.813588;8.822930;8.750686;9.358264;9.384510;8.992209;8.798413;8.345753;8.834420;8.719910;8.737396;8.708157;9.327897;8.912340,355.515917;354.567389;354.802687;355.012952;352.370392;353.832460;352.381805;353.104942;352.067996;355.160528;351.071986;356.864586;350.382865;353.215520;355.650842;354.272907;350.774650;355.478992;351.870252;357.019728;349.769181;355.693742;360.489111;353.583235;356.829440;351.154915;352.165665;352.815173;353.684668;354.712321
0.9511630558770524,8.80197931575978,343.17379920592765,1.1880152147915626,4.360420677870935,0.956877;0.934547;0.947228;0.967610;0.956221;0.954769;1.007661;0.978109;0.948917;1.006699;0.933430;0.921213;1.010301;0.879126;0.948825;0.877188;1.009568;0.978739;1.037468;0.937621;0.927761;1.023243;0.934481;0.956933;0.951239;0.990626;0.952735;0.971364;0.964959;0.917917,9.162486;8.622913;8.583778;8.500239;8.933414;8.570515;8.393211;8.559177;8.073265;8.962625;9.071204;8.616003;8.976407;9.004313;8.281651;8.596426;8.847913;8.481686;9.255348;8.894779;8.516425;8.680131;8.840864;8.924339;9.061261;8.106136;9.469447;8.963442;9.318300;8.983768,340.074442;342.923864;343.587812;344.365315;346.156835;340.769901;341.786312;343.960129;343.080374;342.309569;344.959086;342.414130;338.830958;339.415041;341.401179;344.757178;341.583416;339.479568;344.826922;342.579784;342.125557;338.814043;345.115804;343.033804;345.250751;343.256937;341.063728;342.721296;344.673394;341.013616
1.18355559832711,11.105667168026152,330.58179907188935,1.1759119672491312,7.868183455896065,1.202185;1.208698;1.143887;1.228061;1.200290;1.224489;1.218267;1.175691;1.094719;1.204973;1.237184;1.174304;1.180787;1.153927;1.115332;1.185913;1.250057;1.232684;1.131229;1.187670;1.180161;1.170728;1.137396;1.166277;1.149913;1.151611;1.198723;1.138780;1.270757;1.216137,11.000918;11.488908;11.171797;11.258915;11.582696;11.413054;11.067580;10.786324;10.628978;11.021597;10.773646;10.864618;10.984545;10.956458;11.168092;10.999032;11.349135;11.447220;10.961987;11.186763;11.074127;11.324871;10.710855;10.156511;10.961294;10.873012;11.168853;11.262023;11.400251;11.373985,327.658439;332.749305;334.112785;331.020544;330.826668;326.531992;331.785533;333.212633;331.406127;328.414898;332.982190;330.738934;324.601229;335.158350;334.105380;335.986989;330.554374;333.744475;333.578470;328.901147;330.795132;329.362515;331.728440;330.466198;328.742683;331.859337;328.412413;333.614478;327.990163;326.324162
0.6169986939245026,11.556179169475879,363.9487205709048,0.9244607103638424,2.3055912399387286,0.669394;0.626002;0.543642;0.645663;0.599019;0.689606;0.546926;0.632325;0.597941;0.565036;0.608308;0.590816;0.577336;0.640474;0.767586;0.553695;0.598727;0.588322;0.677195;0.579869;0.637234;0.644033;0.616946;0.627444;0.628238;0.647643;0.629530;0.627597;0.602423;0.549935,11.488046;11.435591;11.594401;11.473639;11.765815;11.915563;11.767687;11.085428;11.306933;11.168675;11.615523;11.477980;11.533874;11.739045;11.110665;11.793163;11.411635;11.212520;11.053206;11.354474;11.359575;11.198953;11.222539;11.122887;11.725974;12.139224;11.494668;11.455592;11.487122;11.536091,364.265865;366.284057;364.902137;362.257881;366.406198;366.993737;361.100913;364.914805;360.581298;361.069400;365.813715;363.073268;362.104546;364.093279;364.399829;367.312452;362.773916;368.734814;366.929517;369.883142;366.583868;365.076652;368.382639;361.654303;366.390006;364.235933;361.587588;362.772939;365.218200;361.917959
0.3953462139527442,8.03346092568463,360.9220143920474,0.6614925594232202,1.6003290561828114,0.420950;0.368742;0.378757;0.394305;0.353882;0.447354;0.433629;0.453264;0.413079;0.402529;0.353886;0.434578;0.366535;0.398802;0.338864;0.455737;0.407410;0.392151;0.380393;0.385816;0.346253;0.438775;0.350165;0.414716;0.389676;0.310118;0.351269;0.368687;0.397160;0.414748,7.959686;7.599585;8.378574;8.061899;8.018059;7.949802;8.011217;8.113992;7.339569;8.101482;7.363311;7.683583;8.028010;8.267797;7.743989;8.649574;8.090648;8.477966;8.001315;8.294227;7.711863;8.371311;8.397553;7.789716;7.491283;7.406269;7.873808;7.932347;8.807619;8.246611,355.999182;361.031712;362.990556;359.967278;356.293713;358.568435;360.325150;362.017383;356.183612;358.129444;360.010673;368.632266;361.288652;363.937848;360.578766;363.391786;356.858668;359.660914;365.848745;360.103186;355.499628;362.360686;362.183042;360.228105;364.039454;365.849312;361.119708;361.228303;362.116820;358.571162
1.1085476377530865,8.441483934947769,352.71825955968256,1.0997578326026327,3.673164382118702,1.121116;0.994905;1.136052;1.076003;1.011868;1.131442;1.105438;1.046604;1.138735;1.121768;1.089398;1.180295;1.121563;1.053688;1.092409;1.106516;1.108629;1.141778;1.094737;1.071929;1.111278;1.141141;1.113818;1.129804;1.064598;1.095586;1.061935;1.110745;1.137747;1.145741,8.326925;8.199086;8.842627;8.073695;8.215631;8.470951;8.764889;8.780224;8.359946;8.171085;8.078275;8.122087;8.475615;8.271332;8.474018;8.116286;8.491320;8.328440;8.581056;8.362103;8.749671;8.570194;8.427572;8.970047;8.327684;8.670960;8.072147;8.497697;8.739157;8.499059,352.099835;352.421171;347.279973;353.960216;353.092799;353.477883;350.044001;351.809606;353.947939;350.002408;355.753342;352.775068;355.715562;353.898194;353.495120;354.923093;350.948027;353.020021;350.426076;355.602582;352.771603;353.670165;354.918856;355.488735;351.900669;352.143781;352.443357;350.836100;353.481002;350.418672
1.2151625487968056,10.583608665150798,346.92264399283073,1.3542310887496667,4.764164514237776,1.231152;1.235744;1.241543;1.222905;1.165900;1.183787;1.209139;1.252248;1.232314;1.202158;1.175202;1.201355;1.297100;1.095354;1.193281;1.120854;1.223609;1.202042;1.245093;1.195591;1.181456;1.256950;1.285039;1.223203;1.254245;1.189506;1.210147;1.166790;1.120558;1.177951,10.362915;10.734572;10.833975;10.297604;10.181211;10.483556;10.215980;10.227921;10.700262;10.720967;10.549854;10.894023;10.828349;10.178474;10.235369;10.306065;10.287847;10.230145;10.443093;10.731095;10.558416;10.441094;10.490042;10.443794;10.361804;10.264244;10.880212;9.995771;10.893189;10.941458,346.608492;345.347895;347.668297;345.768755;347.173631;345.950935;348.659468;347.858868;348.424450;348.415804;347.971865;349.060369;350.668170;347.093062;347.386396;341.910514;344.824012;344.324845;347.798679;344.756762;345.375707;347.333375;347.376336;343.366523;346.678188;345.816137;347.930248;349.242531;348.720341;348.631382
0.9452394586032703,10.933417246442218,360.7517863732798,1.0951944135779066,3.025120033106047,0.879654;0.928542;0.935653;0.947837;0.886135;0.981145;1.007222;0.917937;1.032103;0.896665;0.981099;0.998958;0.930111;0.917445;0.971519;0.952782;0.933151;0.934948;0.999428;0.970777;0.940868;0.915300;0.983518;0.983313;0.867681;0.937419;0.979504;0.929859;0.954559;0.928846,10.722735;10.887452;11.159475;10.558462;10.727950;10.542904;10.544916;10.624982;11.270878;11.209820;10.927802;11.002333;11.103227;11.233887;10.937903;10.951307;11.086187;10.955191;10.576673;11.000450;10.814078;10.984511;10.097072;10.710338;11.054636;11.093625;10.595169;11.227531;10.659109;10.616593,360.732937;362.732541;360.189581;363.137842;358.860261;361.165300;360.258087;364.264597;359.707033;364.991993;361.047064;357.726520;358.167723;361.355510;362.882010;360.094528;359.456126;361.692925;361.014674;355.036976;355.502398;355.802266;364.476590;357.866878;360.848362;362.690338;359.151193;361.709600;361.545035;361.488055
1.0292815893233223,9.99721174165655,347.72762345351407,1.240778079433198,4.007098958636855,1.037626;0.999941;0.954391;0.997805;0.993518;1.113180;1.054084;0.988756;1.053390;1.029586;1.076198;1.043316;1.044631;0.985926;1.074144;1.097454;0.967674;0.998617;1.027622;1.021101;1.044245;1.015128;1.008210;1.030105;0.955542;1.024758;1.043440;1.036698;1.018987;0.974612,9.427860;10.698748;10.053949;9.613910;9.988728;10.391887;10.160196;10.507433;9.192826;10.085175;9.904835;10.113465;9.954957;10.073862;9.465955;10.557332;9.684030;9.646539;10.316421;10.323630;9.891672;10.071130;9.891751;9.669655;9.827377;10.056476;10.191998;10.015938;10.470169;9.748501,346.652291;350.076218;344.823968;346.816031;349.083529;349.150955;349.242139;344.033366;347.165401;344.709825;347.016945;352.808884;343.553984;350.174027;350.745855;346.674089;351.369505;348.011612;348.327969;343.486228;349.946943;343.969196;354.433078;352.954526;351.029741;345.052395;345.735373;349.632335;347.892153;348.511089
0.4777352043959301,11.535231519934795,352.5582948920466,1.0517497296627158,2.6221812318944693,0.463818;0.475999;0.451639;0.443443;0.491900;0.392668;0.496216;0.483883;0.473306;0.459215;0.499080;0.507838;0.492374;0.517408;0.505866;0.474000;0.439756;0.527631;0.581486;0.479057;0.480534;0.517270;0.474605;0.551547;0.498939;0.518299;0.545074;0.361831;0.462657;0.456675,12.251738;11.750950;11.701505;11.025398;11.659966;11.791673;11.929627;11.820758;11.658270;11.551554;11.523286;11.939553;11.368679;11.012184;11.768714;11.270605;11.814355;11.346210;11.711805;11.477321;11.768994;11.243072;11.745064;11.254311;11.660016;11.308221;11.583107;11.740633;11.373009;11.460173,353.768610;351.254799;351.848824;352.122722;354.420036;351.282729;354.081270;356.610915;352.238762;352.883544;353.025474;354.256351;349.303565;355.362913;358.199667;353.593111;351.884173;357.586134;353.553449;354.513079;349.162481;352.549019;352.204376;351.506653;355.157297;352.368690;353.615172;354.139088;353.826899;353.631361
0.5925842892177652,10.767831586625359,346.67502448406196,1.2287685880306323,3.2834662623266886,0.496012;0.589758;0.670009;0.627363;0.576470;0.588134;0.566866;0.537039;0.570425;0.611403;0.622184;0.522641;0.611207;0.614265;0.579444;0.579635;0.578385;0.572146;0.551672;0.558581;0.614800;0.597923;0.507986;0.607866;0.569701;0.589788;0.558168;0.643741;0.569005;0.555244,10.715895;10.859126;10.319049;11.023210;9.725557;10.965119;10.599708;10.517450;10.748007;11.006394;11.416555;10.400104;10.611139;10.504358;10.756106;11.056984;10.457883;10.922202;10.945166;10.573791;11.337795;10.410907;10.521991;10.874929;11.032311;11.007195;10.540501;10.625625;11.204871;11.031740,345.866596;345.515577;349.622632;350.849436;347.571323;347.254342;346.488304;346.096338;346.206225;346.589578;352.835858;348.768459;345.434854;342.352906;350.987325;346.570344;341.141261;347.192170;343.476207;350.091661;346.420811;349.459106;345.383882;347.586037;344.863988;349.180042;344.364293;345.546816;346.009515;348.319388
0.5357421631989425,11.67079601349526,338.3939698398201,1.5359846826642303,5.055404388810037,0.534313;0.562118;0.563727;0.493598;0.490506;0.557054;0.519074;0.605191;0.495710;0.471430;0.640560;0.500522;0.531790;0.587226;0.539336;0.512132;0.523861;0.575726;0.582569;0.538353;0.570073;0.507744;0.528284;0.527295;0.540062;0.607770;0.499291;0.543020;0.535811;0.555146,12.217597;11.822323;11.945051;11.404733;12.258448;11.468588;11.879429;11.482713;11.722701;11.144455;12.233799;12.176867;12.439719;11.657087;12.051672;11.259969;11.984796;11.393422;11.353460;11.728615;11.800977;11.477558;11.433530;11.917789;12.116535;12.147472;11.773863;11.497021;11.706083;11.829891,340.092455;339.249935;337.794965;339.879676;339.559682;339.383672;338.930363;341.267595;338.246328;336.466446;336.509078;337.233879;340.817054;339.754882;336.736044;343.969493;340.547655;336.921718;333.944220;336.409214;335.615495;332.732357;339.021555;335.576678;337.564639;338.635725;335.792851;340.844579;339.136924;336.243281
0.8684700485087551,9.906681507606056,363.66540524732386,0.9419565470954704,2.5399923842182255,0.741656;0.846545;0.952165;0.858914;0.873998;0.864943;0.791366;0.857379;0.954268;0.928809;0.882454;0.873737;0.853301;0.916750;0.834436;0.921761;0.871973;0.859393;0.891444;0.809451;0.795469;0.781125;0.931558;0.789948;0.834602;0.881848;0.852652;0.844379;0.852409;0.893757,9.573266;9.777170;10.051028;10.043887;9.781098;9.411998;9.503302;9.663607;10.385421;10.002745;9.663802;9.623019;11.029488;9.673908;9.553369;10.030024;10.236774;9.423593;9.664788;10.014274;10.151888;10.526629;9.336853;10.158230;9.685745;10.241426;10.331971;10.223065;9.854296;9.737968,361.046949;360.121009;363.923081;363.267981;368.098847;365.176813;364.210412;360.805534;365.722470;362.257017;363.144167;367.608998;362.870985;361.331420;365.554870;367.140600;367.112018;359.310400;363.003663;365.658259;366.717486;367.265441;365.089326;362.575261;360.389203;361.621495;366.281155;363.536010;365.909409;363.769012
1.0342737364887584,9.366007313035302,334.9372278783554,1.2224005625180445,5.458923288989185,1.044280;1.103481;0.981061;0.991017;0.992591;1.125604;0.995575;1.034465;0.979044;1.021326;0.985737;1.035713;1.055416;1.087447;1.062332;1.077225;1.076298;1.045309;1.082208;1.034468;1.006664;1.010204;1.067566;1.049069;0.967196;1.086042;1.060860;1.030042;1.061991;1.097465,9.605280;9.036835;9.485464;9.605362;9.260471;9.804601;9.422770;9.445977;9.775549;9.316943;9.428037;8.828999;9.516243;9.393906;8.852433;9.073390;9.207529;9.409678;8.709055;9.437670;8.945723;9.152798;9.327260;8.935456;9.225009;9.524615;9.113613;9.427193;9.502920;9.534437,331.623102;337.189673;331.018871;331.567787;334.360102;335.472030;334.038659;333.546576;336.450393;334.882703;333.912790;335.674891;336.601064;334.457791;337.909158;335.723298;334.484407;332.293864;335.973964;335.309001;334.552623;332.101873;336.194598;337.586283;334.739010;332.044935;336.563974;335.142824;337.109619;337.055309
1.5337800112925144,9.82161263702629,348.1864503075888,1.2828549868691472,5.032456842347801,1.511039;1.598875;1.538565;1.593756;1.578172;1.564867;1.555725;1.508929;1.555428;1.532648;1.560836;1.502093;1.597470;1.568519;1.628371;1.555737;1.540961;1.593517;1.451164;1.539553;1.576520;1.572349;1.619827;1.552955;1.555527;1.579935;1.582793;1.554430;1.657210;1.537790,9.619320;9.775497;9.371647;10.513182;9.631521;9.504676;9.659284;10.301389;10.103108;9.603996;10.178805;10.613846;9.879388;9.398056;10.205947;9.333617;9.566350;9.283976;9.313829;9.590175;10.682445;9.523874;9.951389;10.643078;9.944477;9.611325;10.102980;9.581949;9.398009;10.151534,350.716135;346.408877;346.937463;346.821850;345.336328;350.044605;349.324268;348.053357;350.645700;348.276998;351.687595;346.368334;349.717982;353.437021;347.912434;349.403224;347.563808;350.405055;348.078900;345.469599;347.630046;349.586823;349.574818;345.965623;350.536359;346.048285;349.605848;349.889912;350.181880;349.178475
0.9171457961765104,10.571362859544516,362.1907599033368,1.075660965651625,2.941865933508558,0.920946;0.882278;0.859645;0.923794;0.921831;0.992192;0.968231;0.902040;0.873859;0.976700;0.923486;0.899856;0.887775;0.867485;0.946986;0.856457;0.912541;0.952022;1.014584;0.911610;0.864118;0.899216;0.920630;0.909489;0.928907;0.867931;0.896712;0.864874;0.997452;0.937575,10.331302;10.458779;10.887696;10.851844;10.105132;10.701794;10.688457;10.967134;10.472108;10.355120;10.552782;10.469337;10.936086;10.531437;10.444967;10.549614;11.002861;10.943414;10.339763;10.550228;10.998925;10.497108;10.704848;10.856874;10.338564;10.255310;10.641624;10.032011;10.070722;11.067470,364.218539;364.148286;363.975521;366.124037;359.956118;360.727581;364.202909;361.825234;361.646540;362.329195;361.466274;362.618816;361.745623;360.546708;365.002903;357.131712;359.932193;363.924525;361.625129;359.825714;364.785182;362.150535;362.068765;364.426730;359.020221;369.850351;360.422764;363.812874;361.469654;363.767393
0.8866452155434433,9.20895043620118,363.368389442677,0.9629578258789337,2.6644445508141916,0.830457;0.913062;0.886322;0.885588;0.910020;0.846829;0.840772;0.823355;0.841363;0.892199;0.892594;0.964479;0.850731;0.807858;0.892580;0.845877;0.844305;0.896732;0.858820;0.854694;0.910801;0.862101;0.936209;0.874381;0.936374;0.898119;0.901590;0.863956;0.876853;0.964364,9.160666;9.377094;9.283711;9.462302;9.584559;9.881693;9.386116;9.506191;9.451941;8.714841;9.451398;9.268244;9.012254;8.323432;9.129851;9.328858;8.998218;9.937494;9.273715;8.672852;9.928635;9.061006;9.578487;9.452414;9.301057;8.691921;9.113007;9.531868;8.806314;9.259070,367.658205;365.422770;362.609151;363.104675;364.219334;367.587865;366.581538;361.126121;366.419308;361.183023;362.778733;363.052303;364.134526;366.459351;365.035759;361.202125;359.731093;364.189929;365.843593;364.145719;364.925963;363.873251;365.926254;366.626976;359.758997;367.078189;356.473483;362.961165;363.703511;362.318558
0.9467508558813905,11.57067006171002,363.8428540179672,0.9580603943428134,2.5344156163265272,0.950909;0.999245;0.975735;0.881911;0.881209;0.943021;0.975886;0.971497;0.887864;0.943477;0.963789;0.894534;0.912461;0.934100;0.859224;0.969157;0.896801;0.976438;0.954465;0.931993;0.913982;0.994757;0.998573;0.949453;0.984805;0.926395;0.898913;0.957453;0.876863;0.910183,11.862109;11.514316;11.780836;11.420595;11.805438;11.267249;11.354327;12.035472;11.390422;11.269654;11.545375;11.588846;11.336140;11.858569;11.910105;11.713974;11.450487;11.380887;11.633940;11.768539;11.457812;11.902851;11.324063;11.335028;11.061404;11.335984;11.257635;11.386245;11.532767;11.209921,365.352858;358.605619;357.289226;365.811518;362.702907;360.453962;365.240119;366.521882;365.705750;360.903526;361.898916;366.452070;360.010998;368.442269;362.899945;358.802427;359.534035;366.058328;367.043630;360.387267;360.254410;363.080902;357.113882;363.784259;361.662291;365.814660;362.667285;367.413678;363.110183;368.512441
0.6843991223061515,10.536682535644616,337.3728576405001,1.4217275949486083,5.250549605626512,0.766277;0.721314;0.679197;0.731302;0.753232;0.639539;0.631564;0.682112;0.714626;0.748439;0.675376;0.599954;0.645277;0.684601;0.697214;0.788218;0.763111;0.649196;0.667093;0.666141;0.708376;0.761453;0.717740;0.710374;0.659979;0.699120;0.673633;0.802366;0.679172;0.649842,10.498692;11.257523;10.549957;10.776134;10.292133;10.243095;10.404000;10.173467;10.811103;11.022004;10.609497;10.688194;10.386079;10.702239;10.500531;10.387219;10.808368;10.524039;10.470472;10.474845;10.428004;10.270436;10.388159;10.746724;10.566239;10.255047;10.301983;10.721233;10.616769;10.832875,336.401210;334.824171;339.792167;339.449311;334.801980;335.667370;339.354860;335.291486;335.686391;336.064084;335.693221;340.344711;333.931305;336.015665;335.092178;336.016362;339.379813;339.156707;341.494518;341.128534;335.240580;343.245037;334.889165;338.483852;337.332959;337.796742;335.027891;340.745282;337.389715;333.047245
1.5314837631928635,10.30975595267056,335.6252875649008,1.1792692488409933,5.837327617632132,1.487959;1.544762;1.555989;1.560157;1.533654;1.597586;1.558291;1.510818;1.535735;1.533307;1.503734;1.542424;1.504056;1.489928;1.498050;1.467885;1.479780;1.542000;1.495012;1.581861;1.521725;1.540834;1.547874;1.556281;1.499773;1.618577;1.495472;1.587618;1.522769;1.515818,9.312625;9.606200;9.467759;9.960849;10.939233;10.697012;10.234299;10.148172;10.162385;9.928250;10.529320;9.966237;10.129165;9.819911;10.523551;10.503118;10.181260;10.003807;10.777750;9.977792;10.160058;10.581787;10.139436;10.023161;10.333017;10.460658;10.848141;9.910741;10.180720;9.704181,332.902834;336.143257;336.213936;331.384505;336.230653;334.345233;336.204606;340.620601;335.707128;333.432171;335.276508;335.513325;334.434915;338.343254;342.802784;337.008195;333.537319;335.107765;336.201077;339.620892;333.392608;334.716485;338.051291;333.733181;331.087392;334.698748;339.438915;330.615656;337.208106;339.272193
1.2030878431180048,9.81022124475948,355.9899008260859,1.2154636150926013,3.954419952411138,1.221335;1.183779;1.145097;1.247513;1.198857;1.186296;1.264559;1.232771;1.230536;1.174108;1.246675;1.204495;1.252134;1.192581;1.134658;1.173367;1.242359;1.171911;1.289852;1.224691;1.195754;1.240112;1.243843;1.084276;1.179434;1.172978;1.105968;1.175866;1.158413;1.202382,9.880882;10.020311;10.091963;10.121516;9.687742;9.404173;9.668114;10.318182;10.140017;9.700891;9.629569;9.943595;9.814330;9.440996;9.384014;10.470860;9.185030;10.000727;9.582178;9.537309;9.888214;9.792460;9.615549;10.108074;10.119462;9.599512;9.658609;9.623655;9.508446;9.920062,356.870908;353.056918;356.430572;352.279578;353.912558;353.273430;356.844231;356.462617;357.160901;358.214034;358.848984;359.465309;356.444919;352.870992;355.291188;361.014716;355.646280;352.432003;359.314322;360.319493;358.164850;352.266412;357.406102;352.665147;348.270715;354.615780;352.994772;356.973671;354.958547;353.820754
1.0948953711442881,10.620790606778547,339.9265929780395,1.4246640042426462,5.564074703399114,1.056843;1.112733;1.014506;1.128224;1.062201;1.092132;1.121184;1.167893;1.128785;1.094126;1.057885;1.160374;1.067576;1.129121;1.105535;1.111614;1.059488;1.146307;1.089990;1.096233;1.087057;1.114076;1.142468;1.179522;1.060171;1.112974;1.028642;1.053895;1.057829;1.050853,10.132746;10.530612;11.010305;10.889773;10.780259;10.616753;10.517202;10.395905;10.815419;10.964062;10.518141;10.757881;10.548646;10.914958;10.390201;10.650589;10.388224;10.748162;10.538035;10.862015;10.590980;10.277714;10.283741;10.906580;10.453377;10.721939;10.148732;10.319367;11.203889;11.079178,340.152161;335.805489;340.601317;339.092418;342.705366;344.010417;338.555275;339.901193;342.041634;340.797392;339.974418;335.247810;346.568017;339.410134;338.885001;342.112798;339.950454;343.242715;339.714653;335.618235;338.352512;336.339507;340.806258;338.800353;336.582669;343.178490;339.778417;339.194533;338.506134;340.096605
0.6337891029702892,10.407131934015716,347.6897883388993,1.3509087681660767,4.0928704898782735,0.684289;0.585996;0.570110;0.604368;0.639793;0.608323;0.641620;0.605356;0.612203;0.592266;0.603990;0.597882;0.653212;0.641888;0.668035;0.646508;0.645290;0.671566;0.643036;0.628125;0.624257;0.665344;0.587304;0.664826;0.645874;0.656831;0.570448;0.621763;0.641993;0.679118,10.693020;10.141310;9.890746;10.606173;10.762767;10.246926;10.030590;10.476503;9.872519;10.608238;10.245811;10.157084;10.435206;10.214880;9.879499;10.792438;10.018112;11.022333;10.243786;10.353806;10.956891;10.768026;10.260802;10.058678;10.502312;10.649343;10.334306;10.179303;11.023732;10.588506,344.675231;350.325974;347.237837;344.492109;345.602476;345.633882;343.127769;348.380023;348.123094;348.816427;348.179469;346.825063;352.309116;352.370285;348.823602;350.211126;346.196943;348.954009;347.952010;347.278510;347.672417;347.627234;341.962146;347.686269;349.802390;344.296407;349.747741;345.185954;343.056543;343.976822
0.15825032713377274,9.990855866896693,334.8618947846607,0.7194022197914294,1.396053497389454,0.141844;0.192945;0.123933;0.106271;0.118591;0.147941;0.162832;0.193562;0.150216;0.144946;0.122441;0.193474;0.251841;0.189391;0.160984;0.136582;0.131013;0.146970;0.138083;0.122342;0.128370;0.171086;0.185173;0.126849;0.165775;0.124200;0.159191;0.181847;0.122651;0.100351,9.802978;9.744184;10.334746;10.494990;10.429905;10.254465;10.292862;9.322530;10.078830;10.663523;10.100072;10.115798;9.560153;10.846737;9.727019;9.829058;9.722704;9.481686;10.303888;10.067598;9.736046;10.067992;10.709750;10.242669;10.012875;9.946706;10.423887;9.769479;10.091131;9.594248,334.039040;335.827893;335.671284;338.920315;327.710062;336.563001;337.990869;332.889671;333.299098;336.583303;339.555588;334.299542;335.936924;331.322430;332.880581;333.997332;332.604068;333.710864;332.890353;338.565907;339.024797;332.764339;337.963745;336.884644;333.932552;334.597175;338.690866;335.408454;339.521999;340.366653
0.7214989935959835,10.630007859207598,362.910210144878,0.9189758973343307,2.367447441376549,0.717171;0.769415;0.751557;0.688796;0.719652;0.717947;0.696424;0.689207;0.643934;0.747416;0.783541;0.755599;0.655103;0.693500;0.667778;0.704656;0.672635;0.773631;0.785606;0.706738;0.733515;0.657163;0.706387;0.719720;0.701265;0.724529;0.700885;0.735078;0.686813;0.691883,10.654547;10.620716;11.234310;9.866829;10.642099;10.541557;10.423941;10.798541;11.217733;10.562975;10.873179;10.380527;10.834619;10.607630;11.007098;10.528353;10.166365;10.743185;10.800499;10.825745;10.611944;11.217624;10.909364;10.595909;10.436488;11.103818;10.858682;10.869390;10.604733;10.668746,362.321050;368.723509;367.589091;366.247080;366.729073;359.993348;364.351950;359.477723;365.826317;360.518916;361.931952;359.626867;360.196295;361.526968;365.472036;362.002893;362.149581;362.180653;356.247024;366.867442;365.359831;360.165628;359.965469;363.556684;364.062879;361.311186;362.268048;365.504019;361.987150;365.130856
1.1215478351560149,10.545781998270922,357.6460411569986,1.16058257338027,3.3903628708428184,1.076055;1.124283;1.118173;1.111457;1.132884;1.121065;1.087320;1.140275;1.096298;1.107006;1.080207;1.066853;1.188262;1.078980;1.093524;1.146558;1.160563;1.143535;1.082189;1.104342;1.176110;1.143238;1.112940;1.190281;1.090206;1.110730;1.104351;1.156305;1.177875;1.102054,10.189430;10.159148;10.760725;10.107278;10.785514;10.047812;10.563971;10.432572;10.526715;10.283949;9.815873;10.830596;10.728380;10.371034;11.159528;10.546208;10.591826;10.871381;11.133227;10.387867;10.187539;10.410501;10.640899;10.761358;10.769120;10.708385;10.657724;10.625321;10.650775;10.582780,353.346617;358.407239;355.833265;355.624238;354.258142;362.195550;356.966867;357.859355;358.339513;358.520407;360.460212;360.616019;358.769809;357.132733;353.418837;356.444145;356.730310;357.696848;357.616898;352.965143;359.751489;361.238577;357.693157;354.720916;359.850207;360.620643;360.191920;354.682056;357.130843;358.703417
0.1612943180186293,8.364448603912923,346.06143023871937,0.621150274540672,1.4317237125492033,0.199241;0.181537;0.203366;0.218289;0.113733;0.209599;0.116744;0.162092;0.172526;0.107637;0.140565;0.264395;0.140408;0.129587;0.134948;0.244774;0.181641;0.146886;0.261781;0.184926;0.207857;0.197281;0.214309;0.255096;0.142151;0.144662;0.167533;0.101892;0.155151;0.201381,8.294757;8.930888;8.973343;8.527716;8.220738;8.722605;8.319477;8.037150;8.247301;7.943221;8.213808;8.440918;7.733464;8.377714;8.264804;7.891500;8.385090;8.154037;8.387560;8.275783;8.417073;8.653858;8.327974;8.156502;8.284786;8.306123;8.278203;8.211507;8.717586;8.174015,345.285043;346.446266;346.179025;345.995996;346.581249;346.830416;343.833003;345.943198;346.275279;349.847713;344.659608;344.327547;344.785759;344.286026;345.750794;347.004321;342.408483;345.488192;344.269013;346.140663;342.557699;344.489911;342.673828;341.739239;346.269221;342.577573;347.518820;344.620444;350.107830;348.072974
0.5225439203837585,11.677428463041773,334.0731768027262,1.5855099560946937,5.201824696555634,0.509947;0.533447;0.527914;0.625686;0.530172;0.537845;0.508259;0.552633;0.499440;0.517424;0.496191;0.578880;0.498605;0.567596;0.556278;0.562280;0.542985;0.515004;0.544335;0.517498;0.537400;0.485379;0.547650;0.494317;0.540839;0.526949;0.511472;0.473472;0.536899;0.495243,11.547091;11.379906;11.324767;11.790712;11.613112;11.155548;11.977954;11.481076;11.504387;11.751549;11.513808;11.401066;11.703739;11.939217;11.456767;11.928045;11.663815;11.103780;11.879452;11.882027;11.320665;11.455217;11.801062;11.538081;11.323721;11.476827;11.478247;11.258098;11.670003;12.257119,334.135675;334.870522;333.588052;333.880158;333.994429;333.550403;334.820549;332.759029;335.738054;334.852646;330.242865;335.611540;339.662423;333.377630;333.094753;335.926874;334.050848;335.682652;336.319600;334.260891;337.908627;334.422939;340.852368;337.115947;331.871905;334.047696;338.224500;328.485941;337.226084;333.768154
0.475930720158419,9.011319847295876,337.6077093426604,1.1910246478805957,3.76021091147342,0.482384;0.509388;0.586323;0.501896;0.424239;0.525999;0.449799;0.455749;0.454094;0.493177;0.518302;0.441485;0.436089;0.472598;0.432036;0.484687;0.439672;0.494417;0.446498;0.412632;0.513745;0.484679;0.421502;0.456123;0.495657;0.487711;0.497947;0.397208;0.477503;0.533524,8.691910;8.805987;8.994788;8.040570;9.502405;9.576441;8.762158;9.004900;8.698926;8.937068;8.731234;9.251373;9.186938;9.261467;9.063761;9.107349;8.548044;8.970583;8.810267;9.353548;9.038495;9.042550;9.149312;9.396340;9.215458;8.727692;9.201694;9.480045;8.962501;9.017518,339.128114;337.591500;339.872114;339.934772;339.118720;340.472481;337.365581;335.071765;340.894826;336.535289;335.366241;340.942804;344.017363;336.325916;335.143515;332.584227;336.369174;337.629950;340.635547;339.781032;333.831461;338.742891;335.780221;337.632813;340.368910;335.287371;341.507523;336.949277;341.194124;336.926026
0.9089928677201186,11.745704129769448,337.2743411841402,1.5146400046490176,6.256996247218108,0.867046;0.835164;0.885597;0.903682;0.875539;0.887396;0.951015;0.880726;0.833852;0.891105;0.914505;0.949609;0.933736;0.917505;0.886927;0.893334;0.963088;0.904631;0.885632;0.952923;0.868544;0.869261;0.871950;0.865963;0.947765;0.921110;0.863959;0.928809;0.922169;0.910281,11.082090;11.712391;12.328113;12.074514;12.155915;10.777458;11.328611;12.204210;11.572003;11.375105;11.453620;11.990498;11.655767;11.390521;11.948152;12.029268;11.458919;11.724166;11.455933;11.398696;12.102092;11.340933;11.934125;11.960191;11.943335;11.964993;11.642166;11.930898;11.634114;11.972426,337.183527;334.438973;334.053132;337.496193;338.537835;334.306499;338.331506;338.111273;334.928783;337.317249;336.643183;341.180727;340.962527;341.163513;340.161861;338.999878;337.249131;338.120008;335.917300;339.069467;344.034127;335.798524;332.989412;335.477398;338.941377;334.515847;337.057871;337.254172;333.017144;335.519886
1.1150640140942012,9.252958574997256,339.2601731121374,1.2109116661802735,4.9540390122360645,1.176880;1.114679;1.117956;1.129559;1.096941;1.079986;1.179943;1.118220;1.107879;1.079883;1.081772;1.078079;1.099934;1.159017;1.069319;1.130739;1.139618;1.131633;1.093670;1.113794;1.131798;1.124636;1.114474;1.088658;1.138849;1.135641;1.093358;1.106073;1.184302;1.175026,9.150290;8.885954;9.604814;8.916829;9.123945;9.524210;8.685358;9.083299;9.022635;9.445966;9.476744;8.151451;9.451055;9.588913;8.793361;9.152194;9.727245;10.044142;9.466766;9.004436;9.153208;9.058851;9.196386;9.174268;9.508837;9.181631;9.261079;8.810084;8.982595;9.307224,341.606926;345.143846;341.650112;340.607841;342.017113;340.082699;336.533709;339.197373;339.875193;337.499555;338.704422;341.842477;342.550594;339.655794;337.825113;339.381404;336.858527;341.457001;338.585008;341.251694;340.558998;339.486271;339.524091;339.524188;342.025810;338.672102;336.962512;335.816530;341.549095;341.467616
0.5645758164689564,10.303448076016736,360.79864015152845,0.9203513067894757,2.3280396457938974,0.566465;0.587465;0.486099;0.555838;0.593136;0.552721;0.540283;0.562989;0.584945;0.511397;0.509287;0.516461;0.597065;0.548282;0.509126;0.563645;0.561445;0.523033;0.474971;0.589366;0.598395;0.497969;0.594078;0.569014;0.564493;0.538560;0.548676;0.581579;0.560873;0.556889,10.355938;10.185621;10.499022;10.444971;9.869856;10.314776;9.954562;10.442236;10.262407;9.922115;9.695869;10.146792;10.447679;9.835986;10.065467;10.793718;9.965347;10.227963;10.746636;10.618371;10.665133;10.224113;9.845709;10.410891;11.233674;10.268766;10.652294;9.770442;9.875796;10.273522,359.834068;362.233096;362.850180;363.348227;358.879412;356.537844;354.694955;363.706019;358.496559;358.764326;362.943635;362.351308;356.309275;360.545209;365.497387;360.495379;360.174089;359.480055;365.695732;358.017041;360.311695;364.696609;355.052626;366.200593;366.220028;358.760191;360.633823;359.852568;362.284290;359.059096
0.31771790241682685,11.372083515307926,336.02520067599056,1.4378316672980842,3.8958073766993597,0.354792;0.232903;0.302747;0.299939;0.288957;0.262975;0.327167;0.325238;0.321157;0.399214;0.370765;0.365890;0.330153;0.347020;0.348823;0.270470;0.296015;0.293995;0.255402;0.323672;0.325613;0.340454;0.326902;0.373260;0.388188;0.356961;0.349740;0.381338;0.327673;0.338755,11.440092;10.932982;11.266274;11.041471;11.593505;11.687496;11.371814;11.267637;11.059869;10.899864;10.707146;11.898320;11.536377;11.433783;11.212510;10.912129;11.344969;11.652623;11.176990;11.524806;11.268910;11.817401;10.971204;11.221867;11.319312;11.777324;11.381573;11.263223;11.708992;11.333921,337.966876;338.631440;334.284658;336.858428;337.374701;335.274711;339.258160;333.068475;340.255377;337.795800;336.215966;335.579350;331.973533;339.599296;342.992951;337.870675;334.613874;337.228826;335.903336;333.867605;336.590762;340.966384;339.797807;331.500478;330.769984;339.052753;336.948955;334.209181;334.479731;335.238451
1.2391622230938781,8.43524253446582,343.7430874424555,1.1013633750394312,4.396168504195495,1.246417;1.198026;1.263924;1.259920;1.308534;1.279663;1.191280;1.137296;1.251276;1.210721;1.283468;1.207800;1.215154;1.216570;1.272136;1.230959;1.229947;1.277291;1.240210;1.210920;1.247876;1.217513;1.289749;1.238196;1.296991;1.138091;1.249208;1.197788;1.207484;1.234045,8.387089;8.541522;8.328538;8.890377;8.260338;8.129004;8.320232;9.103426;8.561288;8.503463;8.568372;9.047665;8.874297;8.090468;7.961508;8.946267;8.166591;8.478751;7.845450;8.104841;8.293634;8.390842;8.705216;8.297970;7.410880;8.762282;8.267332;8.252331;8.714577;8.484190,345.465405;347.209313;338.832605;342.940171;342.899109;344.338111;347.393598;346.546544;347.078189;341.778780;343.320912;346.507618;340.428529;347.271341;345.450265;345.556152;341.581930;342.210744;344.320334;343.479306;339.729509;343.176679;347.602239;343.451119;344.553332;344.609163;344.891385;341.948505;345.652267;342.731571
1.3002985084468757,10.047223129457509,334.1148893419614,1.186109818767552,6.4691151633102955,1.317910;1.285758;1.322713;1.315011;1.256775;1.306224;1.285095;1.216300;1.257137;1.288317;1.319642;1.345665;1.281073;1.347418;1.330328;1.289659;1.291388;1.300446;1.258494;1.326482;1.248401;1.308356;1.313461;1.278943;1.332299;1.313837;1.282654;1.290164;1.262744;1.345663,10.059266;10.269686;10.248096;10.623833;10.156895;10.158754;9.955474;9.998326;9.928472;10.184417;10.365923;9.866550;9.916537;10.255836;11.001057;10.044145;9.546609;9.778991;9.667144;10.551292;10.417828;10.112965;9.564515;9.894579;9.848577;9.682076;10.178063;10.263310;9.886960;10.358055,336.192914;332.292616;336.714485;332.958304;333.016470;333.553027;333.611195;335.151030;337.780095;333.928568;336.892309;338.592901;338.770880;333.599281;336.010453;340.206806;337.350773;339.334289;331.863540;334.564817;338.553713;336.909345;335.159542;331.599051;335.083219;334.819326;328.725106;331.400245;334.807569;334.603125
0.6963490693750505,10.811354017534548,352.3098186099865,1.205342694481543,3.308980404516179,0.662542;0.708789;0.716690;0.665762;0.684320;0.731899;0.702688;0.730137;0.631172;0.689930;0.697316;0.729270;0.634049;0.740702;0.716888;0.680197;0.633966;0.703445;0.683060;0.725357;0.680703;0.635413;0.702180;0.671138;0.703168;0.758001;0.723382;0.716625;0.778120;0.666492,11.038898;10.872812;11.296759;10.475695;10.797985;10.899834;11.010453;10.983077;10.024938;10.723945;10.879507;10.452279;11.325428;11.126160;11.217177;10.745118;10.979200;10.919847;11.070012;10.244606;11.263123;11.346890;10.889501;10.615175;11.011096;10.605407;10.797127;10.858205;10.517530;11.078725,354.199310;349.126445;356.420624;349.064193;353.188700;351.672847;348.935282;348.824033;351.186222;353.486640;352.954079;352.317130;352.585514;356.592215;351.930149;349.117969;355.443696;352.448563;350.264403;347.175190;353.714448;356.568416;348.337766;350.622920;354.060092;353.522695;351.552317;352.888516;351.022205;351.947299
0.23956000370876995,8.175835219581103,336.6394481003116,0.9682529159527128,2.817023348250324,0.250415;0.261236;0.197839;0.322480;0.187486;0.257341;0.298196;0.170315;0.279109;0.192652;0.152117;0.213050;0.225427;0.229505;0.270696;0.198572;0.187491;0.247866;0.158548;0.193777;0.246272;0.243602;0.263007;0.287792;0.254712;0.261221;0.203378;0.246179;0.201595;0.324656,8.145587;8.134067;7.774943;8.441159;8.225471;8.134370;8.480311;8.366972;7.971954;7.698909;8.320542;8.597733;8.027441;8.305489;8.245845;7.686426;8.234083;7.779224;8.540561;8.117249;8.395441;8.495458;7.769335;8.231007;8.763066;8.650754;8.479105;8.001452;8.184899;8.038195,335.343041;340.553160;338.314478;334.688592;332.024641;337.432892;337.406141;336.038370;341.523515;337.475382;333.955503;332.108918;334.633334;334.370310;337.389165;339.265407;336.929996;336.644376;336.037152;339.445252;340.445130;338.982551;339.814984;338.498451;332.806515;336.779151;333.024776;333.374124;341.662508;333.610810
0.8698961481580731,8.81479572941478,330.4625388316247,1.1037293302697249,5.212250405242598,0.875227;0.843977;0.871796;0.873268;0.854416;0.859981;0.828643;0.827047;0.831996;0.884370;0.875128;0.884211;0.816586;0.859317;0.930329;0.858978;0.905318;0.967099;0.844922;0.929077;0.810456;0.894238;0.950458;0.859671;0.888250;0.908691;0.867964;0.957811;0.861148;0.879584,9.227538;9.141864;8.578286;8.630389;8.942302;8.782015;8.554730;8.579611;8.765015;8.729705;9.188187;9.303978;8.795233;9.077980;9.147313;9.011322;8.890838;9.263981;8.813670;8.458766;8.787156;8.342785;8.471561;8.950757;8.314236;9.458069;8.626294;9.074043;8.985848;8.433826,330.448473;331.256196;335.004122;331.297801;328.911957;327.618268;331.099049;328.444800;332.512540;330.092991;330.605244;331.229776;326.620533;333.383207;327.465612;334.835566;328.904244;332.417369;330.944161;327.283242;329.526416;331.828917;328.349935;325.534103;332.099640;330.285933;329.898197;332.553682;327.558021;329.370726
0.913108059585145,10.783791232880304,352.22753979271636,1.2719254171284018,3.8648857647970907,0.913609;0.925663;0.875359;0.869979;0.855096;0.892295;0.908293;0.880582;0.883224;0.933297;0.946019;0.859078;0.880245;0.821548;0.906825;0.914103;1.010227;0.915113;0.908823;0.920010;0.928449;0.931920;0.979339;0.930560;0.866283;0.893938;0.922195;0.923948;0.924440;0.954604,10.868859;10.808320;10.618760;11.196142;11.316294;11.297805;10.930554;10.646130;10.847354;11.135706;10.604420;10.456997;10.844399;11.234775;10.611139;10.964416;11.069481;10.991971;10.871314;10.762342;10.872528;10.723334;10.825616;11.419449;10.727338;11.146006;10.766008;10.748498;10.744460;10.641183,354.883364;351.623951;351.079535;349.203471;352.314839;354.540819;352.879769;357.399767;352.628034;352.536252;356.100467;354.613280;349.866801;354.934079;348.692197;355.508167;348.926445;355.882475;348.982628;353.613698;351.180821;350.611941;349.365571;352.141455;353.650874;350.324124;352.597076;353.307640;350.225265;351.896802
0.7582881926518314,10.073553112767971,363.2912238741258,0.9208120935775334,2.3917000245840168,0.727201;0.784155;0.806809;0.788185;0.820473;0.679290;0.688983;0.821005;0.756024;0.788239;0.758714;0.745184;0.736258;0.774310;0.759102;0.788012;0.795276;0.715567;0.785494;0.765374;0.777004;0.782220;0.769339;0.768970;0.712421;0.834275;0.842530;0.785701;0.749385;0.697654,10.022235;9.734623;10.120526;9.795636;10.424117;10.355088;10.545857;10.449794;9.758692;10.107717;9.685670;10.443497;10.160739;10.695385;9.902597;10.267937;9.783597;9.850977;10.009548;9.953819;10.222360;10.316623;10.606470;10.065110;10.140872;10.091739;10.767834;10.134124;9.802620;10.214833,366.322216;362.143226;364.493162;363.058134;368.587896;367.560835;365.179060;359.627422;368.156562;361.858733;361.842953;364.241681;361.194283;361.591806;362.944435;359.945626;357.640384;364.192471;362.619984;361.343394;362.516727;361.554611;365.552952;363.661160;367.408677;363.245648;362.942876;366.670619;355.725722;361.828505
0.9367589847536791,10.083047679445086,364.291049047606,1.0189472738924525,2.828535617796456,0.942524;0.866355;0.919786;0.963603;0.987338;0.980054;0.924603;0.974128;0.841354;0.901882;0.969695;0.914515;0.916139;0.918224;0.861799;0.949791;0.949317;0.949414;0.973421;0.929766;0.902834;0.874345;0.992573;0.915265;0.873333;0.962970;0.933818;0.936654;0.923298;0.939225,10.358253;10.203570;9.839759;10.016389;9.968342;10.125540;9.802652;10.122094;9.896742;10.090928;9.755137;10.169608;10.023610;9.792448;10.012483;10.780310;9.784784;10.677573;9.730971;10.268889;9.993738;9.923721;10.333995;9.307540;9.836101;9.894115;9.855865;9.718251;10.447699;9.597255,367.521220;365.350644;361.688523;363.316894;361.314288;362.974926;364.774361;365.614144;359.827675;364.929819;362.126776;363.155265;362.687056;364.763280;364.105568;364.184826;361.205158;364.794784;363.152874;364.678070;368.720042;363.662472;364.667944;363.763930;369.799406;364.036035;364.034725;364.485595;362.833664;360.974218
1.5633810903592447,8.120413178306874,361.8880368285428,0.8905532919301531,2.6602386600998758,1.528689;1.515032;1.573819;1.655599;1.616804;1.578002;1.569659;1.584278;1.539698;1.498449;1.490071;1.580421;1.559817;1.558013;1.547813;1.486723;1.559495;1.605074;1.540707;1.481605;1.520828;1.515974;1.567986;1.537825;1.532698;1.569624;1.544898;1.583924;1.608593;1.477651,8.436992;8.709235;7.731252;7.223011;8.198458;7.989426;8.023154;7.942098;8.403812;7.693302;7.967064;8.040408;8.486166;7.911529;8.213511;8.179830;8.033836;7.595133;8.081642;8.204160;8.123399;7.679843;8.785835;7.812679;8.267728;8.394880;8.113153;8.568319;8.006537;7.790108,367.550672;365.851760;363.194518;362.709589;360.280440;362.028259;358.611232;363.902482;361.245668;358.954509;359.909790;363.601292;362.089178;361.053522;364.749233;366.092454;361.140803;361.388838;360.181511;357.699193;364.230714;361.825018;367.069513;362.132097;365.120567;363.592510;361.774635;359.856769;361.657188;367.363376
0.8932216579000499,8.705928787135417,347.85325601838764,1.1481600777876508,3.607717266914783,0.960978;0.883611;0.969101;0.807398;0.915752;0.858627;0.862326;0.843644;0.955092;0.846934;0.894857;0.882481;0.837841;0.860250;0.832577;0.859995;0.824076;0.887518;0.928408;0.892620;0.852289;0.816006;0.909548;0.889811;0.921329;0.849471;0.835014;0.911000;0.920820;0.862502,9.237655;9.071896;9.306027;9.220323;8.782494;8.995196;8.735384;8.659504;8.344685;8.509639;8.706907;8.776311;8.941232;8.990438;8.848651;8.435499;8.921439;8.658329;8.932963;8.763731;8.564146;8.431675;8.726387;8.034209;8.906042;8.287181;9.320286;8.953045;8.726208;8.944682,351.234390;352.079314;352.574739;345.069255;352.763601;347.989817;344.309327;350.770792;351.244614;347.813239;349.543182;346.303548;345.306150;348.949336;344.949218;345.944921;348.832781;345.749187;345.982382;347.957179;347.943624;346.287558;352.409105;347.817110;344.429127;347.012896;343.880691;348.671565;344.503474;347.178396
1.0329280324875691,10.817551878123663,337.8378333277843,1.4225871486396382,5.624730073473813,1.028375;1.011809;1.041185;1.002907;1.044152;1.052078;1.009638;1.072171;1.000620;1.074783;1.058791;1.113311;1.037034;1.042727;1.001847;0.932223;1.060932;0.993286;1.052730;1.025412;1.047032;1.018004;1.051393;0.959599;1.024620;1.060626;1.000939;1.020918;1.039911;1.017006,10.466102;11.270820;10.611236;11.353920;11.174821;10.685374;11.108224;10.220415;10.920556;10.587162;10.756745;11.070014;10.886416;10.940024;10.435716;11.288491;10.822078;10.511896;11.524013;10.840113;10.496632;10.809692;10.918740;10.279681;10.990876;10.969387;10.697194;11.015513;10.983011;11.130656,336.315500;336.040247;337.320763;339.052783;335.834079;337.620498;342.376288;336.134754;337.365717;341.017096;338.635623;334.286104;335.194244;337.956576;338.625805;338.553667;338.702654;338.091533;331.703364;338.649717;337.474876;335.097495;339.135097;337.663224;339.130863;340.518330;339.967280;333.599936;337.729490;339.271327
0.6699551508904735,11.631671543577138,339.52835491753444,1.5407256299087533,5.73532314362984,0.683862;0.641224;0.656261;0.686356;0.711109;0.662104;0.653196;0.626909;0.649183;0.674610;0.667386;0.717458;0.668195;0.619060;0.717332;0.686994;0.682225;0.592024;0.614546;0.677609;0.681331;0.669619;0.661586;0.658001;0.660378;0.700437;0.720344;0.632573;0.706900;0.777943,11.872114;11.450465;10.995168;11.450308;11.250688;11.667830;11.905217;11.398084;11.897516;10.743795;12.056058;11.201289;11.767507;11.274899;11.173142;12.017972;11.541991;11.291896;11.455917;11.858475;11.633363;11.577386;11.267562;11.189449;11.467478;11.742317;12.302952;11.384700;11.934546;12.054130,338.337230;337.720940;335.249708;337.673691;338.657730;338.202165;341.118329;338.780908;336.122984;342.292653;341.980029;336.962538;341.101924;347.051392;341.342693;338.971448;340.622038;337.057324;337.821344;343.025650;332.700868;338.238853;341.262882;337.040533;339.632480;340.219707;343.709418;341.415825;338.653695;335.791667
0.9485450250216155,10.224335677743277,364.4222138904572,0.9096298529028908,2.4291205475550766,0.942807;0.971118;1.032454;0.882903;0.930838;0.981726;0.992575;1.008095;0.969186;0.925587;0.892586;0.879710;0.906325;1.007205;0.871035;0.970193;1.007667;0.901506;0.951799;0.916835;0.973952;0.886366;0.969899;0.915133;0.912894;0.930189;0.949710;0.998459;0.930489;0.925716,9.997780;10.239858;9.502102;10.009310;10.063174;10.651187;10.127260;10.188651;10.227337;10.200964;10.271778;10.143312;10.336425;10.447305;11.025643;10.028943;10.122048;10.320746;10.009273;10.093640;10.583746;10.424823;10.298526;10.416243;10.533522;10.475918;10.167142;10.391230;10.430941;9.889534,361.703268;365.382543;366.052056;362.156606;367.213045;362.534335;358.285334;363.930431;368.286489;362.142338;361.070593;365.690996;366.757384;365.503918;367.564372;369.016729;368.663919;366.310607;362.424796;363.559481;365.001256;368.474635;361.718838;362.078148;364.798433;362.292029;365.878280;364.320353;361.941542;366.443457
0.6193449701670314,11.64012910711736,345.0176405143471,1.3935554267456571,4.116532374595892,0.651578;0.594824;0.543332;0.579077;0.602365;0.680100;0.576872;0.557199;0.609171;0.570259;0.591558;0.615460;0.587226;0.634479;0.528630;0.626827;0.578124;0.623950;0.680940;0.648089;0.612297;0.582814;0.596611;0.595011;0.631635;0.638636;0.572126;0.698610;0.541867;0.640940,12.167654;12.362648;11.782017;11.585366;11.743971;11.941289;11.312170;11.588528;11.473049;11.809518;11.467032;11.490347;11.507201;10.985953;11.649529;11.688395;11.751270;11.727414;11.892566;11.888128;11.563660;11.262193;11.993025;11.476334;11.515167;11.660048;11.376177;11.773625;12.300626;11.462766,342.033423;345.034914;348.007729;345.446916;348.842431;347.503255;348.187525;342.635207;344.819318;347.943448;342.761291;345.242191;348.465504;347.345931;346.947459;344.367828;345.487061;344.666456;345.680468;351.319469;344.107932;344.304371;341.206440;341.953180;342.151211;342.853376;342.452982;346.246786;345.043611;344.377206
0.17569351553779078,11.575258464508915,362.2800268390922,0.5391952941014733,1.2098318655003122,0.179963;0.244929;0.141976;0.160498;0.274340;0.193389;0.115206;0.230045;0.158056;0.222790;0.254541;0.200369;0.132428;0.101457;0.165502;0.183412;0.194368;0.195315;0.210058;0.187332;0.132887;0.176729;0.225513;0.217596;0.196475;0.189010;0.169171;0.138979;0.208793;0.201062,11.295382;11.546355;11.334864;11.866983;11.909963;11.306190;11.313597;11.111931;11.449321;12.390825;11.445365;11.505660;11.869460;10.577742;11.860202;11.911740;11.269186;11.299630;11.412457;12.249461;11.686335;11.503510;11.816738;11.407107;11.962920;12.148154;11.932019;11.477290;10.983450;11.179951,360.496178;362.471880;364.612419;362.259412;360.567070;358.023877;361.836742;362.279515;362.192301;363.023450;363.157803;365.786000;363.419498;359.803514;361.736520;363.223907;366.149251;362.129486;360.321435;362.997692;360.311599;365.512935;362.479076;364.802874;359.617798;357.459389;360.015917;363.127215;360.681472;358.765751
1.377268760851671,10.641773556271678,336.3935940679606,1.2319805054964035,6.544536690094031,1.362880;1.341442;1.381641;1.427195;1.349517;1.368851;1.411883;1.380853;1.410452;1.393094;1.391235;1.274371;1.384132;1.358361;1.364988;1.381256;1.377289;1.339580;1.373455;1.358876;1.457900;1.374268;1.321951;1.372928;1.387980;1.333620;1.386965;1.389103;1.331616;1.493956,10.156252;10.788166;10.511631;11.139350;10.225111;10.381235;11.193565;11.055469;10.246176;11.118743;10.616980;10.053614;10.844102;10.621985;10.528885;10.284507;10.284404;10.355001;10.977117;10.421334;10.064189;10.553360;10.467724;10.494855;10.742828;11.385599;10.909922;10.720308;10.699636;10.687623,340.594235;337.859877;336.849788;337.165643;336.680774;336.481607;335.542457;338.409914;338.136254;335.199643;335.711730;336.170780;337.589279;337.022144;336.149806;336.540247;335.927265;339.404605;335.846935;339.026512;330.497065;340.779489;332.111039;335.487756;336.705121;334.656576;335.306683;332.204943;332.194732;338.085656
0.31222933963756777,10.98337108844668,362.9160710318584,0.6431179466983298,1.4958325303399418,0.327640;0.306513;0.305879;0.321959;0.350916;0.330302;0.352542;0.320365;0.296885;0.318513;0.330656;0.307440;0.267525;0.245201;0.319404;0.384667;0.357348;0.309209;0.329928;0.358068;0.263234;0.330727;0.284008;0.319488;0.273378;0.302407;0.363441;0.334942;0.292083;0.297386,11.071451;11.220820;10.671826;11.001883;11.107212;11.088605;11.097551;11.208785;10.947578;11.283899;10.462063;11.358738;10.998622;11.037421;10.507397;10.670268;10.292110;10.591617;10.865743;10.415625;11.068936;11.091612;10.817884;11.204022;11.234225;10.762617;11.496741;10.842844;10.707125;11.181314,364.731666;364.219088;361.628950;359.661754;365.786317;366.084492;361.397021;363.431160;360.688998;365.838753;365.002668;362.228628;362.612319;355.953995;367.669945;366.115947;356.294659;361.395158;361.439897;363.829597;365.312176;363.133277;361.804308;364.071975;366.376896;364.314032;362.240725;365.888148;363.394436;361.633670
1.1837470087619548,11.319322263525656,361.97218724366195,1.160702177463838,3.320659509935137,1.169293;1.211089;1.250378;1.145816;1.189717;1.122172;1.191957;1.170916;1.148037;1.184983;1.223778;1.157866;1.187819;1.165823;1.191698;1.128003;1.189196;1.136898;1.242554;1.191813;1.184832;1.121448;1.141051;1.277511;1.165499;1.219072;1.159639;1.268120;1.158556;1.162519,11.362151;12.064327;10.775212;11.021913;11.059749;11.975774;11.737053;11.163917;11.685596;11.373997;11.314909;11.446671;10.872526;11.620688;10.870847;10.962145;11.326054;11.139268;11.486519;11.174632;11.554823;11.411377;11.138811;11.389131;11.712049;10.836612;11.319552;11.174511;11.122189;11.289644,365.389643;364.940403;363.303870;363.402559;359.651107;359.877052;364.861916;359.108757;362.748662;359.871591;359.219709;362.067590;358.859768;355.466493;357.210581;364.844435;363.221156;362.531001;364.080562;361.882715;366.513676;361.169852;360.736275;364.424629;365.910209;365.162745;362.553199;356.906378;367.647439;364.292214
0.4933690827637255,10.543093635748406,350.12473509323496,1.139549608099351,2.9848351628914886,0.494236;0.448674;0.533195;0.509392;0.394526;0.420493;0.475162;0.459771;0.476160;0.497538;0.475011;0.491247;0.508614;0.490989;0.486992;0.485508;0.476650;0.537347;0.541521;0.498408;0.459026;0.540537;0.538922;0.441835;0.475680;0.540973;0.585494;0.509651;0.495726;0.483417,10.551511;10.296819;10.171264;10.984678;10.314258;10.325472;11.011206;10.653283;10.596246;10.519977;10.765049;10.607170;10.258994;10.708906;11.086736;10.210985;10.766973;10.306407;10.599479;10.576400;10.929672;10.877554;10.975812;10.579477;10.734687;11.044090;10.162512;10.577790;10.588692;10.359988,348.006382;350.643686;354.307868;350.462263;354.616825;349.973937;349.990714;348.570297;350.532683;346.597867;350.217520;353.305849;349.335283;344.954025;348.000659;350.142675;350.197260;348.818446;350.361090;347.985655;352.474644;349.191623;350.942938;351.842620;347.967330;349.399355;348.774878;345.562551;350.342896;348.413415
0.8559883173017726,10.880006385736582,337.6716534883222,1.3847505688112878,5.169219158505634,0.811376;0.797893;0.845736;0.902519;0.910775;0.810439;0.857615;0.826517;0.880710;0.847220;0.796900;0.828576;0.910134;0.815336;0.838180;0.842964;0.809824;0.818300;0.857556;0.876763;0.906588;0.870538;0.878186;0.799614;0.928504;0.899013;0.829870;0.770941;0.782471;0.855147,11.432777;11.041105;10.834120;11.755904;10.803137;10.514639;10.663634;10.787394;11.058394;10.640007;11.051382;11.021970;10.524852;10.867808;10.897405;10.574421;10.658877;10.493076;10.812899;11.342576;10.171436;11.240870;10.963058;10.548950;11.325269;11.065107;10.709879;10.820837;10.637231;10.463778,338.592575;332.704800;337.350436;336.548854;336.490473;340.712924;336.710704;339.628997;340.825623;336.818602;332.589986;337.483339;335.282885;338.399311;340.736436;339.600590;336.396231;334.758518;338.062004;336.259864;336.368615;340.154232;336.197284;342.101936;338.987109;339.675631;337.439458;342.702260;336.768519;338.684188
0.1547851900361396,9.258870539744116,361.7177804191224,0.29787458997065513,0.6565392844760323,0.189744;0.173792;0.174900;0.131466;0.143879;0.207580;0.180752;0.177569;0.158995;0.202839;0.155703;0.190213;0.110171;0.114813;0.080362;0.199307;0.108927;0.163976;0.235119;0.207590;0.065028;0.070784;0.182048;0.158733;0.228038;0.174437;0.112699;0.181392;0.222678;0.120163,9.653020;9.350842;8.860501;9.352347;8.710151;8.894525;9.556281;9.796456;9.144131;9.544488;10.128079;8.930251;8.693725;8.677734;9.352187;8.801427;9.286058;9.263455;9.537658;9.569163;9.461557;9.712243;9.241298;8.643757;9.836545;9.647188;9.476648;8.909785;9.085125;9.609077,360.585021;358.904478;362.623794;363.643451;361.247184;358.866070;365.983689;370.522991;359.375155;362.164336;359.393783;363.632774;363.496477;361.315082;361.575089;364.551545;364.748352;366.906040;360.400073;358.155503;360.658089;362.747827;361.712565;363.277054;361.586301;357.562931;362.320196;362.885094;365.292395;362.900876
0.4166288117970933,9.497085838084253,344.70087739877965,1.0542476297082086,2.794236483169694,0.410719;0.432366;0.379817;0.441182;0.495889;0.346767;0.429721;0.498756;0.407000;0.408737;0.412464;0.401397;0.483334;0.423500;0.422758;0.400036;0.368871;0.471563;0.422446;0.465077;0.448703;0.434981;0.435018;0.419693;0.448377;0.428971;0.466643;0.394610;0.403333;0.431681,9.451491;9.407911;9.671803;10.006180;9.689991;8.965111;9.429012;9.284158;10.084533;8.876535;9.569759;9.281083;9.386903;9.040375;9.081872;9.414957;10.105869;9.917443;8.431871;8.993981;10.000034;9.446257;9.538536;9.413821;9.037591;9.362180;9.144504;10.218271;9.566529;9.111777,348.132444;346.876428;343.830399;345.416318;349.285373;350.404494;343.666911;349.953045;345.607159;343.753322;343.652673;346.283075;341.166318;342.926111;346.526706;344.737654;345.044840;346.617028;344.631666;347.759430;341.405214;343.550269;344.320705;344.415337;343.091845;339.723554;348.313398;345.819230;348.127077;344.628619
1.143474363435138,11.929874298687528,335.42040344975,1.3830321933721013,7.077192910682417,1.225252;1.328660;1.153028;1.147027;1.150215;1.051472;1.141536;1.068204;1.067809;1.205859;1.162566;1.157270;1.177545;1.112378;1.201471;1.153318;1.117624;1.144876;1.177569;1.214401;1.143542;1.196791;1.201958;1.163207;1.093415;1.178524;1.119672;1.168302;1.156077;1.183540,11.746642;11.741364;11.472455;12.179157;11.935575;12.559502;12.177008;12.036895;12.502751;12.109990;11.919130;11.862016;11.667915;12.077063;11.801001;12.236673;12.159375;11.355964;11.714179;11.885183;12.417451;11.663309;12.216375;11.772964;11.998711;12.008177;12.022092;12.010568;12.038859;11.744242,335.816423;336.736427;333.467616;335.885933;336.163499;337.120390;329.829069;335.592933;333.349824;336.574672;335.245709;332.814147;334.437596;335.473924;337.706639;336.816520;337.889408;335.147845;333.402958;331.164423;331.740266;335.542585;335.281572;332.614608;334.037568;335.746646;330.867046;336.665611;338.839881;334.026421
0.9245545118995895,10.217520162814196,336.4040699020229,1.3297425069275215,5.1092044775437415,0.940100;0.927946;0.936334;0.961715;0.866973;0.960023;0.864437;0.893447;0.950529;0.970507;0.908051;0.941593;0.939466;0.938697;0.932356;0.865807;0.915770;0.938428;0.852540;0.849081;0.974325;0.901597;0.877258;0.950797;0.867189;0.927900;0.957122;0.953312;0.966341;0.969719,10.100651;9.951825;10.043215;10.213644;10.211821;9.935671;10.502623;10.249115;10.421288;10.226769;9.821757;10.219630;10.403978;9.885328;10.565475;10.661110;9.673524;9.907710;10.087634;9.975767;10.392263;11.057827;9.860773;9.260970;9.979060;9.896997;10.008978;10.892753;9.897812;10.228008,335.175213;333.209012;339.621689;333.942993;332.591646;339.314840;337.760063;337.764777;336.191923;337.954387;338.675850;335.556011;335.982497;337.075278;338.062987;337.222753;334.130689;337.946649;335.479896;335.957758;334.446956;335.087341;331.406151;334.634671;339.905193;336.503731;339.616557;336.462645;338.412285;339.442655
1.5692190590695607,10.393178719064709,350.1962658413653,1.2939631741934807,4.64230213498918,1.612579;1.583413;1.543755;1.558943;1.694884;1.622836;1.508307;1.637955;1.584222;1.599977;1.570079;1.569829;1.597859;1.582450;1.510321;1.675977;1.598173;1.523919;1.561937;1.538721;1.515342;1.599901;1.623266;1.574189;1.659736;1.577652;1.490679;1.592773;1.605477;1.522067,10.598944;10.223724;10.807233;10.206954;10.634576;10.307777;10.401244;10.493786;10.111516;10.437732;10.320967;10.225047;10.448175;10.335915;9.840273;9.632495;10.472754;11.024877;10.480387;10.203398;10.269838;10.702340;10.011574;10.453741;10.735618;10.259635;10.180911;10.424807;10.220094;10.480086,348.440728;346.189002;352.370139;351.513994;347.683958;350.547217;351.034097;348.558202;348.344043;351.292335;353.174040;350.335277;352.645235;350.967482;351.493560;351.304233;350.390289;349.339333;347.440915;351.621264;351.350624;346.479647;348.217607;348.771494;352.429327;346.625535;351.788109;355.743294;347.734871;353.081237
0.4089044206987673,11.882492170613526,332.2835388866028,1.608349601484211,4.465533154985547,0.458883;0.395514;0.397677;0.369632;0.417939;0.417038;0.380704;0.368902;0.396468;0.435861;0.440052;0.459532;0.350564;0.411688;0.390800;0.391253;0.396231;0.468088;0.416129;0.381284;0.465765;0.446821;0.437511;0.374146;0.450967;0.340681;0.387952;0.349467;0.479588;0.356052,11.645677;12.093573;11.461252;12.058272;11.673530;11.950521;11.710320;12.458627;12.758429;11.555431;10.700962;11.669968;11.357518;11.408083;11.258964;11.964855;11.853073;11.914065;12.146980;12.262073;12.169569;11.852925;12.245902;11.793977;12.070929;12.002301;12.269807;11.629688;11.941555;12.088440,330.359614;332.433896;331.320698;329.726676;331.289149;335.703437;335.462187;332.237776;331.354008;331.753830;330.004919;333.524214;329.968258;329.672623;332.792886;330.679618;332.423925;331.927686;329.985252;331.438821;333.531585;330.292701;332.379685;334.307098;333.578885;331.729975;330.713815;331.334670;331.283063;333.373495
0.17979456627998772,9.251169625127432,333.4275083338914,1.0145314275994577,2.287191109071384,0.168616;0.232891;0.184700;0.245270;0.249948;0.241949;0.213921;0.236381;0.137916;0.148090;0.291618;0.110236;0.215700;0.188231;0.184082;0.152002;0.149158;0.196403;0.218538;0.119661;0.215067;0.118489;0.229149;0.248864;0.219497;0.186129;0.256381;0.157890;0.198210;0.137716,9.429984;8.732062;8.812740;9.160677;9.313581;9.833604;9.634584;9.625874;9.164617;9.812960;9.625741;9.393517;9.471158;9.341005;8.986977;9.470649;9.182539;8.836447;8.923508;8.970642;9.635516;9.240646;9.636464;9.498124;9.030321;9.425663;9.337011;9.062743;8.690500;8.863099,330.270557;331.548709;328.619374;333.406958;327.998474;335.142380;334.256969;333.139754;336.165672;334.460540;333.583592;332.410170;326.565901;331.880426;333.265578;332.001590;336.006834;336.185622;334.378707;330.873061;336.979864;329.889567;328.798322;330.391036;330.994784;334.120025;331.188026;333.652921;334.100119;330.888012
1.4558435080676102,10.149358188269593,332.6410677520937,1.1629690448557153,6.644268294425243,1.499686;1.465992;1.495175;1.486256;1.398946;1.441839;1.475712;1.507784;1.364778;1.389204;1.449564;1.460521;1.500857;1.433517;1.432509;1.407280;1.424309;1.445778;1.491163;1.437756;1.507981;1.435557;1.431177;1.407103;1.399014;1.415750;1.418136;1.496830;1.391678;1.477614,9.866337;10.318623;9.861504;10.062366;10.583056;10.704965;10.111721;10.172777;9.680712;10.820436;10.626450;9.699204;10.135872;10.046421;10.139014;10.484571;10.503618;10.624471;9.597582;9.571552;10.206010;10.163694;10.235110;10.222281;10.008198;10.115405;10.395046;10.476497;10.658726;10.385175,335.435578;333.114849;334.464018;331.983316;335.885219;329.960714;328.284397;332.064647;335.353455;329.927288;330.953616;327.817299;335.866336;332.287349;333.334764;327.648295;328.086376;330.090119;336.002243;329.295203;329.935343;330.741204;328.791060;330.260798;338.057505;335.427173;334.334378;330.701030;332.604116;335.223071
1.319092243127121,9.341277085582494,347.25095333134044,1.212108741656549,4.600504672103711,1.286001;1.295075;1.371977;1.238192;1.322836;1.255734;1.291418;1.324083;1.301037;1.321528;1.297444;1.349676;1.351285;1.284602;1.319666;1.302752;1.302456;1.288147;1.329410;1.336858;1.349617;1.427923;1.339976;1.297970;1.323981;1.351333;1.374673;1.262034;1.374698;1.325958,9.356888;9.189504;9.507533;8.993402;9.137054;8.969508;9.170784;9.567006;8.949317;8.839803;9.556392;9.232660;9.116352;9.493785;8.728969;9.883863;8.885490;9.640990;9.148479;9.836285;9.424348;9.546281;9.230372;8.769722;9.403719;9.608028;9.322408;9.055047;9.373222;9.315649,347.511636;349.581044;343.686773;345.562934;348.595674;348.200518;351.233237;345.758081;346.221953;347.192545;347.062245;347.964673;346.949991;343.758450;346.704651;348.789610;343.560678;348.508594;346.591540;349.996584;348.214164;347.623727;346.725671;347.105027;342.970649;347.282271;349.536803;350.971180;345.834860;346.873067
1.472156480784228,11.889983192231258,354.86040761787723,1.369018382016252,4.652242664559245,1.495316;1.464755;1.550522;1.496258;1.420114;1.479113;1.483621;1.518190;1.464239;1.485637;1.460047;1.443091;1.481833;1.519097;1.475404;1.483782;1.567288;1.444897;1.480208;1.511655;1.459235;1.468522;1.456344;1.430444;1.518365;1.498739;1.497243;1.531815;1.437144;1.421334,11.963138;12.298928;12.043714;11.646665;12.137058;11.495144;11.869007;11.960427;11.947966;11.794435;12.005212;11.853483;11.601324;12.251730;11.854965;11.935012;11.788575;11.837834;11.412411;11.726059;12.262107;12.105789;12.363185;12.017722;11.880281;11.852806;11.928503;12.201092;12.045664;11.390497,354.981520;356.946657;356.528074;358.258480;354.470198;350.457733;351.982968;355.243673;356.319136;352.994848;357.594946;351.406394;357.349945;358.429223;359.349043;348.378263;354.363683;355.696611;356.407459;355.102272;360.110850;353.921354;355.834870;354.601953;356.061656;355.289463;358.401610;354.539823;355.576444;354.448618
1.0631848156912875,11.539674910838048,349.64233180948656,1.4665774100268836,5.009163000747747,1.054198;1.089213;1.113950;1.023801;1.025074;1.167865;1.061515;1.067191;1.058724;1.093051;1.056612;1.132729;1.071448;1.086547;0.985299;1.046953;1.050004;1.012005;1.024317;1.053648;1.061971;0.978398;1.055152;1.115050;0.995588;1.030534;1.054112;1.056826;1.054269;1.038957,11.571242;11.198819;11.747338;11.522704;11.689657;11.521212;11.483037;11.238897;11.775308;11.449000;11.859759;11.430458;11.463000;11.681207;11.830289;11.331296;10.952539;11.166143;11.619692;11.229000;11.763141;11.513294;12.234086;12.280708;11.514348;11.453785;11.508018;11.294143;11.532188;11.978518,346.634960;346.890067;349.392382;346.999471;353.405190;350.581817;350.681539;349.387791;350.225104;349.438536;353.821821;352.600843;349.131304;345.261080;349.752211;349.878133;352.123270;348.664241;350.919049;351.829714;353.411555;352.795689;346.950412;348.069119;345.494901;353.116867;350.633665;345.186010;348.962168;346.948406
0.2801167302924127,11.92320670613359,351.18798781988164,0.9990547016636222,2.3466969391834427,0.248793;0.298893;0.250235;0.270797;0.339331;0.359559;0.364621;0.302036;0.327383;0.317060;0.223951;0.317685;0.267558;0.323630;0.330785;0.321602;0.240471;0.323004;0.311203;0.297184;0.260830;0.310934;0.246806;0.264232;0.276034;0.289743;0.301602;0.313166;0.286180;0.261359,12.363912;11.703806;11.762549;12.137205;12.175340;11.976744;12.178828;12.055985;12.222550;12.335399;11.991040;12.268660;11.818425;12.498367;11.328009;11.638353;11.839389;11.864271;11.705287;11.524373;12.206963;12.368002;12.090109;12.254360;12.055403;11.875175;11.910754;12.558594;11.848758;12.340615,347.587110;346.330510;349.547223;349.780114;357.213932;355.118776;352.976473;350.827252;347.711952;353.215919;348.376733;345.909700;347.521649;357.895098;351.804488;349.965778;350.384085;354.097761;352.348039;353.050257;348.494159;349.730144;350.986127;348.770582;356.040934;347.583622;352.969025;346.052873;352.983659;347.805310
0.5599222622774531,8.776642611943432,340.8362098872106,1.1409357894545167,3.0898885106279197,0.590466;0.499483;0.545520;0.554573;0.580652;0.477844;0.550060;0.596554;0.547081;0.562926;0.542512;0.569832;0.521827;0.523907;0.542431;0.622819;0.575398;0.599501;0.557774;0.565817;0.571663;0.651858;0.561073;0.543016;0.514988;0.540910;0.522785;0.647398;0.579049;0.457203,8.836418;8.768418;8.463961;8.437976;8.668761;9.285620;8.809471;8.404378;8.349068;9.335681;8.343913;8.571862;8.371316;8.265358;8.209541;8.730463;8.913854;8.829816;8.439194;9.087885;8.558287;8.149059;8.836230;8.873590;8.301935;8.459332;8.562574;8.351020;8.873765;8.557895,339.777216;341.768614;341.819592;343.826207;337.743953;339.803509;344.662271;339.804729;340.972833;340.339874;337.353372;343.473581;339.278686;337.829281;343.725854;339.107661;342.350332;337.128275;342.734015;344.217375;340.945245;344.290859;345.863224;342.540521;340.233925;339.082931;336.382005;344.542319;339.459730;339.905340
0.6494712679108567,10.302494696404002,346.7339983587686,1.296585225433233,3.897758149261588,0.627893;0.630282;0.715681;0.647324;0.665495;0.687154;0.683640;0.693377;0.643687;0.589618;0.701813;0.622984;0.653093;0.685924;0.678011;0.683806;0.624699;0.609535;0.573451;0.707153;0.695959;0.674026;0.650870;0.692385;0.633911;0.707524;0.641294;0.653653;0.744710;0.671424,9.796372;10.471832;10.559739;9.776195;10.129812;10.569094;9.701440;9.995486;9.802827;9.813041;10.285537;10.567323;9.804096;10.323108;10.518811;10.381223;9.869691;10.416343;10.077682;9.837014;10.309434;9.642326;10.380043;10.272834;10.009015;10.482951;10.384973;10.549826;10.526769;10.299123,350.216526;344.542299;346.374280;344.191941;346.553092;344.231577;350.150972;347.334876;343.146261;343.696487;346.838801;348.659872;349.726950;348.771534;347.365282;347.964579;344.783093;345.075111;343.778666;343.985018;348.256256;353.508823;349.099375;348.544739;341.307783;346.042879;347.142107;347.687993;347.211157;344.936922
0.22329980928512472,11.885697541700125,330.54011758068253,1.3931640097018583,3.32451792050493,0.253899;0.305235;0.152359;0.244944;0.167324;0.241805;0.220156;0.237144;0.306207;0.172774;0.266358;0.277196;0.224493;0.222705;0.244855;0.216258;0.267058;0.239351;0.185985;0.160915;0.236040;0.223330;0.222285;0.238524;0.228136;0.214115;0.259515;0.232572;0.153002;0.184565,11.416519;12.115605;11.317706;12.517825;12.344376;11.589343;12.442209;11.726471;11.928409;11.328309;11.779836;11.961598;11.910348;11.535516;11.955989;12.125967;11.735604;11.705622;11.823828;12.101714;12.016287;12.124722;12.020232;11.963049;12.062257;12.166688;11.980441;11.719950;11.869079;11.954473,331.740756;330.491186;328.661791;333.827788;331.069292;328.499331;328.573221;333.428298;331.615174;329.649003;326.875972;331.234514;329.055614;327.983715;329.794245;331.462666;332.469682;333.464547;329.160949;329.771882;328.845677;325.982276;336.135833;329.871099;332.228098;331.993346;332.175964;332.398666;327.268929;329.878637
1.5441708178277664,11.521999149249496,331.03697581581923,1.254551810750301,7.800772636657992,1.508009;1.503692;1.591507;1.570350;1.453863;1.492995;1.483207;1.558904;1.588749;1.537791;1.518218;1.601190;1.558211;1.550871;1.477630;1.585641;1.579312;1.493042;1.556900;1.578741;1.522809;1.523044;1.573090;1.591907;1.593144;1.509086;1.567953;1.512052;1.543214;1.565649,11.132345;11.664372;10.994906;11.463028;11.611880;11.433862;11.776859;11.353083;11.518339;11.359766;11.353301;11.623718;11.772016;11.735913;11.287069;11.677779;11.578104;10.765740;12.347771;11.295430;11.269633;12.056275;11.915035;11.669710;11.772931;11.347818;11.234847;11.377108;11.603005;11.978847,333.563845;333.752059;330.456241;328.745662;331.418070;330.547304;331.594724;327.587989;332.556836;334.186777;331.060091;330.034828;330.150075;332.627123;330.376209;335.102191;324.716019;333.465221;332.248922;330.190960;331.409722;330.409687;325.366384;332.555604;330.206067;332.470713;330.955013;328.676314;333.011931;332.883115
0.314148092791652,11.7627049506105,338.69148669153003,1.2955392447633742,3.102498686189983,0.340365;0.269386;0.367178;0.277343;0.317424;0.376205;0.232846;0.276092;0.301976;0.272199;0.261195;0.291517;0.270013;0.303176;0.328413;0.299904;0.227346;0.356194;0.286113;0.219817;0.333622;0.284067;0.281790;0.257909;0.271845;0.281309;0.299112;0.296765;0.281833;0.244351,12.040554;11.499040;11.904694;11.281786;11.422331;11.658780;11.283035;11.738092;11.756499;11.440063;11.721013;11.786484;11.824557;11.766842;11.297968;11.382113;11.428294;11.628215;11.686470;11.803706;12.231596;12.048103;11.444893;11.435822;11.756862;11.897564;11.500837;11.630592;11.134513;11.632186,341.855290;341.313987;340.930624;338.656205;337.520548;337.558602;337.497020;339.814352;336.532133;330.415117;335.212646;344.775186;339.967162;342.695331;339.028316;340.166748;339.832500;337.251091;340.732466;335.486946;341.014263;337.891863;340.852439;332.645765;335.401714;340.279977;340.510410;338.178076;336.645799;337.349821
1.485809187344363,11.455848294801779,338.0003969505188,1.3356593834707522,6.165258732678777,1.551676;1.400708;1.424682;1.529160;1.516610;1.443161;1.527318;1.510480;1.413964;1.458150;1.499602;1.464947;1.505740;1.510037;1.530138;1.421682;1.481459;1.515235;1.574663;1.441465;1.498272;1.455216;1.555509;1.468472;1.464385;1.464579;1.448724;1.512253;1.417893;1.507816,11.940845;11.562528;11.792826;11.725256;11.219475;11.380337;11.536388;11.274483;11.405833;11.207047;11.516392;11.679878;11.687110;11.317473;11.461746;11.170230;11.862277;11.430234;11.042027;11.699519;11.468880;11.581113;10.901208;11.597444;12.087613;11.214023;11.481292;10.983060;11.598446;10.956493,341.015597;335.999556;338.708581;339.586209;341.837302;334.806193;342.842661;337.064734;340.199060;338.582372;338.469815;340.694309;338.121794;340.191786;332.919856;333.481960;339.648098;333.706113;338.486768;340.023649;337.171685;330.972107;336.167184;340.543452;340.430441;338.902927;336.709421;343.939816;340.838006;341.648856
1.5897325687613932,11.199886389581666,339.99597047891484,1.336317734478419,6.310709140807522,1.611726;1.642306;1.574101;1.594281;1.592413;1.676544;1.545922;1.594501;1.592249;1.600506;1.687408;1.620351;1.582410;1.482735;1.595797;1.635123;1.550358;1.659428;1.543820;1.644768;1.634807;1.581984;1.628541;1.594992;1.629861;1.603279;1.685861;1.620237;1.545261;1.579733,10.555715;10.918475;11.351063;10.747234;10.933813;11.390514;11.427965;11.101172;10.955936;11.719788;11.024560;11.115895;10.967666;11.085688;10.868988;11.377678;11.299071;11.439090;11.569485;11.581956;10.938294;11.766580;10.958322;11.021622;11.506539;11.319774;11.351394;11.481575;11.160426;11.267437,340.351349;338.518024;344.922517;341.025315;341.881562;343.640162;338.769939;336.672451;339.002582;338.719320;341.148566;339.669302;340.808715;341.087705;340.237942;341.386032;340.631003;339.517587;337.422006;338.632503;338.562851;342.951158;338.923384;336.861708;340.070271;338.108632;342.422322;340.614503;333.166974;342.297865
1.4312457119179018,8.466966901924216,350.62276983101555,1.0825775250545342,4.2911899455798626,1.429328;1.449244;1.438666;1.389026;1.488210;1.411723;1.401162;1.406148;1.315474;1.440359;1.457508;1.488629;1.461565;1.433747;1.348690;1.451109;1.435420;1.479929;1.385516;1.458597;1.430770;1.430226;1.381744;1.445763;1.448749;1.433223;1.409223;1.407132;1.427202;1.442887,8.818160;9.003790;8.215535;8.139837;8.543163;8.748442;8.701158;8.979995;8.448288;8.218473;8.290349;8.908756;8.316566;8.051455;9.040811;8.161626;8.805806;8.626932;8.327081;8.124478;8.938609;8.231306;8.488248;8.378219;8.176037;8.363104;8.678924;8.546287;8.140203;8.318013,355.409584;351.712492;347.598749;349.589607;355.128407;352.518129;346.500976;347.716353;347.542341;348.358496;346.353362;350.818508;356.716721;349.749994;349.884979;352.469072;348.196980;352.505786;351.869086;350.762389;350.831377;351.820909;349.334552;352.002672;349.633969;350.027351;347.594402;347.310585;350.803272;347.463572
0.5306836927988068,10.935934058916963,331.4848184499811,1.5095850967982107,5.519862005983308,0.563016;0.583320;0.510932;0.589913;0.586398;0.437827;0.526239;0.497382;0.569171;0.495502;0.495954;0.512509;0.545011;0.507800;0.482945;0.520065;0.528211;0.579685;0.511490;0.582101;0.562131;0.535112;0.530037;0.536859;0.595774;0.528224;0.556620;0.509951;0.616805;0.559927,11.398343;10.889167;10.985014;10.793407;10.651247;10.878138;10.399419;10.954630;11.941802;10.847145;10.872367;10.839222;11.235813;11.471095;10.493552;11.237901;11.055634;10.917289;10.795914;11.427687;10.740895;10.935351;11.163962;11.051939;10.364527;11.102851;11.114992;11.209156;11.095616;11.276477,327.870134;329.280049;327.975465;331.395677;331.252570;325.486751;333.335468;334.705170;331.741587;333.185887;332.528554;336.203415;331.853223;332.168186;336.733904;336.504406;335.904554;330.589567;334.420695;328.038478;329.013581;332.646333;331.732357;326.463528;328.578957;331.938063;327.289986;332.283860;330.980018;330.405347
0.7410552891549254,11.252732116036245,361.03759322193883,1.036864142790579,2.7156074715293492,0.801791;0.796703;0.758675;0.738646;0.727928;0.779363;0.751020;0.732203;0.690306;0.774481;0.731522;0.746555;0.725114;0.730749;0.777216;0.739184;0.776024;0.802432;0.755979;0.778814;0.681857;0.732153;0.782221;0.743223;0.743736;0.835140;0.795119;0.699524;0.731759;0.733829,10.854645;11.097141;10.823121;10.881844;11.820074;11.269579;11.129892;11.812435;11.502209;10.881529;11.293996;11.833251;10.907618;10.945779;11.108625;11.435728;11.340975;11.541418;11.529089;11.568656;10.837295;11.572347;10.835458;10.787614;11.460973;11.397143;11.547351;11.549212;10.769736;11.298532,357.127470;362.132561;360.777192;363.283305;365.426534;356.533966;363.668910;363.658041;358.637539;361.762486;356.950951;362.415095;363.869376;359.580402;359.698722;362.508984;356.865357;363.698976;356.502099;359.017949;360.156400;363.500058;363.172757;366.590850;359.290586;361.866091;359.449770;359.092878;362.591425;360.574597
0.6639795935312188,11.308904606682956,351.4619840894605,1.2519766209115635,3.431133679994378,0.681557;0.674545;0.710526;0.709948;0.636005;0.614222;0.680644;0.689851;0.668547;0.736043;0.677726;0.655970;0.655043;0.659008;0.657720;0.616615;0.599075;0.642148;0.566220;0.692704;0.659962;0.642669;0.700117;0.666844;0.724705;0.668079;0.669814;0.663118;0.629617;0.603449,11.028909;10.818557;10.773813;11.077153;10.433166;11.069193;11.531830;11.466363;11.453519;11.500301;11.321158;11.261329;11.910928;11.170238;11.419633;11.478430;11.630698;11.389719;11.088709;10.724280;11.466772;11.108937;11.765772;11.081325;11.240415;11.068682;10.967893;10.849306;11.452548;11.455254,348.288805;350.777982;352.663529;345.667970;353.043586;351.918442;357.810755;348.284485;351.256840;350.802943;356.665577;348.826236;352.424795;347.717410;350.622889;351.517791;350.075703;347.315382;350.662080;351.009085;353.578697;352.861391;351.190543;350.442167;348.462247;352.602285;350.634351;349.811418;353.641457;350.135704
1.1888199869825022,11.93321594854342,350.0523083319528,1.4451182114300107,4.929743175054246,1.160568;1.191440;1.250716;1.175972;1.275525;1.130930;1.165479;1.219027;1.160449;1.156517;1.242706;1.114166;1.202134;1.205666;1.179150;1.128804;1.181592;1.125214;1.187449;1.236819;1.171334;1.159907;1.079726;1.250287;1.137930;1.181368;1.202786;1.111872;1.248321;1.111384,12.126894;11.979412;12.005649;12.010794;11.899751;12.169283;12.126086;11.614920;11.647004;11.291392;12.473622;11.648495;11.576595;12.392190;11.624909;11.932161;12.338092;12.589846;11.834923;11.734309;11.586319;12.046315;11.212713;10.928389;12.195046;12.322179;11.660638;11.810445;11.991498;11.888628,348.156567;349.463745;347.000056;349.977223;354.491530;349.693184;353.509873;352.347379;350.152783;347.509070;343.395184;350.204893;350.507645;354.879692;353.223239;351.254283;346.434128;347.812487;347.474523;353.519667;347.776223;353.597088;350.500474;351.693282;351.510888;348.855954;351.670896;349.834176;351.191904;348.452022
1.1330424341377985,10.254956511653848,359.2790897304851,1.1039780629153662,3.1760240311412367,1.209196;1.190486;1.178479;1.172260;1.058906;1.154365;1.164008;1.072311;1.119865;1.144046;1.136268;1.125709;1.086159;1.220187;1.096682;1.112820;1.130453;1.110672;1.116795;1.158630;1.127953;1.089109;1.140971;1.142770;1.135061;1.157791;1.173809;1.141765;1.143434;1.087245,10.109854;9.951119;10.414845;9.957826;10.381877;10.383938;10.871716;9.898749;9.966832;10.292055;10.055700;10.300975;10.180765;10.619151;10.703986;10.115983;10.284303;9.911078;10.239602;10.354408;10.792925;9.542260;9.957527;10.464579;9.988318;10.267556;11.039768;10.073634;10.479521;10.201392,354.468269;357.193200;359.051638;359.065012;361.974264;358.418797;360.361152;360.900979;358.647113;361.630306;362.020490;356.444971;363.675858;362.476153;357.852231;357.822860;357.548131;357.580930;357.052900;359.334849;365.176158;361.889371;359.832983;358.276279;360.345157;360.633860;357.241662;358.574975;358.171620;361.261726
0.9111769611683851,11.66776456265412,347.2356907133039,1.4502762070843478,4.619230777747414,0.859555;0.976534;0.923381;0.897553;0.921167;0.978588;0.917442;0.961750;0.908724;0.880399;0.967647;0.901623;0.898073;0.883300;0.837412;0.925685;0.912866;0.921439;0.922012;0.930767;0.887992;0.948405;0.913204;0.961049;0.959649;0.907097;0.891909;0.822391;0.952796;0.910508,11.537046;11.482736;11.682050;11.707738;12.190216;11.721755;12.312652;11.562463;11.792511;12.018124;12.171443;12.023197;11.798428;11.777648;11.894658;11.904051;11.367165;11.106929;10.999545;12.220816;11.529025;11.455929;11.360883;11.824138;11.686414;11.947613;11.258320;12.164358;11.836886;11.779395,347.218567;344.793228;350.693332;346.663169;347.143185;345.827217;345.633843;348.412248;348.717059;344.788784;344.803937;346.683904;346.659839;347.503173;348.212545;346.652472;349.782457;346.096239;345.950090;344.007457;347.936869;346.971866;349.315135;346.239098;350.604148;345.424778;354.855263;351.165087;346.028165;347.511714
0.3399965983884671,11.537032407864388,356.61218243847907,0.8077626059722425,1.902007128195436,0.329061;0.327814;0.346942;0.277148;0.341970;0.348478;0.396842;0.376882;0.342349;0.342372;0.388704;0.338289;0.404533;0.364622;0.383807;0.352785;0.256493;0.345474;0.391772;0.274621;0.382820;0.304438;0.379567;0.386676;0.400323;0.377025;0.319404;0.343683;0.324049;0.340945,12.407205;11.799246;11.830609;11.382255;11.652929;10.608783;11.343799;11.550397;11.348440;11.545502;12.065772;11.628320;11.409072;11.396394;11.829584;11.455990;10.813783;11.044952;11.742065;12.148921;11.962974;11.255403;11.232452;11.304760;12.105934;12.193728;11.892155;11.436709;11.375017;11.176828,355.293214;353.461299;356.783453;354.166055;356.556419;359.135187;357.431843;349.950881;358.435485;357.436201;352.380801;354.025099;357.980825;354.305680;358.786348;357.384435;358.206108;354.206016;355.987745;356.196993;358.175682;359.435907;356.639560;359.552589;359.742161;356.108478;361.302182;359.078934;355.566845;357.295926
0.7004393232880092,8.172866036463418,347.7227878925032,0.9959564684156773,2.8794652148315114,0.677864;0.676851;0.647801;0.683117;0.590946;0.733172;0.640175;0.654175;0.763491;0.771318;0.719942;0.717536;0.663485;0.683874;0.665242;0.682083;0.794914;0.727432;0.749767;0.699079;0.682240;0.756303;0.742223;0.641132;0.718703;0.650749;0.738964;0.679214;0.792544;0.694532,7.994783;7.959326;8.254894;8.106682;8.279161;8.078727;8.290296;8.074560;8.169232;8.633214;8.622120;8.104975;8.852681;8.222256;7.327436;8.143844;8.420631;8.479807;7.937190;7.869413;7.869085;8.188221;8.092737;8.278599;8.081549;7.050537;8.295255;8.322386;8.588407;7.668805,345.786107;345.634992;344.826257;351.398790;349.003180;345.155345;346.396752;347.420146;345.512160;350.193709;346.411634;346.653087;347.480680;345.087891;348.206710;352.385992;350.349207;350.046599;349.723402;344.977744;348.727390;344.239223;351.041936;352.123326;351.969913;348.927616;346.069136;348.539046;349.942459;347.800529
1.5736033200093387,11.56860775782652,357.2474526920202,1.371567055038292,4.78710127336228,1.590957;1.574956;1.518855;1.590846;1.455906;1.584215;1.604529;1.689091;1.601592;1.605262;1.650288;1.569663;1.689354;1.643866;1.603890;1.631214;1.647933;1.536204;1.512578;1.603846;1.583047;1.565840;1.574707;1.567824;1.612324;1.494010;1.601614;1.622726;1.524007;1.526703,11.502489;11.587070;11.573703;11.684135;11.876590;11.387831;11.311432;11.386380;11.544106;10.796038;11.654183;11.877013;11.781782;11.552066;11.144730;11.115703;11.746575;11.689070;11.607002;11.750678;11.425073;11.478064;11.405425;11.510865;10.864100;11.742975;11.320824;11.829986;11.562730;11.474843,355.089833;356.635754;359.534260;357.488036;353.836769;358.647530;357.069192;354.603710;358.701245;356.802929;356.495070;355.852923;358.765470;351.811119;355.647815;362.276694;354.089300;358.756165;360.009772;359.017663;358.912672;357.885728;356.764055;357.883387;356.882393;357.042778;359.738333;357.431924;356.948749;354.754454
1.3812929628593966,8.57112429518476,340.3692800407157,1.1183668669194962,4.8246129912241695,1.328068;1.425452;1.336021;1.338879;1.358906;1.371467;1.328249;1.354860;1.416831;1.429644;1.347736;1.362892;1.386741;1.399192;1.453452;1.403641;1.410436;1.357402;1.426038;1.392032;1.385530;1.359736;1.424342;1.305376;1.379867;1.364470;1.335140;1.343849;1.404253;1.340599,9.362855;9.066281;8.279489;8.900301;8.666309;8.168513;8.498861;8.584121;8.535938;8.247466;8.324570;8.643264;8.769114;8.503439;8.403808;9.025365;8.387612;8.532769;8.768066;8.301521;8.636294;8.315344;8.039402;8.730958;8.463644;8.561785;8.197687;8.517397;8.839150;8.626014,338.631191;339.464807;340.652498;340.675626;340.661552;344.376442;338.479826;339.397786;344.104146;342.614443;336.566023;342.828859;340.474648;344.024457;333.827620;342.175036;336.947475;338.557208;343.577183;341.300251;340.964236;335.019906;338.150387;337.482097;342.079498;335.425554;337.089344;340.042387;339.936330;341.735471
1.523331032564101,10.349909399236477,355.64791812262115,1.2544408762260204,4.170987452346863,1.558145;1.571346;1.418895;1.568152;1.522449;1.519278;1.513789;1.579297;1.442588;1.581491;1.520921;1.527791;1.544142;1.610571;1.561258;1.511065;1.577896;1.606193;1.457675;1.566437;1.467582;1.495583;1.482845;1.579373;1.470494;1.496666;1.521189;1.540171;1.581603;1.496682,10.289588;11.119763;10.944028;10.650995;10.374517;9.951363;10.425459;10.943083;10.181108;10.750764;10.108118;10.448073;10.179666;10.886745;10.342123;9.832825;9.832540;10.944887;10.215598;10.532767;9.974224;10.467355;10.864845;10.286894;10.740741;10.417147;9.846288;10.637693;10.034705;10.535904,354.838658;355.633253;357.334315;356.654377;358.932183;356.454290;358.163181;355.629618;353.010262;360.976067;358.007925;356.218057;360.626720;357.282365;356.081723;351.199887;356.224811;355.137394;353.495919;352.153395;359.168201;356.665899;359.472814;356.558815;358.164268;358.354004;358.734881;355.485282;359.735064;358.470191
1.5793493422900229,9.075130398957073,338.8254043514186,1.0716654501782545,5.558652400992155,1.573222;1.543855;1.518309;1.563435;1.552082;1.600929;1.558313;1.624188;1.654074;1.638882;1.589367;1.593760;1.529918;1.555280;1.531701;1.633328;1.618456;1.609843;1.555573;1.542548;1.641160;1.573615;1.545916;1.520702;1.532603;1.633417;1.603284;1.562455;1.538322;1.485714,8.774850;8.731450;8.943680;8.725118;9.385813;8.987111;8.762388;9.284177;9.225258;8.942824;9.555681;9.238261;8.624470;9.343794;9.075155;8.806093;9.206190;9.672340;9.362949;9.196230;8.724192;9.222234;9.373832;9.034024;9.306930;8.209913;9.265710;9.158188;8.837295;8.876320,336.968524;339.435317;341.118060;334.045859;331.010018;340.974567;339.267387;339.599437;339.753058;338.376249;337.335297;335.311066;335.805725;336.426926;341.621729;340.147367;337.528348;340.099418;338.899591;336.269321;340.074562;335.284126;337.943835;339.030792;341.575074;336.944902;339.922215;338.488394;338.852592;337.910891
0.7256046376629919,11.828470405898388,337.7126738288054,1.5586922638338623,5.067849558505479,0.679722;0.656302;0.689824;0.760503;0.709963;0.741377;0.734428;0.680195;0.732754;0.786622;0.715325;0.729819;0.763016;0.751191;0.714191;0.665662;0.718304;0.707136;0.708664;0.719546;0.709709;0.746899;0.669540;0.723602;0.748043;0.736838;0.694861;0.712607;0.772916;0.655091,12.079364;11.345058;11.699395;11.984216;11.797532;11.760435;12.139072;11.803966;11.367499;11.960416;11.890845;11.842664;11.651695;11.958893;11.537062;11.446206;11.116335;12.242095;11.289841;12.170070;11.960117;11.605037;11.351859;11.563348;11.745651;11.326733;11.214045;11.809503;11.614571;11.898832,341.514705;337.242155;334.245882;334.235908;337.673971;337.832082;337.435128;336.827553;334.896926;335.235577;339.710863;336.185463;336.947414;335.150889;334.843573;337.969160;341.811262;337.062261;336.727153;336.920391;336.309488;336.907889;334.802243;335.065379;338.988949;336.613719;340.431287;335.482120;338.317131;338.921114
0.6736125176017347,11.153772540899025,333.73802877034836,1.4300717165134158,6.090646270469903,0.690522;0.650344;0.706362;0.710524;0.620122;0.650696;0.687185;0.652877;0.670848;0.594449;0.740612;0.732454;0.650616;0.693534;0.676225;0.640818;0.643586;0.641579;0.687499;0.688885;0.659930;0.677540;0.614184;0.719031;0.667272;0.732646;0.709682;0.694167;0.772323;0.680659,11.021661;10.769302;10.981790;11.454403;11.149869;11.034693;11.271177;11.104938;10.908000;11.430733;11.652531;11.567856;11.378483;11.312983;11.033729;11.059939;10.766756;10.980717;11.461007;11.342326;10.791738;11.273892;11.263654;10.907234;11.136117;11.267389;10.825406;11.787680;11.235989;10.858318,333.797453;335.035081;333.270892;332.260633;337.970808;333.746580;335.447095;334.226645;333.402317;334.288046;329.853279;329.666310;336.504026;336.616538;337.672310;335.135692;333.591763;331.683871;333.923707;331.744407;332.225002;333.776408;335.077593;332.055756;333.908643;334.471579;333.073979;333.656684;329.878718;328.097083
0.4917191945913819,10.028395615341328,342.07824265753874,1.2533601815366266,3.615957855441844,0.481086;0.506166;0.433354;0.461080;0.436938;0.410533;0.493717;0.434626;0.496230;0.487272;0.491919;0.513394;0.491172;0.420178;0.526451;0.521179;0.475440;0.491418;0.576590;0.533271;0.512396;0.509713;0.497864;0.443807;0.554496;0.487306;0.549578;0.486716;0.473476;0.511131,10.494341;10.540055;10.657854;9.867352;10.299162;9.645381;10.491093;10.424497;9.746900;10.707998;10.598020;10.406349;10.415043;9.838832;9.297854;9.749564;9.759591;9.718193;9.928062;10.238277;10.209140;10.236105;10.321684;10.054703;9.890503;10.078199;9.411555;9.867214;10.332650;9.812140,340.120830;341.528127;343.443189;336.746599;342.483422;341.334165;344.076177;339.119012;338.345022;339.840727;342.227334;340.021059;344.067338;337.439399;340.323065;343.645185;342.850920;340.379358;341.978913;340.869416;340.912717;344.987259;344.527961;343.863627;345.192806;339.111892;337.262658;338.236113;341.959852;339.968744
0.63871326353285,10.14005932357545,339.053441134251,1.296157469946968,3.9892400545274067,0.605520;0.668619;0.624512;0.642934;0.686372;0.616662;0.671187;0.608017;0.634028;0.608777;0.616993;0.614285;0.580570;0.679849;0.643561;0.720860;0.638467;0.592085;0.640522;0.593744;0.651636;0.586536;0.641608;0.664340;0.708708;0.564596;0.662546;0.610617;0.649313;0.679097,9.557572;10.341568;10.167288;10.268262;9.576131;9.944355;10.094392;10.150130;10.184696;10.098526;9.910264;10.148681;10.245066;9.548238;10.226599;9.760109;10.173773;9.745938;10.074652;10.146798;10.293477;10.148865;10.008237;9.788507;10.269236;10.339882;10.229693;10.156062;9.983979;9.965402,338.692484;342.667093;340.843181;344.503527;337.065555;338.214030;333.249056;343.248107;341.600416;337.966204;338.102311;337.840212;341.343508;338.349725;343.615044;340.201080;340.953678;336.714629;339.760378;338.185041;337.619140;333.997560;336.908751;338.612679;341.038953;340.204099;339.089707;338.716101;339.335961;343.904605
1.354057748919664,11.744830000457359,351.78788289889553,1.4176457326104277,5.054022185960764,1.394551;1.369694;1.365992;1.360607;1.398552;1.337372;1.341128;1.393113;1.382970;1.270216;1.372332;1.317964;1.369649;1.341670;1.368295;1.391549;1.253996;1.353137;1.367073;1.373244;1.378360;1.306982;1.318700;1.389925;1.357032;1.408890;1.352337;1.369199;1.378899;1.380682,11.645134;11.518321;11.517452;11.793862;11.436496;11.858174;11.906885;11.975924;11.578075;12.099723;11.897472;11.658561;11.331344;11.770597;12.135989;11.631319;11.913534;12.021338;11.585859;11.420388;11.994908;11.767680;11.713319;12.011789;11.830196;12.041855;11.959120;11.369718;12.215058;11.612308,348.416543;351.489700;353.923363;353.066339;353.948548;357.189389;351.593021;353.344175;349.820983;346.537376;349.613566;350.385500;350.597424;352.925044;351.112459;354.582656;352.778282;349.516438;347.307728;354.632305;353.936145;348.967007;353.947741;350.188661;356.637886;348.567479;348.604348;351.896163;348.211918;350.746713
0.2922331406916912,8.354736292473968,361.2750184015297,0.46077364848392466,1.06209519035052,0.235816;0.248013;0.253821;0.271647;0.307512;0.267232;0.273189;0.240188;0.240060;0.266941;0.271728;0.245386;0.294278;0.304375;0.262285;0.265072;0.285001;0.275214;0.301587;0.200201;0.247288;0.301086;0.237509;0.311923;0.266879;0.310595;0.211232;0.316170;0.303930;0.294035,8.771930;8.082545;8.432712;8.967291;8.704141;8.510945;8.183286;9.076287;8.458711;8.181686;8.149604;8.262167;8.413859;8.447792;8.429542;8.169416;8.069808;8.467475;8.093212;8.548709;8.438122;8.242786;8.517508;8.019092;7.924670;8.349671;8.369733;8.019060;7.818514;8.488422,361.925046;364.694602;360.952067;361.486490;360.282559;360.799308;360.232094;356.597014;365.017604;360.574608;362.289113;361.657011;361.229083;360.615490;357.282294;362.281468;362.190150;361.622216;355.772711;363.775277;364.029145;359.958643;362.566633;358.375285;363.972949;364.460257;356.631361;361.536390;356.806999;363.156347
1.5669325437281347,8.432684844096066,357.58019576476386,1.0708474273055686,3.440367331986873,1.526773;1.579866;1.614662;1.500125;1.551609;1.543114;1.576342;1.543652;1.503639;1.587018;1.614771;1.541442;1.576506;1.560814;1.542717;1.594833;1.625464;1.562174;1.545433;1.528442;1.593019;1.582824;1.634525;1.498895;1.605821;1.552608;1.590925;1.684543;1.517104;1.553440,8.181299;8.397465;8.550897;8.617475;7.660914;8.971113;8.997361;8.673871;8.237239;7.985650;8.864916;8.310379;8.137650;8.479617;8.219573;8.563793;8.261244;8.083369;8.363941;8.396688;8.748374;8.329429;8.338760;8.377790;8.064201;9.019920;8.149531;8.479535;8.528192;8.952279,355.849955;359.309459;355.685226;360.778323;358.299296;361.266225;358.666918;355.015404;355.850158;355.098976;355.723245;357.141978;358.281493;359.591493;359.852151;354.340487;355.776634;358.672772;355.240689;358.895493;359.834539;358.859907;361.467027;355.981309;359.979447;358.773072;355.675361;354.093274;357.108821;361.190132
0.7980622738370013,9.921601451303594,335.8960798377979,1.3195149784769546,4.582795943654522,0.848082;0.834714;0.785586;0.872514;0.758514;0.696368;0.733448;0.813923;0.789275;0.795045;0.845855;0.805450;0.703464;0.758668;0.810867;0.812630;0.819793;0.772822;0.804795;0.765669;0.884966;0.772130;0.745513;0.820801;0.806131;0.850876;0.816639;0.815536;0.795632;0.799915,9.793188;9.854288;9.794633;9.990475;9.807111;9.886382;10.358735;10.213210;9.983257;10.340921;9.982304;9.582090;10.398348;10.124568;10.103421;9.660222;10.080708;10.562633;10.045734;10.267896;9.584563;9.552715;9.708445;9.605182;9.969028;10.246840;9.801679;9.517697;9.975807;9.972035,334.033780;332.942369;337.564112;337.739955;335.069544;336.451927;331.814617;334.658107;339.190335;338.191842;334.026192;341.533598;337.723278;332.676758;342.677440;332.548762;336.660466;334.235805;334.652608;336.209204;334.883244;337.660465;332.573848;339.871833;334.641330;336.160246;336.713610;333.325395;340.538883;339.023500
0.2982262550363256,11.967984109108423,347.39217367739315,1.2108055902112276,2.9267242705194696,0.317229;0.281823;0.278457;0.320436;0.219145;0.237447;0.267143;0.331062;0.268637;0.286567;0.295686;0.241644;0.261018;0.223231;0.311549;0.351386;0.354274;0.331738;0.367301;0.308676;0.288329;0.273417;0.304242;0.257844;0.262399;0.280565;0.378132;0.286768;0.337372;0.262230,11.927726;11.674921;11.725829;11.839282;11.744754;12.258029;12.200906;12.279968;12.080016;12.712568;11.840986;12.225026;12.034461;12.202475;12.224314;12.251403;12.061652;11.399261;12.304098;12.799472;11.623615;11.713917;12.204850;12.321552;12.086660;11.779514;11.873489;12.025490;12.050184;12.253643,346.806212;348.394648;344.440770;345.310651;350.649394;351.206452;349.996197;348.755197;346.043016;345.762197;347.729875;343.127608;345.896586;348.006383;347.157593;345.395390;343.278947;346.207680;346.129218;348.233464;350.190473;353.544506;349.626655;349.520592;346.999981;342.937816;341.777643;345.801308;344.384131;341.331138
0.26216423114397885,10.027083898696297,333.86061345895365,1.2573339053821082,3.3639627348127963,0.210739;0.228883;0.320922;0.226560;0.252250;0.300448;0.226396;0.297064;0.287800;0.237802;0.335291;0.276336;0.328092;0.243754;0.242125;0.298013;0.326363;0.315795;0.280129;0.284934;0.108181;0.244788;0.240512;0.216664;0.299206;0.311396;0.263603;0.256783;0.261719;0.272457,9.751186;10.214400;9.906830;9.449495;10.183471;9.788186;10.127065;10.441993;10.337640;9.798033;10.267037;10.335756;9.900381;10.399577;10.161363;10.497110;9.643746;10.359067;9.743865;10.000214;9.813538;10.213929;9.984614;9.699781;10.337929;10.470455;9.920389;10.246426;10.142310;9.985144,333.943445;338.447340;334.226166;337.320152;333.381357;337.829521;330.315941;337.342861;330.351470;337.658555;330.389391;334.824796;333.183882;334.591110;333.535265;330.848302;334.816295;330.070451;331.598871;333.620053;336.444389;336.307912;337.323464;334.611422;333.864167;334.939778;328.865326;331.470238;334.803930;332.319455
0.9871898111170064,9.763554040660226,353.66182509342525,1.1455303028341448,3.4549131631941488,0.995554;0.942207;1.004406;0.880730;0.944515;0.979113;0.948792;0.944723;0.991711;0.978855;0.997062;0.986283;1.010479;0.971377;0.988332;0.997006;1.057254;0.974070;1.016408;1.046745;1.055920;1.091974;1.052429;0.991604;0.954750;0.994278;1.079483;0.968548;0.955999;1.000041,9.870968;9.207709;9.995540;9.937340;9.641476;9.502878;9.713347;9.628725;10.187956;10.153327;9.987893;9.891905;9.369470;10.538455;9.360031;9.779811;9.554340;9.829978;9.530319;9.698236;9.647220;10.123347;9.334269;9.662496;9.193303;9.041250;10.521369;9.864869;9.849389;9.628592,354.656247;353.930988;353.136894;356.595802;351.144366;354.371019;356.089862;354.326566;354.316664;353.222463;354.763926;357.367306;353.063769;353.811530;352.499888;351.309744;357.644983;352.953066;354.763676;353.754579;350.561362;356.694599;357.681508;352.921449;352.717689;353.823191;354.198785;351.562280;351.485940;353.837357
0.632359749131941,10.06951667285415,359.4763821629702,0.9374476214712162,2.3725037268026186,0.654019;0.723453;0.626444;0.631075;0.614739;0.649835;0.665209;0.631538;0.657500;0.649186;0.694604;0.585430;0.564726;0.633222;0.633615;0.605437;0.593537;0.648333;0.702024;0.634902;0.665329;0.673684;0.645186;0.686358;0.673263;0.567940;0.624505;0.618150;0.677926;0.572949,10.384092;10.298134;9.796373;9.963860;10.133297;10.448162;9.646368;10.113446;9.910082;10.011316;10.324198;10.129257;9.918037;10.231727;9.890729;10.211788;10.184236;10.694152;10.509602;10.126741;9.998782;10.058461;10.011557;10.388545;9.855851;10.034680;10.090599;10.209241;9.891296;10.523982,357.605430;361.625722;359.050126;361.745532;359.465765;361.669239;356.709279;364.264968;360.978838;357.928072;354.024260;362.209994;363.855697;359.220044;358.596436;353.249535;362.033571;360.161321;358.542274;356.767235;360.786376;359.420959;361.496275;360.137972;359.872060;357.936617;356.523625;362.421461;354.503900;359.624289
0.23342120631903865,10.637032310813158,361.4493172387132,0.5301911399086966,1.2194744621907692,0.298466;0.224003;0.187692;0.326346;0.221491;0.132743;0.228118;0.162567;0.150253;0.273625;0.218331;0.172433;0.201725;0.224142;0.213444;0.229834;0.224263;0.099679;0.165052;0.305460;0.204509;0.177391;0.272969;0.198719;0.178312;0.281435;0.213683;0.292290;0.229852;0.273463,10.971339;10.126849;10.522378;10.742041;10.556642;10.479357;10.100577;11.268953;10.653097;10.428428;10.314787;10.382744;10.243056;10.185996;11.010937;10.858970;10.506175;10.556851;11.316071;10.619686;10.690691;10.542545;10.369597;10.307427;10.534716;10.631006;10.269312;10.604103;10.531879;10.633082,362.964690;360.944055;358.258564;364.125322;359.509393;362.214173;366.033894;362.748411;358.898068;357.731231;359.393846;364.769626;359.629932;366.799387;367.913788;366.102006;360.013345;362.199023;361.412287;358.845105;357.973245;358.685762;367.180619;365.033089;363.142280;359.749610;363.418926;363.633057;365.020435;363.469045
0.5559317595994004,10.926671155782655,331.42769533633555,1.5426215236642857,5.117608168277866,0.593325;0.550924;0.552000;0.503440;0.601846;0.549562;0.581634;0.593172;0.550884;0.556410;0.508628;0.478172;0.577299;0.574897;0.486341;0.502985;0.584713;0.553670;0.543507;0.581090;0.484116;0.509351;0.555358;0.584061;0.549145;0.475606;0.504942;0.466571;0.536103;0.514922,10.888309;10.840317;10.609993;11.004643;11.260174;10.552390;10.897939;11.233459;10.955261;10.289141;10.752614;10.773713;11.231966;11.135561;11.047915;10.636979;10.889295;11.195121;11.251781;11.062307;10.912529;10.860059;11.149864;10.688191;10.723703;11.371897;10.537393;10.952567;11.348344;11.430681,328.563288;329.290914;331.285546;329.370070;327.645860;330.469953;333.350525;329.059855;332.285674;331.743785;327.488532;331.139143;329.664465;331.176435;331.499705;326.536403;330.973227;328.187886;330.094255;333.538591;327.995853;331.075553;331.576683;335.352672;336.588961;332.213744;330.016920;333.420410;329.263745;331.547581
1.2746331964138022,11.612995253756292,359.58574548001104,1.2587310763767694,3.713781089790003,1.228941;1.277450;1.320652;1.275717;1.196311;1.281511;1.374547;1.336129;1.172525;1.245697;1.244117;1.225192;1.242129;1.303489;1.256859;1.218475;1.273575;1.262039;1.195211;1.333131;1.298597;1.239259;1.315611;1.307594;1.316896;1.297193;1.246586;1.273920;1.278809;1.213633,11.307866;11.349286;11.658888;10.860402;11.700490;11.142012;11.322352;11.747541;11.438491;11.808516;11.364564;11.845248;11.387594;11.516940;11.514270;11.501562;11.581744;11.615011;11.843722;11.567667;11.570442;11.803312;11.310897;11.627929;11.755879;11.435804;11.522860;11.760129;11.539458;11.841526,358.683945;361.610477;363.371897;359.554828;358.934623;357.030382;360.530347;355.407632;358.171042;356.238901;360.107731;361.109506;359.802375;359.963681;356.439245;360.305515;358.127537;358.964532;357.895211;360.013132;363.808707;355.443237;359.460896;356.044957;360.332960;358.196731;356.311768;356.307627;358.925128;361.450968
0.5772778528224357,11.689061521962717,345.83865792127625,1.2544500303622597,3.295184397031951,0.617557;0.576462;0.578339;0.535630;0.628391;0.626152;0.577317;0.620509;0.588392;0.629650;0.558710;0.628129;0.567562;0.605141;0.558915;0.486030;0.641825;0.555725;0.630711;0.524150;0.568753;0.589819;0.615243;0.603298;0.572252;0.608931;0.618674;0.480547;0.509245;0.515498,11.259165;12.074385;11.258917;11.780997;11.959879;11.969986;11.210718;12.362609;11.906417;12.110016;12.021336;11.212580;12.169553;11.570063;12.101047;11.054289;11.463018;11.987717;11.635677;11.649680;11.687323;11.698283;12.187201;10.947343;12.234760;11.669008;11.315568;11.691072;11.533377;11.614716,341.748147;342.824440;346.943844;338.934480;346.863117;344.989308;346.321563;344.298536;344.601764;348.629001;342.057742;347.268777;348.014933;344.897375;344.738593;346.441318;341.771056;345.854298;345.295851;349.798609;347.895639;347.300357;349.008311;343.291766;345.871602;343.437334;346.336309;341.499275;345.669106;348.216038
1.2378499027951646,8.705314412399453,347.5248713030566,1.1459682509189533,4.214800934585912,1.276463;1.250589;1.267543;1.201107;1.201871;1.253031;1.177916;1.281379;1.251884;1.290000;1.198352;1.201168;1.230601;1.245836;1.179665;1.303477;1.220805;1.213135;1.207255;1.229467;1.155205;1.205144;1.334829;1.197137;1.199983;1.274515;1.267083;1.274584;1.277275;1.212103,8.597340;8.218959;8.673723;8.713689;8.459565;8.647492;8.632926;9.180492;8.841466;8.653988;8.953923;8.544476;9.142855;8.414649;8.920564;8.812700;9.011510;8.891626;8.912115;8.666199;8.722510;9.123551;8.810612;8.532908;8.946750;8.605258;8.788021;8.385204;9.049607;8.583023,348.370573;347.632587;347.760172;349.223700;347.828664;344.297396;344.482728;345.311687;347.982047;346.908732;343.199044;349.053444;346.488113;342.999772;345.514844;350.527566;345.948585;347.064042;344.586106;343.660289;348.383321;347.522059;345.935132;347.999045;350.707508;349.663460;348.678203;346.567677;349.147415;346.295030
1.074900659464892,9.310675130526548,351.1867974695283,1.131298289483844,3.486844672390067,1.069483;1.055587;1.071836;1.050301;1.052686;1.048215;1.061328;1.124984;1.014445;1.083291;1.013454;1.001922;1.064218;1.048416;1.057616;1.117885;1.122685;1.112368;1.078408;1.114049;1.114753;1.053561;1.024892;1.044361;1.080074;1.065021;1.113320;0.975368;1.124835;1.024004,9.404082;8.851344;9.518063;9.290647;9.507196;8.774916;8.663244;8.669248;9.502398;9.070134;9.186367;9.437011;9.214566;9.168553;9.635030;9.580096;9.096346;9.236777;8.780858;9.201286;8.858404;9.047485;9.421970;9.262130;8.990095;8.920756;9.441305;9.474624;9.141215;9.227994,351.629945;351.321806;349.986915;351.363581;351.941944;352.587442;348.805388;348.874733;351.133823;351.475986;348.925652;355.499936;353.122375;355.944435;350.102185;351.879188;350.936848;353.569601;354.598584;348.044545;351.903138;348.460722;347.740306;353.557605;345.960040;354.570693;355.145433;354.123761;349.583834;352.535957
0.7003192905450579,8.099905837820842,344.70336916887027,1.0722857529008194,3.4754546515036004,0.759973;0.712236;0.692334;0.719856;0.739222;0.649148;0.707062;0.703650;0.697744;0.601674;0.720115;0.751168;0.741062;0.654512;0.764608;0.726701;0.661456;0.713737;0.705264;0.638523;0.679170;0.668541;0.668065;0.690821;0.610225;0.682706;0.680643;0.760598;0.681375;0.660294,8.268459;7.568723;7.719358;7.257239;8.043981;7.832271;8.153316;7.902635;8.486825;7.617195;8.260297;8.310016;7.601842;7.923889;7.224569;8.078763;7.870350;7.960791;7.624117;8.219819;8.173945;8.059428;8.631303;7.563560;8.208701;7.792740;7.662028;8.118064;7.882163;7.742027,345.047874;342.370152;347.007885;347.036621;347.829470;346.506530;351.062699;348.711580;343.034752;344.883639;346.632992;348.067615;347.175604;348.702040;343.581971;343.585742;345.880367;340.144680;343.632718;345.989614;346.304059;346.104091;342.295569;343.473321;341.148956;343.023604;345.553251;347.218719;346.178070;340.710988
1.0880969408353676,10.229840925702323,349.04972750126757,1.3243619587468387,4.567633024586265,1.104666;1.157889;1.101524;1.173675;1.080795;1.140622;1.088398;1.045892;1.017695;1.061486;1.098664;1.157256;1.073944;1.052238;1.088856;1.094846;1.151039;1.076582;1.140838;1.065199;1.128698;1.073096;1.117774;1.160106;1.109375;1.131483;1.134226;1.122466;1.078651;1.086111,11.060719;10.489262;10.610400;9.824068;9.994807;10.855170;10.129975;10.320299;9.941232;10.243256;9.834120;10.314221;10.231210;10.390153;10.178040;9.810084;10.494052;10.461880;10.086353;10.233474;10.021967;10.227171;10.073278;9.953684;10.249301;10.465586;10.132143;10.581484;10.342965;10.497281,351.596581;346.293585;349.094948;352.002236;348.479489;351.565554;351.267897;346.813576;349.348068;347.885240;351.323750;352.650455;351.251563;351.380463;348.734242;351.658244;350.326258;347.302642;350.072829;349.284625;355.079993;355.818618;348.094126;351.842942;348.353816;347.227852;346.424186;347.538527;353.012312;346.949046
0.5386274507715022,9.013402246366113,349.8078411699887,0.9467172055633291,2.426499593264322,0.559407;0.555784;0.566376;0.578444;0.543052;0.531304;0.616886;0.556305;0.549765;0.571973;0.520513;0.554495;0.482105;0.562971;0.517332;0.551492;0.530773;0.534888;0.570004;0.528024;0.570216;0.531803;0.492098;0.630801;0.501003;0.541032;0.517073;0.569691;0.560193;0.507557,9.532040;9.283602;9.025704;8.910751;8.986740;8.670602;9.049524;9.071578;8.930746;9.053778;9.264214;9.107982;9.067746;8.546678;9.123130;9.117637;8.903834;9.487437;8.595630;9.124448;9.092185;8.816648;8.850913;9.141349;9.465044;9.015480;9.482640;9.140080;8.935268;8.803842,350.514542;352.129594;349.123237;347.397775;347.860421;348.695490;345.698679;346.680117;353.037730;351.811549;344.586440;346.376463;352.476362;345.583132;349.377821;347.538525;350.863663;349.171221;350.779223;350.104866;351.428788;350.568536;351.738567;345.874029;351.458961;349.768423;348.840196;351.291289;351.341512;351.779271
1.5412532933734546,11.724971390149092,338.16502111692125,1.2236733089939686,7.337381873512863,1.588042;1.521013;1.562080;1.506094;1.518305;1.514022;1.604647;1.571772;1.578981;1.582181;1.504655;1.554291;1.575442;1.613493;1.491496;1.535291;1.506512;1.512022;1.597256;1.483448;1.513957;1.537355;1.491453;1.487749;1.495268;1.475342;1.491662;1.504864;1.601905;1.611492,11.234527;11.807758;11.840132;12.047683;11.769443;11.783646;11.770305;11.647892;12.081611;11.784143;11.458167;11.734191;11.487065;11.478493;11.695330;11.475713;12.250954;11.856995;11.747547;11.342122;11.936267;11.539473;11.932359;12.137952;11.278648;12.015381;11.731333;11.788475;12.052445;11.305432,341.565506;337.518743;334.461817;339.355888;339.859613;334.254560;338.558426;338.142099;335.588475;335.947666;337.407168;338.430464;335.238150;337.466315;333.915467;336.943028;339.428451;339.300643;339.579359;337.831178;339.262055;340.094965;341.148910;340.810569;338.798859;342.806119;341.305668;337.136730;338.953567;335.799308
0.8238799295666444,10.876858872969944,351.98043233186195,1.2791180169939478,3.7012168663492995,0.812623;0.800341;0.817457;0.811435;0.752046;0.791933;0.831929;0.839244;0.836973;0.738098;0.780210;0.820568;0.789903;0.876642;0.779736;0.817979;0.816230;0.788338;0.806422;0.808036;0.845138;0.799031;0.792336;0.830271;0.759169;0.867853;0.787661;0.809177;0.856296;0.832873,11.061049;10.537531;11.114092;11.171971;11.674865;10.669469;11.384755;10.655139;10.277730;10.925219;11.257688;10.518344;10.919662;10.776465;10.333056;11.473311;10.449163;11.341313;10.921840;10.740739;10.887392;10.562261;11.159332;10.141785;10.646886;11.218981;11.051089;10.502418;10.692248;11.318004,349.779262;348.795240;349.911829;349.944073;350.141773;350.615024;351.558590;355.300639;345.324471;354.516156;356.330908;353.571130;349.118208;355.747684;352.830539;351.937311;348.495949;350.124922;353.239166;349.453412;357.843570;348.725179;351.464846;349.159395;352.786529;351.291043;354.548375;351.934550;352.711004;353.309216
1.4918134489931187,9.46252885130466,363.0696729840963,1.0394202145420053,3.245860420178914,1.486291;1.520525;1.457461;1.409646;1.500277;1.445484;1.472731;1.502021;1.482663;1.517414;1.450683;1.524008;1.421581;1.546013;1.448942;1.538060;1.556767;1.464582;1.438501;1.484356;1.505297;1.552088;1.549154;1.487151;1.445012;1.527123;1.540873;1.510965;1.544364;1.475542,9.216106;9.238656;9.339850;9.797155;9.403140;9.386516;9.569585;9.504819;8.972187;9.666377;9.723204;9.961110;9.540354;9.536122;9.266783;8.727261;9.305766;9.059190;9.362827;9.271210;9.365870;9.496679;9.733673;9.243147;9.769039;9.623426;9.480036;9.428988;9.320095;9.018283,364.950966;361.177157;364.988346;361.040480;365.219091;358.104075;357.525993;365.392565;364.142156;363.553565;359.320836;360.126806;368.553422;361.994144;358.854657;364.031167;360.305475;362.329965;362.766819;363.278521;360.134251;359.900005;364.050436;363.378083;363.855448;362.511650;360.592804;363.862681;364.472783;360.943856
0.5632048174345079,8.327102215120393,344.1356698859097,0.9548754856673146,2.5206878300739413,0.659039;0.524448;0.559781;0.581466;0.616814;0.591759;0.612320;0.552646;0.509322;0.600278;0.579119;0.577853;0.524682;0.464122;0.532461;0.642482;0.567581;0.581559;0.573715;0.601786;0.560488;0.550525;0.596121;0.631845;0.574559;0.573403;0.563346;0.588451;0.573235;0.512279,8.434813;8.003433;8.249953;8.505381;8.741056;8.447723;8.239363;8.352234;8.355776;8.341459;8.043300;8.169279;7.548182;8.155551;8.593593;8.881423;8.580396;8.176689;8.437246;8.452181;8.835797;8.355503;8.333315;8.398578;8.181820;8.185518;8.391157;8.463878;8.549239;7.641877,342.698501;345.110897;344.745077;346.995030;347.457673;346.652057;341.935845;344.251011;344.288939;346.301791;345.743201;344.731888;344.812424;348.327264;344.129331;345.137160;346.351336;342.104519;344.486886;343.492023;347.170622;341.213276;346.997032;346.449837;345.180390;343.115804;345.039557;343.679717;344.574843;345.981853
0.5609957467636268,9.992981637735602,339.3082544455988,1.309924475389403,3.9283459805804464,0.595874;0.553471;0.510211;0.587418;0.589321;0.635678;0.588583;0.543094;0.494220;0.575062;0.558752;0.569609;0.481251;0.640142;0.552741;0.559309;0.553711;0.551520;0.577071;0.504477;0.573164;0.563201;0.569288;0.540359;0.548518;0.502157;0.569973;0.570627;0.582355;0.562642,10.096382;10.132176;10.160496;10.017280;10.575272;9.876119;10.091614;10.231098;10.037596;10.714219;9.894470;10.162949;10.003597;10.101392;9.979934;9.697660;10.158981;10.318229;10.131788;10.323477;9.954662;10.044768;10.188157;10.535374;10.180647;10.301365;9.923145;9.944343;10.126532;10.197583,339.681144;341.803538;335.947318;340.329421;338.764443;337.305237;332.379258;337.093914;342.307617;338.820042;337.502863;341.709108;345.413066;341.244572;336.667592;341.182356;338.860992;339.827369;341.607472;339.408379;341.344296;343.706039;342.856806;336.346833;336.621831;337.855318;337.324448;341.066302;341.457582;340.568007
1.0072251065559445,9.748184499268163,339.7286580553659,1.2379473586120806,4.932723792321943,0.992710;0.997030;1.035570;1.029531;0.974816;0.970228;1.035499;0.952770;1.029707;0.994580;1.084260;0.961816;1.036456;1.029184;1.074114;0.975674;1.019512;1.091469;0.995440;0.980623;1.049360;1.036391;0.982205;1.005207;0.986344;1.033048;1.025316;0.989595;1.071350;0.979812,10.171394;10.481002;9.784121;9.876214;9.827155;9.870319;9.528303;9.275626;9.017923;9.506039;9.608531;9.618867;10.038699;9.629709;9.469696;9.787364;9.924176;9.630900;9.622524;9.653163;9.781261;9.909123;9.681298;9.769789;9.919903;9.620193;9.838341;9.920757;9.636368;9.513721,340.801087;338.479796;345.168345;337.666884;343.451228;338.810831;338.468742;342.726183;339.535378;343.080313;341.235093;340.218505;339.995361;342.428163;344.230679;341.015411;339.122130;342.893308;339.092400;341.088341;338.888849;339.475425;340.521038;338.917369;343.025650;338.129836;346.481890;341.374435;340.004915;339.145063
1.3029041305465792,10.5313400561561,344.8413251949386,1.26148354632227,5.856309166180775,1.311776;1.249443;1.275986;1.333595;1.315722;1.396875;1.270034;1.283427;1.286493;1.311719;1.227863;1.368444;1.320871;1.265593;1.248892;1.265067;1.260369;1.215200;1.302430;1.338963;1.258161;1.292697;1.278501;1.256478;1.337672;1.324622;1.307015;1.219322;1.339500;1.338503,10.177068;11.423693;11.236114;10.558812;10.570281;10.198687;10.477281;10.928307;10.647353;10.098316;10.350972;10.219114;10.597158;10.582188;10.446521;10.451141;10.666917;9.951649;10.281602;10.659504;11.105018;10.876160;10.585557;10.524698;10.698115;11.118937;10.096287;10.577866;10.847469;10.253309,347.276351;347.010522;340.462776;347.621936;349.890679;350.473846;343.013774;338.385298;342.438428;345.911912;349.871125;343.596829;345.100848;348.106448;345.853219;345.549022;343.654378;342.097485;343.128466;348.265120;347.883292;347.890500;343.187212;342.518782;350.049047;343.775772;342.077179;344.123144;342.821992;339.413233
0.42635361820460804,8.199542649620533,356.54142260833106,0.734911789729377,1.798894091115156,0.507297;0.411147;0.427699;0.473911;0.403617;0.401778;0.423873;0.416203;0.446738;0.411350;0.349009;0.422457;0.434536;0.515923;0.473070;0.406549;0.368374;0.445337;0.411853;0.448862;0.406857;0.349542;0.371797;0.372596;0.447396;0.509928;0.483583;0.419677;0.395667;0.432184,8.703651;8.061765;8.533787;8.203492;8.161659;8.103345;8.479066;8.652441;8.355469;8.403908;8.891214;8.108473;8.208356;8.176494;8.572235;8.038611;8.045145;8.301537;8.488909;8.388728;8.616915;8.062339;8.085742;8.222180;7.778405;7.798939;8.035665;7.729283;8.299647;8.199140,352.879078;355.099754;358.199785;356.018177;359.578212;360.081967;360.075925;351.577032;356.255230;354.730815;355.747375;357.933468;356.719312;352.096800;352.253596;358.080074;355.229947;353.529866;362.451114;356.208880;353.101734;359.943908;351.329480;353.476094;354.874491;357.961799;360.820944;356.952578;355.817843;356.887337
0.23371909210798036,10.702955211100868,331.9852094909512,1.3843093020354682,3.265238912023756,0.219318;0.275815;0.288104;0.291300;0.203416;0.218417;0.216010;0.126543;0.313678;0.329492;0.233159;0.250012;0.258527;0.175905;0.188471;0.198347;0.200805;0.216174;0.277681;0.126804;0.257690;0.260533;0.227192;0.267513;0.202399;0.200667;0.217431;0.257956;0.276515;0.229271,11.222305;10.932904;11.066083;11.068669;10.942293;10.712573;10.574641;10.829841;11.086628;10.545815;10.089986;10.846990;10.836606;10.685387;10.698080;10.930370;10.562090;10.768700;10.668072;10.466807;11.305988;10.293219;10.977650;10.504550;10.860242;10.858146;10.630279;10.843678;11.046398;10.843163,328.944478;331.652010;333.915491;326.690381;331.038537;331.548450;331.538842;336.496260;329.945928;333.513786;333.014394;333.023751;327.659209;330.239556;332.367219;331.406689;329.180171;337.032369;334.070071;333.983602;332.791104;331.694051;334.270852;333.581181;333.607584;329.211680;334.977224;329.311054;330.108565;333.998224
0.5008214855317972,10.930319791632941,364.91053883219513,0.7981945450864986,1.9611609642702863,0.506769;0.528067;0.561865;0.486833;0.464218;0.495917;0.481199;0.480471;0.476017;0.472373;0.523213;0.472226;0.526406;0.525026;0.509304;0.513234;0.487248;0.510918;0.446111;0.555421;0.522648;0.461603;0.532012;0.474831;0.441039;0.440083;0.540071;0.480409;0.397556;0.516194,10.320803;11.226550;10.808942;11.139354;10.826856;11.271650;11.059161;10.899715;10.502088;10.879728;10.372782;11.008948;10.747864;11.189430;10.291006;10.754977;10.535528;10.690082;11.284667;11.045242;11.415731;10.830208;10.750209;10.457466;10.636757;10.949576;10.550551;11.387190;10.809167;10.138658,366.002440;363.627939;366.080255;367.055219;366.585407;364.383780;362.927710;365.146327;363.678393;366.489589;361.431724;366.963963;364.755128;364.164173;366.558229;367.650958;365.115908;363.563630;361.237426;360.243001;366.118294;366.527046;366.395739;361.966643;362.116749;365.627691;364.106195;361.568463;362.335962;361.934997
1.2244546145230777,8.076622954951583,336.0293868677652,1.0454118836945767,4.788581017563816,1.179620;1.240780;1.168546;1.227943;1.194880;1.183546;1.201484;1.231343;1.189743;1.264183;1.271004;1.222200;1.162897;1.292723;1.281912;1.188311;1.235581;1.192938;1.212641;1.248563;1.214798;1.227551;1.239840;1.246682;1.211494;1.122987;1.223720;1.264744;1.207880;1.256816,8.108226;8.070995;8.449271;7.791374;8.064353;7.944845;8.162045;8.602871;7.852642;8.374239;8.331336;7.582635;8.046230;7.679767;8.256665;8.377796;8.063056;7.854522;7.715442;8.505851;7.770000;8.017331;8.135482;7.833925;8.269443;8.098351;8.497629;8.200142;8.368358;7.836793,335.502136;336.334366;335.510911;337.265883;333.836408;338.575515;328.725026;335.905078;335.578687;332.131785;338.820648;336.866944;334.241771;334.465243;336.069916;338.940963;335.852167;337.608604;337.279503;333.825633;334.846737;340.913246;333.915566;334.221725;334.270484;331.027963;338.901868;335.666201;337.739046;338.335966
1.1159354222621787,8.956345217274844,364.4357946903067,0.8765297516702273,2.426622713517366,1.156722;1.126495;1.132919;1.071436;1.178001;1.089893;1.066684;1.113657;1.106981;1.121315;1.104257;1.122793;1.095616;1.171872;1.097138;1.081157;1.121457;1.101883;1.087026;1.173052;1.078134;1.134094;1.170763;1.123783;1.138102;1.179720;1.072360;1.138739;1.150260;1.132114,9.472527;8.885966;8.925085;9.092577;9.147775;8.922015;9.095013;8.910217;8.654710;8.899426;8.989663;8.738185;8.441564;8.620856;8.652943;8.988676;9.066876;8.543538;9.138929;9.282626;8.853847;8.735072;9.234526;8.357062;9.238351;8.979670;9.033536;8.878600;9.788887;8.858593,363.758094;367.858130;367.084716;363.464179;363.798475;366.958124;364.974406;365.377311;367.240875;365.046559;360.280806;367.500686;359.186758;367.940625;364.148645;367.727341;366.751295;363.982486;370.135038;365.236596;362.594159;366.387441;365.594047;364.141979;361.907549;361.496556;366.486472;362.687245;360.907122;366.851571
0.21758753964265837,8.920739315255162,337.85436409397624,0.9165641469189726,2.0803445512399286,0.264193;0.216463;0.226531;0.265617;0.277446;0.255840;0.220240;0.282212;0.166642;0.225306;0.245082;0.265784;0.169360;0.267236;0.215543;0.229445;0.231341;0.232931;0.199587;0.245584;0.187471;0.173932;0.196479;0.194953;0.137618;0.192809;0.238949;0.231079;0.177769;0.185820,9.057492;8.919675;9.025957;8.437277;9.467227;9.257028;8.655547;9.049561;8.313539;8.878156;9.135219;8.705979;8.927718;8.266626;9.307086;8.295589;9.454266;9.302402;9.397665;9.408284;8.712755;9.249734;8.817241;8.479932;9.460249;9.098921;9.038258;9.232899;9.173030;8.543039,337.962217;338.466154;336.878504;340.384636;339.547049;339.284410;341.153680;341.518478;340.135320;341.706006;334.907943;337.033774;332.612450;335.075326;337.275235;338.072905;334.651021;339.171283;340.500536;345.137062;337.456453;341.886090;338.604731;339.552561;336.477702;337.476639;337.066600;338.837482;338.340520;336.791062
1.529150597145477,10.546915187074225,350.95915604865326,1.2961502298309622,4.653047368370235,1.548717;1.483415;1.478004;1.531461;1.534607;1.572259;1.550642;1.556585;1.568458;1.519512;1.514687;1.503392;1.526640;1.564891;1.563846;1.455512;1.553106;1.465204;1.517013;1.481082;1.571137;1.538309;1.482439;1.550117;1.501963;1.566721;1.554275;1.503381;1.558147;1.504662,11.168809;10.038183;10.292851;10.822174;10.921602;10.657198;10.769683;10.753353;10.681317;10.758203;10.882583;10.025872;10.491927;10.674514;10.636181;10.777976;10.398271;10.715728;10.714154;10.679833;10.453010;10.027223;10.979028;10.785404;10.909344;9.888519;10.270760;10.262716;10.874178;10.510209,349.201379;350.346662;349.197298;348.687617;353.099332;347.904697;352.067120;352.607562;350.634733;348.681613;352.643141;346.962499;345.939859;349.416179;349.610868;353.710997;356.116940;350.044629;351.173822;353.599565;350.824871;353.190398;350.675227;348.607437;351.114205;347.333048;354.406930;353.136810;346.678589;353.973750
1.571947752939518,11.137920084692823,361.91411931817476,1.2580113599790854,4.075781144350118,1.555631;1.499576;1.572798;1.526720;1.571713;1.561272;1.561831;1.566533;1.540457;1.621730;1.604262;1.640341;1.568393;1.576569;1.533656;1.593854;1.541929;1.542853;1.565429;1.653814;1.624062;1.545166;1.577368;1.586244;1.580307;1.663134;1.659162;1.605670;1.547131;1.564033,10.929596;11.191853;11.332212;11.132113;11.320657;10.828576;11.183847;10.490751;11.231667;10.933137;11.034592;10.563347;10.733677;11.046418;10.824515;11.284594;11.019309;10.548146;11.603309;11.092997;10.634681;10.172617;11.473297;11.117309;10.904999;11.080206;11.012107;11.857920;11.557463;10.858903,369.086417;360.888488;367.263148;356.782796;365.827831;360.292263;364.518857;359.214859;357.676068;364.235053;362.409637;358.881513;361.656652;366.224150;358.989953;363.547035;362.743573;363.256215;363.249584;354.802772;363.817865;363.871919;364.355431;365.741317;369.130585;358.851321;360.334730;361.007689;361.850907;360.821412
